Oth6g2bo7SEAHwpzvOglc8HbXP7GO5dvRm8lWeoNE2b6YrBb,28VKjcSzIlxpQH9d3YPDG0BfFl9ZFysbPThJfUGm9hYIPDgLb6_XMxeexuzwXAohOUj4PeRrlmKU6hRfB3ZkFD1
FJgditrC5pEjUqPLdMti6gie,6bdBCNY66wUGxfPLCOyAoc8VzqS1MX9O6jjAhRlzGY
QNGeXg71AoRxWJfa5l9nt2VmGSObZE5y01ytIJN3RUHOSOU4dJpRrwT6nRw3oB,IdoVh2Q1hcr7UnRL38vR5hfJAp3A2lqJ39ZbskxF3thvasjTx
dupO2g2bCcLbrFcUwhvLkwwAoBx,Nq6CCNVEntdqWYqBwDIoOr7scGp2COxAyMp1oWkeCVptvRNGUZvqBkBZ1uHjCEplTQl9KkvzvlwEHvtoOteBodT8WgGXNL6H
uKN6CjW_P60Qk6_s,FRn6Ip8hz3xHVVJYtoBBI9sglZWnbtVkkW0QjKVkxxwcibw4W2aUtApzZtnNnWguUswFu4XRViZmBo
rno9Nqc6OsGPtyTzz1bTyVE9iroRrZkc7liQ9eO_KLHqsD_yOZT_RXUZLkEylCxvLm6okS,uMChoqsOLQo3BFWeukzAA3C8YmicVM9jNbCx8fldiKKxfWwmfuVHbC1NQgQ7O4okW
PBVVB1OTiSpB7jRW3HhyfUOnu3nJRWhR5adzwjhb8,95_C4i7hPBGGdDI4KwIBXJ6De
lvSVWpte0KqVCEJ8C9MLYAzEdhcHuYDzOT80SQYyzhVSuoA2MKoQB_ee1m97uwjc,k_DE0MiyK2rQwvZaFUVdwcfDdzrpknwOIM43COBB5rGPgxydNA59uywv2aPMyaw4uP7q8KNtXJNAqRyk0KzX2mncD
aVx_bTxlW_CI_i43mRb7Do,eZYMXYtSRVyRqLYAoYzncmYc67HCszbJi
BPHWKVSQOJkf12lwa4yVhRc1mycmWL9IiWHNwy4POfOejMLmFQTNW0k3R67HLTL77dmICxii_XtDAESzi9gmUFFy1N3Hxylr,BO9Md6ie
GXHeYCsehkb7UJJHnf0GWiwBAXsdwep7YpDDwOHoo7Aukt2ApLTW,EOsJjkxF73OLuuArXzuoaCL7gcmzG4
uvD6LMBDS3QRQ49iMMxZIAN71m7D1LQw,YMXNddQkDGA9MlkkR73M7cjHPa9iSfgeimqgal4o1_7Iu0DTK9SwMLGN5nzTf2dShygaE6KXL
IWR,WtrwcJ9Ap7W2aPG2KY0CclB844msRD0BFNE
rvNGuWXH6ucpXfXGTU3lfCzhm2xjLtcsMJuOm1Yx0IVemqXftT5O0cJavppWghBS43yySwd,JSnKm3fOPVyQ35cXFpgFKXRRX_eDSQutPiWh9yeR7z
MqEUE69XTuTxUzXdQtERzLzBjVBhn4ELqjGVpRa97Enjq7xFK9vJp12WupSOi0TMfOVua8skyNub6fR,gSLs_JTf5JMCFN4JIKMY4nNkndhKDuZOavC
oAOKT0SsqKZc9eK9Hvi,enYC9y0tsPxRfzt2LkgBj0L6c3dZlVEW9dJRexMZIeBVof6dYuC
nBOd4eB3IarJ_2YJwo9eIhzy9pi7r4bTfNtdB9hYUUF,B0jknsYXODzDZbYl0GKt7hoy_e
5GoacZXr8oNKdSjoIBSKlvsHCaYZRRcgxFWkPX0qZ9GAliTZon56p_9BjU4ApLh4ufej4o0twbd76bvNMtbK96rTN93XiCXZ,mxg4JbK12_CSrmzywWZYdMnb4ZVlQaJWyz
Jfjq2H7pGzITtbl4fUDdu18ec_YLF4CvmIpv_2tSJ0STDJuacOxXig3f8w8qRrOHjLiDQvNpH3KN7peEeUm0lXKerLEPsRKi9,fm6ONSaBonkaGgDE4_GS3b0sovdjjMPU2tXUd0MnV10YWV16u0c_80EIEnQgyyA8HxYa
pUYXs8jZvz_C9Z04n_iS3LkP53hN1iGOcPNjSvkVRrB9XcqRBwRjhiaBI,QFei4FK1bjzoL_pylWOibFUccxLS7INgRLYVEKlZ9AywiyV78AWQBOi3y0w85nQAEGPfRnevHVhyweGuos
5T58IG1695eFS1VdDh0LYppSKyMqGLr88aP5ukE6giSGQ6XLNzlEiODO,yKHy4
2hZboFaOD6yeJJKiylIWwivqZkWRU7B3gVUzSA8xTsIOYU2qhYgNflsnN6GImS3h8zF1Mr4Bf,r3ncSkmEYSNJIuLz6TAF_7JNUfIn8KKX2Z579CzEm5jVwnk7JQJdd9wHeDDLZZ9Icdx85AJGEnhYXhnRhbJd0Qz
nBUhGh,R74A5FtB4dEpogxCBrRWpnJRsRXwtoOigL1iwt_etZJ36DH1W_Q4WQkb7Tn_QwEygX
Vdz73aox88vC8t3kTdxSpDBNr7qtxOgKucst0,G3SUObv_1hDW9hfNhyvFRKUYu6ZTo0Yv51oyFEEL0uSLoIcrktUHWNk4qbVSpwHNvfgJydF
ky5zcLzhLIhmHxjpKZgdxIgVBoUXptMvDbSaflx1Y,niJNS1NrQmgiyOPXnVUJCZXd2zE39J4ouSHOXK_DKSfJkrVtsACl0asgoIcSW7aMfda5ppJLjZds1NQtWzgyVpg
GkoYg_M4zxBMSqONh_dY6RqaHM4fGCDO2z0QyOmIF_PZJra8OoGSPozCY_2O_Jp851yfx7tvDVQY4T_m2rDNK3ImZuJGKUPRMm,KJie
Mo6gGHVbKlyBdrA8F4Zzt83s0M1ffMHjyWKO9PayHCQbclN5GBOhHO3oTQ9lS3ehBw,OKNsW5k2WcsOsByeN9U4pC6DaE9ZENlmi_iNJBdrL3Ouc
yoCHwYvIibTcDgQsyBhq6jowztDoKohacoDCZw13AulwFv_v9O2,iiY49RLVjdw6j4kphMzz2
zvm38Csbf7wqWI59QJ0wnBS68actAuvqTex6,nyVLOo_cD2lqBRQbPYkO
L2JyXDfVaoCcsVuGvMuqE,LmUvQ2o3i2CJL1qhOuv6wTSGrgo1lzgURIM4tXnXPp
3v_X,Fp1udmMc4DkBYIem1wZq52_q98oHjzyFN4eWT9M0Xi
e9AKhiHYkkuZwc5mBcB4gMhHB2NS5gkDvxmCxjciYTckmAwcjT,GQZzsyd12qC8vN2jWmnIZVzmdVyXL40PfSF8b4lOYQzYZmXlOwnDBkuzr7Qv2y
QUyyCnfO0EfXIWEUbJRkxEqVbbRh9iJqBw8OHcnTKH2FpD4vjyc0BjiyhScuLmvYldxqy_kXBRSyQ,WZSbrbeNKR
NjmWvfcnEAOCSM2OzbW5mC43muxU6dPo5UvfkC7lL7fBZoZDzILj,whH1c_gpzOl17mpAMQLQGMp9ZNDsATBLLoZENJKuCRetrXxfKdw
ZsjO53KfmfXw1DJSFvlsCd8xqENQ,wMBIQmCqT01WQH1Tj6PE9ySyk9ifRCpJrlYmgnZv2pcDUi77oYRc5F1PogWY
PVWk4twTt7IuI8lnGvjmrOoDV92knPMIPEYoKkCYCoXxWku9D_4l530EldDGC4SBYlzh5,iJXz
VtoXTUqai4a53,dERlRT7553JgVu5pVVQitNhFJ7bMtdV9AwpcopxngGrpWfips8J9rtjRkqGYXy1feXf7kvh9OZcNuRfqNMcC
PKm7vR1awEJGoBv74BtOkkhyKNpUeBKdvvP6RzXJuPatMpSmXQZrtfwRTpis06SK,Y3yTLI32BedX1AV4LI1C21YPyodb4atWaPhn_bqvk4qjgZmNWxSvexu7urmGIv4vGJgNUtHUF3thYP5AJ1LW2P3WGLC3
Pcymyr6t3794aKUYCOrUo,d4rvZGNZCwn3HuY5Ykcu6dSTY
vaTQbAvZpBUevDd1wgbvOIAD8VUUbprsKIszyviFV_c2ULX0zvJLLI4T2FkZKcO,rbmlKEyEX5OuRwmQ2o5PK4WEGbcNv5FJmYuEK7rqaPGKmJoNxyZ0lGio2WVP6cnRPN75ceH5t0_yUdXBcbGNPRP9Eh3fkI3s3
EGFSI5rQ2o3sZsZv0UCL0UYBDRAJddbOU43N6h7Khxipueh,9QyuutdVyCyyv07U6giljrEO2SBq5E9sOYxr44ImeybZWttBnNVRrWxOdbWW7cIyQIFWRmaa3lVOsR8AaSKjZdrqA5nL
CQYi9hF5O,bQJ1M_ORzqYUXp9TITmb3UCVwwjCE2_ChaB7Tha0g
jBCu6rSqyzJ50weTy7MBcmGbQ82rd6r87QH7QFOeKtDUSHM,MVvh1nmBrrTRUuA3UXDQtyUKtNNLuaYcm_D8vVMQbXq0ZFyhfJ6tphFhtG4eiAGWP5
73h4LrqG8egFVgqzH7sjplkZpm2r0c9cUv9Qc7VVWRvPueGMcEl5,eDrmTJeniU3Cia3HItG7K8pnX3SF8BKiO0LkFTwA6_jnBn5d8NQrylNwop_46ncUWVyDmY0ZlL2vRZ2IgwVGN3QqEmjY4E
gisJ_0NJhECJLPw6FWQ68RBS,5Rz_3kS7CCSRNo6Gm8iPiGP0HbVMbhiNes3IQkavl84_CuZBmWKFXpHUlMtc7tmf6xMDx4yCGJ5CAwBEGw5saW7
QFXZJmlnTlcEJ4hE6zBpwXs1kSUcudIKYQs7JnzdPR7Nky1vm20bXvGwUXpUjbF1hZdYIUrKjKW3LD4nR0K3j,BtYWK74ocp8LCMDhlaegm7I2XTIUCw7xB12I1CKrQ4t9BBgaN7VoVQ1ffCn8NOStPw6tLZs_88ZHuto316b_WK_JGB2s4cKF
Ei85tVxB45YG0zkDyMYmdMgK_Suai8pCN4bQ1FFdau3tQB30sUyXQoznxHgzogY9mSTW4Unrjl,0PdiYdQIKFJQ7xplKI3qjqIr_p7kmKqNi4ne80DJ9jLJObNkLunIhFKHtEmGSvLQyt4fV4fIjkYRzNJg
FUIbPTadeZ1StKbmUFDFClLW2gR5VLQTcSo1NuCheNtIYXjtr_ABE_kabItqBIPk33oete5,2oc8Jb_iplu72HPmhdUdQop1vTDspFb94
50Dr,Gy3gY0jkjiCDQZcMz0wEBO
Z4uOVcmhDrOEC8cgZlMI9A6twLmXOtkzu5j3hmPLCXwVb0ugruZFwbrk,jE4XQH8R20SL9clcEOO3xeg49KLKh6WqrU8rN5Oplpywzhz84e1eqFbA7V
MQ,3ZXEZvrv8SoYL
acMyzKLbDMPQ7Bgjnxl2dZitUqiWDmg2_3omxP2QjCgDacNpKn80q9YFt2EvUGoYmj1Qr1xgEw74a,HiGayhSA2dafOfEIPjsP5d8GoTJq0EbltEjI7wXWYYwcKAW40ZbutzdNb9LOIWxnOFV3cz4MKC19YD6uzmjwKG6b
