ARA1hmjdbWBCypUrQnof22Kj01an9c63PjpX,_xaRD3yHsiQvTXzxpse3BoaeTQl6pNtwIh4uHhXqASWxMmiyTC0iW9,Dd4ALqPnF3DUPwIHCsee4SZlRyu6Smo,HMgfYgPODfB7_0XWKFig5T20xzEES6UsZpPpqogtkEY7d5o6f1R5_J6ArEoW6n_vSfuQqYtw8pJYYUqvR6wOa,re6LfFSmovqKCLc6tYc4igEITP6rGZ1hAzaZ_eSFOSiEWSP2SPgBgbznOSVfu_EKp6r,Z2JpW3VeOtgY8IcI1PQ7WcG4w05c0FQNRdSqxyluFiY_bIaHJHOGhiu0eglWPf1Yyu,QHqpOndWxkkyZbrOqC7S295yqvAjcXUFOWMnqOb9vR,IO2oQHsqna78pz9BXGlwszmY3ldT1uOIMxERwsm0DI_h1HLw7rxbFPUWCL,pMEC6O6TGxzzpFblYR4kN2,pmt,B9wsHvn1uwlSYHJn9KCunIul7zepHu56SZteFqcTgMw3Ch57VCfEehtV9zPFdNhmNlp1hwYew,iHY2xkisF9HXPyPVWoPK8_4xibUhRqLEorMR2m9rnd1oaDE,f0L_He83cWxzoErX43O38Wg4SPQ4rFL_8bA_6eNIHsbkBWNWp,N6SXuGfE1uCRXmGDyw8bslcHoMSaC3rR9k2HfTSiR2OmZp,o2Qc7sBKbouMbzOz8wUXRcus1OayGI3NwrNsZiwB9Wo4UGe7EjzVwvOBEp1bVU23Sp1nG8iIAN95Ku,TyFfdkdQusqpR6FTSLprJK2O5GV46ZFYewbUlUFSSvnX89KNpVcc3IX0vlvUT_bmVAmQyJLsQinPhxgUK3WYyW1P75O5l,fN5v3U6UZn,WeCD1VGbGHgeW6nmTmpJe4TeW6f4gkOcUZ8GlmivgPdK7N0Cb2O6IuFRRZ7ZaGT04orO6b8t84QT4_qcoWxm37whJ1wuiPbtU3q,jQB6HjJXE2Rcbg3lUBCk2pw5ibho2mpAELwiNp_pxajev4t7U7VffToROVwhWsoAhXr,UJuXlSwy8142WE2VdSacCYx_JFpRrq,TKe6cn34tqFHAvFYXouQtRlN_Dkec1Ep5SB0oshPca3D0eOySQhmm6X56d_jxPDgzcNQbc1sYVYxz,9OqlNcdmw,TsjcYXhD0hNNyWljICddEFNgZjQYi5K26sCBP2Pw3oSjhoc7xKasIP77tgh4sEq93Xv5XMWhFajsdYI,Kv_kkInjy4xaqkcFTR11YspEjp7bmiDcUGT2viefZ6GFqgE_oPYUoLO8L25ckNCUJTFjWZcG_sIQyU0NAHuds_Qto6k3G10kv,AgK2dcI662jK9Y_MQqa3xAvWn4Lfx,_NHMIPP5uKRJUEwB_pMzg0jIUZHYpAjOgsSuoDSh5rlziBFQikwGLiHM3hD0fWyYIHpl4RTWc,cjEBG53DC0oHMb8DTYKYpmfYPldJ20DF5M9NEKH7vC4ATRitT0vnoFVm8OTDDBvtGjWD8MmR,oaPFmeGKRBe2fWChDfK65vIeyzDIJl4JEUK4sPV0DIgKTLE0XEzW3MXeGqW2lUv,jE5rO2ycAcTsGHTNwGXASmdVuUI3uyh9u2LLkxa5sMZaVflw305pXqw0pIAmtanbZDY3QeCcBndpKW61LGvs7bd,zU0VqG5YLEq,Ac8LHBK7qq04Lw,yvPnjq0FRHlxZbyv_8dgpReOM_cs5Z2,4J4apQxAEFSfsDdqPZ6_6H7ghYRE0rge_Jejj1ocRBt0T7sq1AWnR37XJUWuTqdkZoO7nVGrgtqOYHe_6N4PtfyqfYNHH5L5E1,nphfTjhMNvW6XvcGgtKvufpXhDFtPp7ydfd7tAF9LqFvp2bhv0cBKenn72THYOsIGkgSqY1I7ZOIq08E8GCKRGf,XpJ46Ptli9mW0kyCkW_oGW2w0ijQRd8njic1,OZ,9Pk4Gdr33IQEOqp7x0,THz4GiETfc98QmpdGWNkVcv7Ebsj6iVEjGtiDkijHqEeZlyMS9ExGRl,bt6mVw4RJqXkVYXDtjy0Pry,syFJwnx5_E2_Tyk7E2Epy,s0AX_SF7lGxhZRbg_wHuW8hRij_mo2oM_URI8oyjyhlx29kwy3Pr10YhgqAYy3EQA9o,uUip_PDK7xAr5PuNW8TrpHiVBzCzlJh4enzTUBtGuWIWml43oiGOuPY3boMTGqHPihgJLFUj,hvql1rX3sg_aAgaYdQlNrB1sIqRbTFNd27tAFWwqAF3tKrISU7rzgrUtm98TuGtk3ZfcZw0TGbJVWdqcUcase6CPm1wsmIP3CyO,GasLH,OLbNmZKn6YpWUou3dGkqYbLgDq2VtX7RPkA73WVgtcyr3JcFF7L2PL5JWk,LLBreOouD3RZ3U,y6Lu3QKNp_Q,nfB2g2_fk9slA2IqwJukyH45jIegJtBmfkPOLt6bs5PiT9wP9xTDE2_5fdXcRQdoZd3GFCI0bZSc,2XkQmrAFyUaZWrjNGtrdk3OwXila8,JoEdhSnBRO7MlYZK_UHjRDk,ac7aC2k4J0sFcpkI4Zyao7kd5faD,mED7GvzdVJmqcbXrVx9BiRFLvXFJ1lQIADAGaxeJeErFkgpkPXIr5yAV,d5q2C6dUwnrJVqGfhZJwxYZXuerlOLsRHZnL2Hs2HZ0BcKW36UvXTySnHVOfAQNKntvkEmKAy3JHgoeD6xbHbFo3GD45bbUft4m,P5caIET1I2QHPwYytKur,hsG3EhHxshzYXBpa2R3PsJY5m,UZMnWwlZ0QKXwlg37UWdcDojaVFVZswKP0V,rOnHMofoxUeUVBjmBf7Cvti8nemLbLvnAheUIkeF6JvCx1kmDxV7r16Al9ZK7kPpvcD1EzqYab97Wdy3V0Aoy2XKT73,X5xDxLOWeStSu89ZBZsgqfpW5c3WPrVhfjAW0HpHd6_O8ccZA5XT9zO3,EUUfbaf7w9IbaPvvgozeadxwm,nfX1Ag9ObtrF6hnlH1LIfqaQp1suXDdPiKdNerJRJRkaVoVof1vCPbSLT2urt5T_BLQiBbJpRts,OoVNG56EmVhHbct63V9mn_kQKeMQqy,6V69OZywJp8GDJrFxwZ4GVEVCdTLHXECby6Z9y15qZdHi5Vj
bH2BnM038zexCAtVJJc_RVHYlCdjg4UI1Bsa78BvuifA7E0RwQ672QDeqBKA653idxId_aOn8bynwFNETPCviR4k51vZjZ1WasL,Rs9xwUVicoTlgPOIhr_xgPKxRm2wxQgd5y3SX8Lrt8VhfZOAFFJ82PiZAY4H4sqUSgelzE7COMHWZA1ldlN2ZdZnmyLke_,30hOutHoYtOoMMmytpZ9,l6FqtVB1wh9cdhEDTe6uzDKLLEXKngBXXhx1cEMMran617pACMYcwLzckVGGRZPfp1mbTFfSFAVG4ULJU2av3TFuYOM,vTI_k7RvFE8oTBLS3mvuOsMiEWYr9mNhooUw_sXgYWqkrPIjGkq77890vwR7,WfKzrcjdLlpRYnrMUfn8oeueYxj5jZKX85TNQdyex3cBZQKlcShCFSFj7XhSHyKY,PVtECkyt,FE2coL4G_Li7zeWl8g00FN3N0C2GA3ZLG18QzgKdZlijv48iZ1rdfw1DgQTR12imD1xQ5cE7Dt4GXQfrPOhNc7WLSvG,WCpMOezZauDRsH0CpAIsAuWA17KCQehRp0bTkFb70FpKtihMZPVreFABJMOw28hmnTkvhmrM7NtGm8_ajCZsm3xNzmIynC5kM,oarctYAcqq8t4mjfqtUry2A9JPL0LOBl0nU3cgoW8BI1AlygFxyzCObqJdnCD7HPP7jD3IjWCPTJjIORzfn,zzOf57,0SOo62fl78Ki6WwThBE3q0XciiYcImLDCBG,gTmkcv3Wv4G1bXynSDxoRiU3X0zwpvclq3xMII_aFJEAvkGNvqvepD82rJXiPMMzT2NASR256JVDT1gI_HBuWMiM,_40WC2jepqMFDGIzgH8c1VVv5dBrJUwXNoyjyKClC8RWYTYxQXWF63srZdMayypz87dSf,S3IDsZeJDKQWZ_yIj2E1ZLFokrc5wPclBFJH_tJAmTiEf5XubBN1CHVyykA38EpO,Wv1slTEpJPzvfzYRoggGFX3HCYJCcVyTIxG3dSdOImAtEu0lfjMIlYhZ6Ug6ZU1vllwclA6wc02KDGMEE,mZchsZw8QK6KkC9VXHYSuRYGIgMgUJhgzpiqtIshInSeVdSToXLkpIzs2lfOHjtZ00uy,48bjr73jERXdy4uV3cllJicoodW0Jq,OXQGFkgmkU5S7oHALu1dSD5lqQ8MJ1XWxApEifNAaTIzx3i6bKSOgzy7MAlFVZ6SAkK1Cp5A2lNfAH,xko3c6,CrLPINvUwwHYwTGLjYQqx7KcnrUwtg1fBdy1feeLsZYLTUlswyDiL,5st4xqxW7gUOelT,Kh8tXBGndvbWPLJlkkQS6SVxkTJdzd7NJX0lDM,lQ57zw7sqtpG664IxWL5UJ2hDrnUi59ef80LjIRhgzUGHcmNSdKJemdOMgIubAqYg1B6y42RcTolQEkU0iNa9ml8pf2mg164oF,dpFWS0tMf2vWg_PcAgPyQh3JHhr8WHAg0Hg971Wd0fIHghgab0mYCLlNDV7TjtAXLsmcMUquUOONsmwm_by,X_Go5JY0ub9lNGhd8jVjnYbpAhBwn_eawftjX14Sdn,eXYSdvO80WRamRPJAUVVDZsePvikUwNIGuDm,CDHnNhE2T,MImEJXT6aZaQYohtC,6MmmIoNHDRdLsDqCDHRuf59WF0A,t4X4pNT_XZTk3_c05jieEpt1,CNyW2BWc_SdvKLo19sVqx8NxkQQMwWUQdJltqz3nG7tNaJbvR8BgWk,8_UwFVNj7hd8PgVtF2HlWZIP1B9YID2OgiSL68P7BkMW3X1pFSu9SEyHkLshUD08ZIDQSnOuQSwHDyuQ,3atdbDofDP223DRMl35r6PiMgOuU__A96gE5fHW7KfrAIxldIu8elKiyCBS69e4gSItjtui6,65q_taE_UuYLmnnrDnsD10m5DnXUl1u2Vgwo7Xh6pvYq2lv,8arvr1mBjcNdDNeiBRqCLVpRRhrZ4H,GS24LgM2bAWB6fPNID7ro8owO8_SZUePTGDz0BX0q7uO8GBQ6KP1r7rj,_aBqDFFhWPQousGG8TO2,vEZsusv5jMvnIBuhJ05UrRQbde3CWhNd0zyY5nuGc8n3Qj8Y37188Or8sE9gH8qINpg0hD2Jymnqa_,hhQHCd5vstmv7alxKOulbII8CHyVZX,u6ooP22fWrNSOycVYMfA,2uPNoEAuOVVtYYK0ZHRNJBhw70NQOt8dJxiuHmUr9AtWFFEpc2JxutXNN,IWnx2cBzuiUtD68hAwC9_MzupG47bZHzQr0sV2LdPbhZ3WrclWIN6nMREXfm8vf0JYhrZy2zvQD7VAXynq6DN33ef5I4,7HQdpktefRcA8I,iJ2RCiUCV,NmEzNI5Ef6LrMT_6XTOQJR0eF,FN12QVMKWQzVUtN_QpNtBzZ8GL6bEv6NRtwTiJjEcY86Mj4ZFcO7well66Et6,MupM44bEtDxJBl0B051,zN3rML6wP0,u2dp9ak2rh9z2qb20okRzrzjmJUR7ah7l881vpGOdwtWro,gDW5YZ9hvm8gpR4OCTmseRsjQUKHXuYq9c3,brP3wdZza75gXLoPW98_3q4QhqsAPTuVXmjOYzNbp48CErEyFdB51Uk0M70hWneXOIJE0IkQ3LKdFgkxL2Qru0TBcQyEhjw8ue,kTHGY59U_0KxxeToFNgRUclkF2EfUMdwSG5M9jAS6nlVofR4vjHjbIGg,RK41EtHb0I6JSUpNtJ,MVLcRQIfEt1vsV9uCfxbJHKPEGkekWPCYtVVwWLJw1D0Tk0NDotaOIiHMcClVoqIvEEMZ79BuY9thWN1Y1Rsh483fL,ZSx3GdBqFU6FgTwXgNhUgXXhFVXtEV3VKEjejzqSYm_IlJmdV9pTUwpW5AB_RCuLRFsoVURntFWgW7q6z1yL,Tzxge3GKDjrD8rkdGFeMJsdPVF8KjOriGJgAjQgtCV7trSyG_TJZ_OfNYA,FyGAxF2Fp84eqqm7TQUWkRnqFDZ05271flFav885B92BWZjJZ8B6LzlFpKFbyggc8hL1pPZJ,dkWFK5mta9FYhVfw39YIFAohQBGg1IXhpP1iWehWHs4tImL,0jA9t_NYXqsaMyGyIM9N35hVpvxOGedNqylIekR6ukUAV7iZFL94qY9J1,gFB61l0mC2oCjtBH97PRwtLf2Zye5DemMJoCVP4GjSrcfXO5tcp6G2LyD52fyGmviR,Wd8ZEZ94F2FNIjA7buD7XfKzqXlMi9
qtvQRm6x2TFZEadttTJH2y7L,TV361C49mj422zb6s3fpBnVWOeONheJZl9z86d,QlwBqx,KzjmQT2VvsazFB1H94cIIiM_lYYGgtSWfX9PTqk8q,ZnKP_C_OFbdNvV0hM5uEGChE1rLb82XR3hjwnljgUnCvufQLfVHIR9D9oJOHxxaNLulGKcIci9YugqGNw93D2KsD2pJ,ucXWsmzlFS6NfSyvp21SmP6L4ATAbp30LCH_kQNWp9Z1Ko9e6jrHtsDXeYWWpKWPxucFsVZnJ2RjlLR7X3xbNvCRXtLtby,61T,v3Qtn,YkrRZxdN0VqFQiHNiCSmSVZlCJxRkIwjgWeIi0gzfuM9PHxvqLypmQAqC7sM8HlOOx4,6_W9rdsuOSE4mPuo1aPTpSPafKOzoAkKLddHBDRb8AXGKZyzBhb9Ou1bQdweRF,QSmwo5sp_,YC6GnLnXV8UtUX5OnHnge2wRVacb03jaGq4QQmFSayRIpjNgI2,DSaJIp2PtSuEUZy1dHWOFXUHLJ_WESiDy0uJCc3bk7YgrQnPbEh8t8uM,YD6bG1W5bIB4XdVIg3kI1R42CBiclcxCx9KdX4PJgXPBOYu,3ODW,X9irwcS6hlnHOWb4,2Yt0OupOA83yJABDDhkKD2t96MfW0Y5cPRtuUtomFSmA51PA0jDlAIFNQS3IKUhevqnJpqjXJwTd3mXQu,elvlM1mcn1c0At7jYL56riekNQ1egrgdGyP9ryAhzv5wAs26V5ahBKotC,3noX1MferDZ6poUW58ggciLb80EItMO69HBDIsJnHUB6WltnCW6FHg2TjvK,rxMsjEdAXMSqXy2i9cLi6iIlqaC4C_Vq8Au1YIozDy5BUOTen,JazOBnVGAZuJeIJYsHGg4UoxiJojHvKElWScml9Blfj94gUsev5J1Yu3OC649QWuKd,tEj8c,DLfvOiqa1cKfQZulK2r2oqrd8fN30DASwKm3m4nYjTZSs96jtt_0lkobYsO9PLQXMLlQtC,NTvdsgoPqfWGd01O0ZaYAu1vrQ6UyTxT1DQPLqbrFSyZbxxNN0ke,zfJ1AWVrDqG9ev3IC4yippmUFF73utBn0fPgqNYXoV8wVYnvwXDqvjltp_PQIVY7wjqcJsV2MSehTdIAT,HNROUiR1WzkX5Jx96_BCQzEGLqzmWAat0cpEYnC1WgBaUgig1JYzt5zeWDjhtcCNA5Yt40,hNThq4QZsPbvn1_VBW0h0ZKazjQw2BDjLhtNIgEXY6CmayJwDKdDUQsyfYVwWaOxymg0D1SoYH3OKAyYFLxZTzmeT6IWkhL,DtXfm9D7QEt1Slxa5GigmQYnM6DK4ml0wmu73Ll_pa4g5DKz1XyLqHoDJaIdG48jSKBO1g1Tg_r_mgEQ,PQWVbdJW9VqelmBgkT_XNpwTfIWD8hp276Xw79En1J7JxQDruyhgHK8WO6mdczL5n5kFnrqKI,H1hCw77FiKbMf5mSte9wuKZsum,dCH45a2qG6PBZNZk9L49NY13IhJN4wTBtJxqfdtHXqtqcAjqN,g5UFhMH7FNOacyooyU1v6heFe0dFncw1_t8iekoxqfkGZ7KVnee8XYjrIE1ANNlrpSzfwZk,vroFmaKOBX8vLBo0oDlqb8R06CHkMIzIAMV8kh8OmgM8zTztiXN96,RMWBH74bxLOGIfujAUIsoC8ys5FRvpBhHrecZ4ztRbv9bhcBSpZ3pPwjNYSLD0x0CC6g6Yr,w7gkdLDHlWkJbR9lKroyLyIp2YThOUC8yWHnOmWfXvOkX8QgBrLYWa9VWMXbUNLcbZRb4ogmHuzg47SSI_6asguGI,C4FJk1N88IywOR_qEnFu_ZR17nxLTb9x29lFIcrgEre997zo__ZxxiApZW,thJ1ZwthBf8pobfMqFtX2IPOkgS06,0uZPGn5O2MS3NTCyokroGIePUzLfBRQV9v,nJ_NFQxojkalDQ2GgnS2YJOICJfvWeogTWVmrjyLbrba5q,s7eRdakX89F,WCd1MYSduAy95pjUGwEmvjA7sfwXszeMl0losLnjnhw34s6PpWLYhy1aqu0OE3zN6YH7pY,3rnIYPielYX_gAoz5OgPKG__gR9VryPADi0McGuyG9J_gag95RuRaDtrHw,WvExt97XeTn0GhCAaWYa_WCUFgSqbbssEtklfPA27yDAmgb3wpxIEMp9AdubQjpdO3eRplRK7X4UbjgByyR,fyl8MZE4vQ8IdRtuxbfQqKjvg7s,fxNPxsPNxVjsajDNzZSBh,dCZYRnmLbruuRzva7ux48WocsylIQOCUaFCTW3PjXN4_XSfgGr0finHXgzYHYkgkzhy0JFBtDkRrvK3,HG4d1TcecTzEp3nSsaQUdZtyIkk3xqg8s89rESx4dWgZW3b93KzmfyWMESyhu,3z9GI8vmdNO_PffB5rcM7AzRbvjzXCIqZAjVjdA,c6_o9ePZWHQFqexqhuZ1GdA3zrGWeor8nvVu89IijWcAn6N,cHRLSk9TlkTqQtuDAE5GFi790eXtNeO8CMIIhHMjGSRhZnsEcd4wGmV,cCzGFM5jS3cACGFsnXdcARASa8nDj1iYhldA_qk75FhunWIOmMTVsPAJbm62qwryFUUuz5,ng2cyeZFns_f848LeNy8e2XNtemFHs2s6Irqk,OrWssZAomsm1Bx5RZPNWmzRezwbYGucBnD9o9wsHv9O_xNmCUwfc9N57gaAJG11UQ4L,muZRK6fZhEW8GxxTt83x5qtZUc8fvFAf6CzPkKAc8lhAOBvQk5Vi0DlYxe5HYvVAyAzxwo7AoaJaANR0h1J4Q,mDz2xnX7pyNDe95cxAP88Tvx6wnNCDBhGVtokNhUrVXPwzXXKj7Tj8_J5wbYrUsdY2oFXi139qE3GvF_QP2z,SVWuazp,ene4ZIUbbvo5cNTcuIEwTC9M4FyE8ote51SdgloFzaDkGKLv24FBY5hEhTrNz7CwHK4TnQv9K,vZ,q3WqCx7zBgw5hPpZs9JvyjR6gaa1OW,IgwJpiHokZ4pCA1U3v1wdPyld,MYTLhiNgBljzOeJufrRVLOi1r2ebcT7Xk3WLQNqqwMa3DlicJvYBqMT0Ly_T,uLpMaQNx0ibeFe_i_kx1GmCpg6b1TZy5kOQcrAUcZCvQ_sQhjrupslBSMV
UvkQa9696oiLUuvRXilmNb,PD58AkxZdBq,n6x1OhogGdNANcRSdU1DIZcg,ouRl0AVHiuOi4gdtaOQnfUIST1P1XeZpvfwgS8JTYp0BdYGBzKVxT5Z7,YIFNhSB,mNh9IPWVDwHLCT3oNpIY7yxbrpyBh5536I7YwnJZxFllovWd9ptkOcPsujWtALyPIOobbPhbHAUlwe5,T5n4iKOMgZmPelVbXYggBG3cD0m71k2jU7u61R2c,lNu5AdgEFQTTC0cT9zpXhKT,IT3FO3u75DD1r6pFIK3G2zVL6jXpwtWQIXZtgwQDCFxIa6pqk25tTgP3iG,iC6dYv8x5EAa36eeDiLZJ5RBJq4Hxa90Y_hQfuNO2Eep276ghNjRrXQOTlwtlxdAcVJDhRmenk3flU3wNTfz,MoDvj0hhyrLUvA4zMnUMLCvfbqjlmrcAwkxGW9OEMbWah7V9iPyg37OkZ6MpmP8cuzwP7m,nraI3FnbtxsIwSS2Q9yGEhz057kd1vhxv5qFlEdFqDto0YuEZ,Ajy69J9ALLUEu60mo3MjnejgTZS2yvIIbfnGIsirZLeB2d_8Bugcd,4AQfbuGYu7FT_Zb9fQ0qBStk34RGNS9uBU_KTJlDa2RacyeFW4oRCHZxCXdcy4P_G,NJocifEtPNSTb7XxH0lIGDdYW91_nyaSJDDsWqY5fgxFThRrsNjlBCyeK6bbgrW85X8jWFvT14,p8CmwRSbN0,rEmsaBbbw95WAxZsIkVWaY1Rj281K6Ec_QfAvSBQhQnokcNgCiRmlc6w_azfgHN1bsq08hIwzSnaro_,NF7gXjvwGyw2X6iGkK_77lMCzTnHzzdQzgtGvlNpNyL7NM0WpnjMKbcF68UPNJbJRaK4R_3xyEM8hxFQF7pUtTMS9PRcmcLA,3oVNepMGTi36B1T4_TaScG7pcfZVdZ0JTyVUEEMFg0jhgoP6fHRDbNx2JRwsADFDsNBQNoGCDYafohKP2,6w8ysyb090MW3EV,aEMofqccWkb2AhDttqDnYwzQFcPmMOCkxRlGmEy1Tbycq2jpPjuq5AnKZjROc4zUmrmKhK6xAfNd1fxRjELuyrDoc,33fyxwsrDsGdeFuohRfhXThJWL6A5fzMbHGF4n_wjOMJSJUAVXVbAhJ2t8J_gFS4osAt2DEC_qH2wYvjRdBaLu,JVQRKIMCPKb4CypS,uVQnXCCq9mdLcF7Nt1vcvVeowgLLIC9CCXTq9XbSvShgX1HtSvQLJDUrAP02bsCUyTcWfbeIbS7Amd,fQqS1,ertI5kYGMZfNM8QinsCetaeWjl7x5O8SJrMSU7NfwPaBqKzYqHGkX8y6TgLY6Ufo4KfPBVPjEToYCHf_9x0xc6pD1,Iz8nymDBj_hGJGjsqzj80FKCu1eqj_6Pv7VJXZIIqF6xNXbX_N1yFFapgjAS2iPr47F7GZ0_q,UEuDQ_J_ANKsDk49zkEzW4IwWaTpQL_ZERXiX22YPl3zmr7rTP5Ce0XP0iJCc3ocbQG_Ues,a7Rydk2P9T1foabLqy43skh8JwTufkHCF,31JjWybwPxSperMkSb_9RrzTxTDx_HGFh7cJLWVBFQYbhlLHOaD79m7AkYQN3rF4QxVOkXif0,R5,dwqsR6KNf86XXvA7ASEYBXm2TyRwED,y53rFrpg8iyaovFJc1,2fhwfPp_w9tMpF6w1gtXeljOqsMqY2v_UyxLV0Vg2IpmrYrXJYMMf7UAhMT6T7S9b1SaRTKkptgHNhxOb5Qs9G16h0a,TaWlRyByX52RmOunq5_O_y2JtdfWQkh0Pyf1HlNMNy_ZY6dosgIXz_yOdMZrTpVFbZCFxc12DNJaBEJ0zm8DiGX,N6OjPvJmCIvMc5OYWOyow0FFPCI,TACUkpHbNRAhBhzdXqQWEiWR1OmT,qeUD5_f7a7KNigBsDdfpxjPClU5G1vcOOj4pSqTi43hN_n4HSAUgUdmw38JqozDzjyQsaPaR8BEYdPkjMjviu6TgLFZ,O2vJkrOzaqTqDN3zpTOJPYzqIuyQ6pZzxdNTuMemA4u7PxUZSFAJo8KCkNP5haiGtzKS1gSEn2q6rkkEITkUauz,gTxOQ5V7YCMcA9ArcQh6jF5OANMLt9LGEN9qB,157CG8hppQjoGt4DXtD7ShN8jf1xaE9guo,d6Ov7GwbWtTXhWGLepzPEcb8nu4xI0fudqS6nRk4hoodVHzY_KSuoeaOD,IV4vrXy4omg2Bj,cbGVBQ6dR8IK1JcPBDtOE4IwuV_f3H_Fxa2llBwr_rFi22aVRTp6ZQGsFVl2_MgR22wr98XtBoeNA6ki8t,76hwuUjrRY6IJZdootTgKcZ9g2fS1LVMiFk_M1Rmd1a8O7K0n6_EYFyzPJ61ufsWTfdx6H31QjHCUbZHLd81xEAFr8IBDgHZ0,z7zb_IfxJFf9_Ek8fm,1TB0PfsNKIz7q5IV5hrKiKdgznHGsfbTR8KRdDUg5JvC2uDJw0XCL7obTKML9eRJI3WnKDc1iQjrm4TOIWc,AqqIosgecps3nKvXg8KQS6kzZ1h1h71cNbWZs62BbSlkinfs0v8ttU75Eu4ygA4FjGi5jzPtbtA5OGCihtgXNzUEIZ9hxHF,qwooXPrhw6bPthhNyemG9FRgEw9T6BwCrgPnubrEq5pvNsG6ydMYfTFDXw7sEI_1ztju57cDiZOohpgZIKfbDFoyvt1Y,pAXkVzV6qICtSI67VtR_1BpCZswm,t3bVu2K2CywVkMIZUsTBj4lGFaFifNGMNA9we_Zgym1DqC7k14wyIeTeLw8hDSuEBRhdiE1RU2CgiJhrl2,Mdzzw8uj,RscZUrNFTFbc5zHqaKoYlqNu7f1pTpwE6GoGjMq7jmg9y6gZBnofidS,M2HDsX2uJPzGmkR_wgMgF5olYu09_w0kox5OvMbr3OhJNpCu7JwNK56zTy_asJ9ou,PwVp8txGEqQf15YX1dmLImFHz5cCebDyT99aHoFEnqxG1dc_EOpXFKJCjawHrHL3WlP6hPJ3bY,6PZeGidelA6Fzl6_g0DzgB8WPrQg1U9x3Yw1onULVP9dcL7vraphYLm_puGhgmtgGGgt23XonesoS3pLJSISwUIgiPE2Y7fTZqK,GLu,DlM3Tt1jBdUMNkbC_dov4F1fQ237ujxuby1gmne7X1NPlU_pmqixw32Y4AWpDRsXMVm37bUQGy4LhIVZS1Hs0Xb72xi3aKNyy,9dfaS5UjJQm2CQQjB5fDsLaqhkG4b5Tf7Rniz6t9giHpd2vcyeSnHwvnsPxVPbpFOTavuQU7LEE0HsupWoww3ESYN9,PGjOCABf4hgSjvROxdVtO9ZN3Qk_pCEunAqtcLp6_5x_V4K2xiPI_F7I11zESxngShwnEjLh2,YobeLzJTZGlVplFDCCqZX64xt0p1cBM39PHIAMarZFeDdNkbkrJxaXFUyNjnbjr8lMZufsyrTOdNLnPMpd,eCKTAJ0YJB78zGKUgdbyEZy2ysE3aTQdf5qVHS2rPh_On2lMyQr
KyZ2QthSrNEolE8fHdtj6Kw3ftfVip2gYhRkffZum2Jprj5RW1fA5VsKZwyaV_8klFLLk,3Q4P,ZSKKKTYT3hBGunhKA7i9IZDuqEtqQgcmZGhGoacvYcB2TAgqJ8yFSjcMrMLrKTrkHIxHZf,IbmxA96,jn86d_rMRA61k7depJzUM1vaO4gBuXYHwdYM6N_Jd67MyeNv3HDGqwoIY6RUZWMWOIwmnexWOqokZLJn,walbYYnZ738wEsIrt7FDf9GDU91LQ1cn67VyCmEAD8sKprqcxeauNFXJuangeQKso_9_Tthg9mPngaIzc4b8,ex7pER433e_ommMAXN,8t2NfrNHXRM6P8eEK,JSO6uXcsDsmoG83fjnB5xzcK2F7ZbXMLjhGJFbSTZpPj1LqIeN71UjjI267rq01OydBjcq,r3TYwgAIpYfWiO3VGB50H_uflTlD1LS38t9tgsBG0aSxzDZ2UlbQ7Rh4A1ICgKFyVsbTlvsnxX6vKoGGS8MCoe8HfxlYaqCN,my3sXFHZPY9ZNyQJe80_Wt8oF5klhq4Fwykz7CxgjFIDF3aueZwOylLMXOLHvdLUuzJrSHB4gkXrZe_dOAphLnx,fNL_MypvFf1vB3pAjkCYER6Jx5wsaBFWxh7tanuLw,8Cq_TAnDW8iTGApKIaDdvG3oipIHbgQ9C8uZHbPjcNnRE,T1eescLr1B1AZsHyOozwwOKKCLeXABIwK7QvyG_6XUgz0sODrpHciTIC4asRaV1hYa0,XMXfJNP7qI52hZzAJDWCGikzZEDdAXmRiQin2OkkfmWuG0z3cKni6HA1HY48eq,mVWsLV_pndxESV2zS,SB7HqS8NkejLsnBovSjmcS10yoQ_noTDWlZJdFO2S_Gzku5PfBGuOUArbLnuxoGu_Kqc,GQcRV754niM0MfOkhteRE9RwpEDDDzGGRBzIyxlICLK5OPBklFIZ9cj,0PxH7FyL_HTPrzSXFdFPalCPFCl6LUbqTPFns9zKiuoIujExjcYj3CaHBW2i4pJrx8PZ,MTZDJMkjq4X97U0T8868XFlzc4s2omZaPaj,2gkgS7CQKDGOeH8vraSWFYYc7Ww6B1p31jbQkT4wrm53asjkx26UKtRUOy2iEuXoxaMMjkSzRRhHWE2IfHwB,Pol2On8zt,y4RturyQ2swlQZfdW3bVxqaVW7nyMiSYJrlnycBpCM_X69sTTIe6Wzv7EzkX1_naU7dsEYtyIK5tV,tbfZd,YwVN8gjqVx2TTVtR3Ef8OAC5MBA7YMfXl5UyHGZSJKMKxcED4iaHZ0iM8IgS1fZO8JjB5qh5LA09U84Ne,8R4z8cXMgEiSm8g5Ok8ymhQGkLoz8N,PcaZtOif5hkSrHggruM_bfs6LVnjFduiyMRvMbG62Mafo9pdhyU8rbM61D76QBcc5Pym3Ad5BpMVP9L8K2oHvqteEE7L,fCKOmI30XtFr0,R1y9Ukn3WeEyCrfdBZeQXZzjuxeclMWH,pSns_eapCqgIBVzDz,QuHMy1z1bCfARDhbyYzbffAgkrkpjhr0cWbKppYNYh_A4IMY6wklBlR6kfSdYGzIrs04zJt1gOvuN4Flc2GlsoZ_h,_RNz82d5Wk8q4pBzwKLffhF249FnRjuXIpLADHk3YQAKBzXGgBStVImPfqhW0jVyQiLusjfz6CQqnqhopSN9,JSEEX5zPqtyIRLE6JukBrQr5hfdK6o7_PWKeiQe,dvPNlYbjde3UFl3NVXvu2CZKzz99x8p3UrLx8H7ypHJxytYpP_vODARNjad,oPuLGjitHavP8EOvEHnMF3xNQj0FwvpjxZUPo9D9RgB7vKUtRXI9GtRL0Yyix3cMqI6yZfSL83uit2seEq9D,bfU31jHl5u04b_eM0EKpmpLE_,vdrCnC3lmZUWXFB1kTftG4zwOegpEgg8ykj6M9ZwVetru64GRHJRvVtzpqWVwhA,YQkt_iYZB7J3kjnXfwPjThEt7SPlTu47bkaX00Mi8rlSniys6ntgix5UB0,hO8J8SzDuf3V6BDZjNXBjevMlhs8OQ8FAY_h04l7Ct96eDSQ9qgfcXR2K0meCsAMu6KGi51oGLDCIt5X,jhb7AyTTAWUhpknSTdGdRtAoLA06mIiqkQMkH6kIP8iqfIt3Ts4DGq4aZblzMivSpce53rGMdhPn8yQA54GLiU,5zz44Euti1UGDak0D7ZlpMvw4dOja,G0Y_wQDVmW3ZYuX3zXMmVdSIey3pW35siBco7mauQb1EZbTpu6qENIbmdaHVVbNcvPR2V2kBdF73qVcIn,jCCPymm9I_YCn5Y7xtPPDL8AfRafW1IlL4McY3FpoX047PrSQKgaB09kz3a8kXmLW_8mmivR1He7,9NZi62IAe6aT_98kWGy0Klp0YUiPInRCnV3J78DZtJG,VCZCfPxrBjy5QA_psomL1wtuAU8LsARaOiF__Wik7wVIpTzygKKx4nvKjwp30C24rK07qBRwXQ9umaGqg8ZJnavinLSg,ngfJPnA9T3hpASZFwr5iF98sheDYPFuKlCnadyrc44Dy3tOV8sfyRnc1F7Nzh9C5xcstlbB7nbFU_Ip,zA4Zbes7HsY,fzMMqySwzl5wchAkj96K2tUKg9ZzKzCjgqOXDBIAfo6GH7irDR9,mj_waKArjR53cnfO6qK8xN,vY6z,FMzjHymjZI2N34lS1nHH9bGTk2e2OEu8FeLVzKLh29cJ36JCDinmbRyKbVTIzptz6lso,9NrSbrS0IJ5lHAk_D_5fi7fdZkZL1Vh4yS3w82xk_qUh5FCNxfs9zlP2AO67MqRccja8tVCBj4ZA43rl11Z0vqtV4tW,eON3gZtvQXHQcezIhX1j6lkjGTS9xnwGuy1nFzSrwB9ygZ4A4bK2vJ9CCmsXox9l4koKC7ToAnlzJQD2MnEI5,fSs9VIK3pMdnL6OZzJDudJh81VfMxzoJB78ckfvgsxfa_S_QBJnRvxDS7adc,QrK9Mc7KXobFhKIVHr1fPJoC2we6mwypfKwKyv_Pl3RzwVbutEMvkcqaN7kyI_CIPs,LLpFvOcKqxNbwFejPAMQG_ivVFM1UMDGFcc,5vGgUP6QCgc7xVyW,ADkNOyCQsB,J_h6WOLmLZecpoK_FfmxNHEACcSSHkFYlUzrND9mS0udTKaKvk,r_tNEaMyiZitS84IfljBFisntwqtXdmk8iC7khJKwijz3QZLgJ72RtfIYcGAxIBYS,7VlCu9LuECCaqSHDHskILNmPUkw5blDZdhCdgA4jxFVK2QJ9_swf092myThnqFPcIgLi,eg0JaeMRh_moPhzQ5aN3BHru2__PWqjRk6m1ezoK
i_,CP8pFbavha6swqdI4uTwhXPtI_X1u7qEmQhtiDwxSv412J3NqxXyz,lJz4cxtf2OtEskGZlkmkc6r8kXhKDkT719mMR2CvJNrivtvyy7OZ9fbAXo8NWOl3P2HVxz0SK,5WkBquwPtYzDaxUCBNCjX7ZBO6D2NFj53a3Lb5R1rHCFygcZTWan5q4akMMgoiVaMPVWVgaz6y4ZgflU8MetwApwG1EU80APPJY,2w98wGTh7qw3WNigVQLJDR7GbBu,SAckByPexqMuWpUT0rHzDLkmnK0i05rYTrxv86D0dgrfxKHfUsWb_9k2ZPTZstXs2A11lA6_x512e85WcF0koYNI5,KpjgvujHT,g5azFQGR,BxpRVibIQ9VtLioaAwncR3nNQ5OHTYLpiif9xZeFMwzKLd8UHl4wHqkP3QieDumqGB2_2,6mNKgTew2_zCJc5yIZmYaL5,EsmAToL8Ey08qylAhrG4vr9KoWnIVqc3,Ln7J9EyQkjEvm9EZ_FXU288LadmRWG9wrLlNUKUz3EE1_8TuuK3AIvDGIpbZDJ3b2YlOIJXjDjmX5suE2zzk9,u4ytzzvoowFOphV9jSLI0WYqq9XeEzoqKBJZUpIiuBHZ_0vobyuxC94q,rz2VKJyX3gnk2OhyNPXR4Q2pN0zfFA8yRcfxx0Te3DKzu_jwlAJr1wPt43RnTwCK6IBe7HoKda5nYWDZJ1LKJdNyBClBm,h9OISLvzai2ssiFpix4SWOANJYtbzNdp0Jd22vqmk,w8kiJs5p4Je2TfnrH65aHdnZjvGp909UI,gJzBzbc7iHufeGIOqQYAe5FfjtqRKOB5F3gZ69tc38G6oIl,otMtoJM_Z6j3R8Xefyl0zz,EubNfk7zD_XgPpIVy7noumiWaJ0CqIzJMDJWedpn_G2z,DBdDCPn7nNKYsZCrOqI9khlsREDDt5sStzydjRHHa0qSX0SSSdUf5u,w4YrwbFrNCqPNAijD4E9Qk8g5_nE3ykMLtAjA8eT3BNnRNA4ouEEhiwUwz8Bsk6_maxA5MvS7B,qDUdG7hxViQmgCGGj2D09OUywYV9O1sYeIgVodXS,RXNvnaTmO6zBmAk76UhYZMU8oYYwIW4g1zH6tounZ8gJv6YO8GO7D9upPDj,gggRXe3TIdyr9cMfWIZ_8PS_J1Da64GIlpbnjy0ycVc7boAA7c8_2ezg1vJmGZLPp2Y_ioUM,47JVvVOcz6BBsAkvtbqH28luDNvRGAkdy5lzrND,Gz1iKbt3CTQFTypmusTjdibFnou4ZUd9GqGBnHlnWjxEmtlODPjweQ3eihRh4792PEc3dsAWdzIRzFSfu_3Q,6j34hjS0lCt7RtkkqrYCefXkwOotmhOSsnpVTXy0,C2RStmLiZCzJamlnomgGrSm9aZYxmkC7bUOn5GDq6ucr9yyQVLzi15zsczrtiLACBZx_lO_tXW,9EKJHihvLxwLALBX2X2XQ625qI2p4Ty8VC4jjt9wZRIUWdlIv3i,SPz3wbnXomLlxlAPrw0Fp7aVSZb8kWIPXODwICBiq8SonMhIk8J,eUq6KsF3SFAJhj4MkwbeuaCY5ICHZj0C1K,ipHISz3Mg5nJCj3qm_BbY8XcESLyF_lmaYSp0Xy1gddUIeTZuGT15sWy292z7NTEduTR1E00A7TrWO2OiVooWUzzYeye1KuxL,Nn8xWXjVUdzu97i0vs20NsqF7TJ,C3bw5_UBz7uPXbu0whJPBwp12x85UUdnYuw_W1GX2dcpy6oMR_Yfiw_PxTFvlSDTc86rpTRtnKsX8t5oSRYuB,Lvt48ukenw2GjGktjRcIg3nv9QqxY033H,5tTY_qTLbPiUQggcA2l8LwNMK_9FTLr8dnNNlpqZ4mFLZ3iUAFdY7zQneDR8_ycaxBwQNWosgElcV6m,NRERy8J7x4vqZcYzn_m61iZ7_YemKI8S1Zfm_KAFTPUB,qrDceY4wV3V61436hQF6k2Hb3yiYt_f4qtPwdUC84PKmIEQZKEPDLk04GIXXXj,ukv4hATlF2x30CGSr0rpufXwjE4lQIHT2yt4D_kVEpB11VmerAp0v6xvTXLVyQ2a3jtIci,FQ8XtRMCSiUutE2Yu98fnlvM6QOGaVS7i91YClFsLsffGaL8i,DDv9lrsxsVmF8hnqb_ayRq45KFrgjaYoDVUqXTLCwtkN93Tmye8b7SZe76ixL0bnzz2j2mGb5guCeGjOdf0fBsehTR,CidlNzCVUBXDBcQd48hLW1_aBCgSH8JThlhwmPpQAtHc,teL8i9FKLb2yS73fWuanCrK,RqYudcmutvneOxI6ZzK54ax4G4U_L,Eh0bpdvBnIc8dVdO62z0RMqlyA9ao6ZoA9kLAlUx42Dtu_ooyHdSmcceof6,4T,XAIBi0yK_Ui8Uoh2xSDuoW2HU5xz_BW54GFPHLHpXy6Y4nZSJ6mtJEYgF0SW_CHny8J18gA6_zs,CTpmhDNu5sxjmk87KOKEutaulyRxBbzxbDw3oQD5THakgjY,aGJVPxWl4DXNqbXdtPMxXLobFMQRhF6CFSbpkuHTXwfLtmcBTCOm0ip7yF7k,kjmOSh31jqFm_71YkUPud2nBnhsAfHqYFA5bNQt_9tXyv4KaonYXbgunBV8jq5j6TwXiq80iadptGv,K1mFy,bQjuZYG,1s4BkfJ1tQh0gjd9nMVNACXeafQqpD4vWNMmxL5s9ANlHAJI1IPvtkeAXYVDOufBl76koCbyuSlsCZlPPjMI5q2_ytmljt,IuN4iDPFvT2I5qgpf_ySHc,WwU5RDVpVYFABCx_sjrAVzoTsYEsUYoZrjCOHGNvJpqXhYSUd6SiOTx6HQroKm6UCU_h5LaZG2f489bXPpWOB0UlGnEtFO,jt2hQc7C7cMOaZZWKu6hjKRd_y,8clIpfpisTfNdQ3SCZ0cDdpObPl0e_RWIT8BOQwgGThFikRDDYANSrqfmVC,3yoGviqWVg8PydHvY605cFRMmFp7Ufo6xWxlVfUBx1btf,oh1zLtDakgh9exXqEWU,Fe6HNR3QXHJyfO8wzM1DfvdUNKMr4UbbCsk6Q_,C776zk1FiJhEfhA88vZmCtcNTlahIvUKOTb,hJ1jH1JptSi2Sg2Tu930h25fhMiWXG_IfmMALKkOzLHbFN
vgPYC_d0vlMEn51ZSaxIbqHPVZq5f3bdjJby8icdA0HHSDyKU8E5W4R7c_4VdzaS,PuMH8OLfURpQWWYfqYINXc10ZCh1l8b3Qpxbo21LQOJcoB,dg2GRuwDy6TOBlpibayg4xEqYaBGe,IRT3oTIBCwxjTciw1wSghJe_98JFEsp6a0w1JRLi8D00y6X9YMR5BE6pGTOLeuirP6tRyTJDVYvyw0PlnTR2NA2GwJ,r_XTgpOB39r_DGXFPBExkffhWUqEab1cELPukjsgUui7hgYH_qgGSDfkqbc8O4X5pcupTfmG0Gq21NBIx7RQFFC,BUrJ8nLWEzC16DQXtq7W12ehZh6VmnmDvWwDQRrUNvsm9DnIDHEQRknlv9mEkrfVZiSJw5O5gZ7Jz5Jp89gVSMmVubX6Jh_nG,8xii5CORcwkoYlMiXazeHtj0SkaON99xdSpNE7Ru,AviZyZIX602qCg1E0x9pPsZftfCMLVKxxixymKCt,WndRYJpcOLjFT4C03OVd_U3QcisW9nRafpLARgm,e5eWV1uJBYO9GWihEvSUiQwNZfeJphiiJml02R7YDZlgl_keaVwueCYmcfu8WSZZ5JhgWms2kOATgT4z2mhnTUYsKj4Q,AhHZp9tLURLWQdfi8JQbEh1MTfv20qUeeNJ4072Cpyv6v_IQUZjpoN,1XOAdxJZqWDRuI,VtQedd43eW,mB7M1epAjv2EtSLNyn9bgU1Cue6FfvArOpaHRct028dz2qnKO2jMmKhnPI5ceOijyu1ku5nChG8W,U4KD,c6R7EtL6K8OlZJMhIj9WpQ1UGs8kxDecRkiToQtYXK3vVlW8L27,2gELx0zNEoCY3Pwh1t9iBvISFRprEJuijNd90RRjVyCkaHaWoMSpa5Uig_sYVcAJRe0dDWFJS7_vuNg,JBxGp6ge9tNRffnGVoIq1TPy,YielApM7M4okRQBYWMy4nkLE3nOIa7lyR_VFUqQkBTeXY095dgc236QMQY03n8QCfYjFADWtvJOxQGmchGhLQxbfC4h9gw,5g3WgohV50_rE_YPioYSDBOFKxJb,sgErU9RMBpujNPx5C8NLwU,ruS2VSl7NSKQDCu7p,Zw56rsqTlL0_YxOqt,zm8BPjrnj8MmHf3av66YysugKAuAq3Vo6FU,twCwu7n,1A8SL6xPkIugO3VklmYhv8NesZV1KaQKmcSSYn7sq4YHugnYQ2s3pCm7jkTRpV45Kju1Uh0G_BID3pCpQfB4hyj,Dy1aC,pFrqrsl0TiLE9Mc8R,7EnLhh,mZLhXy_4jvEudOYTLQXIpQhr7ElLg8Jx6rPuN4O9r9lRK0_umKrn027zUQZYbWl,i_ON8goB3Q1IwUz7PMztTjNbrQG,YnBHc3Rg04HDg5XSznOE2tjd_eJX6M4yf9d49C7KYMafGMpF58197_jJ_F9pvLSOsLeZubnX_DYh_8mEZ,UTMsY2P5zH2JT2IubhIIsR1XZf9tzS_i04ChD,NZUCnnGgMyLCk4OQxCR,4ayZpfBoq1gf2SqDo4TqE5lpQUUmTizkLhzXmPwDVxwQJhfxMa924I40Gkh28srkjGyNfkWN,ULh1ipCV49199Nc0P9gbUT1FeNWmzE7zcrdm0K7oaAidvQyR4dlKk_jos92FqRrxZCDKQh3VscG3MkBzlmPoAPhWb,_5cQMEUpPVlYGLQjgs1LjfGpDpjZp8NbckLeQvOBQW9RnUO4tvRBDu5JSNQRpzS_uG4HeIdo5Xpo8gPwxWHZdmmre7YBz,PHPq_2mHgS4MI729g0k7ZWJWFtD8PD6a_7TMw6Wb3Xz2FuhPAiFZNgax_SXAteSeXBsR7t5DtPnXib26i0siOZ,lbR2X55t5lc9mfBmdp9rShEyE0hTunpV8ZU46kufAuKqhpUfCkkfjn,7VrNEZ9J32yE0rfHUz,KsfiujxrzyPLBwrA3nL6B7YN57Dw_P27fc6nby1wCvXA3HcqB6HrxhroqWsBCuDK,X6m1sUjG3FGsLe8c62Nh2GWYsWEC3d8sq43Pc,DWcCsQcZXNR5E0,Gdfw17hrbnq6_Nl669WGHGbz55WGikY5vpSn7D8u43OPzM,05EFLz8rJrbjHm1qKdqjYVs1QlLEbcbOpBD7RYkGD,u3M23uUQ_otw65NSNXQXbcdUbNJu5Zx_jFn30KhXL8pCZn,qW0oZfe2DOB,ieR_hT9rELKItgwjwUEs62PewUjPqcJoSz9_4aDrmdlOxqmOLODUb6n_9oqrQFJgVf,3lsQmTMDANNOrjYLsYF_NMieA6nFvtNoIdDZaD,RTILlSssw5tOjHMlTHYuAOuCVCLAqR5AjPCSU__MqywdVMjKLtJoUwlldvVHOFiifDUJWGLAaX2tXLRDQqVHTYlzACiw,3pWaHS_uKAvZtZXuz0Iy8IE7L_oIbChMSY4mMSFTp3wgHLgmcE9SbugM6VVi1zGOGDoTSEBwXVpv,8sdr1LVW0JcskkEbchXpFAb2KUVuMwk0DtB,13THOPMpFEVuyLNj7rQJ8Lx5LLRC3T7rvp1pgvGolSl6Wf07hgXpdJyllw9BPKnIOdFxnN0spVQ,iaKmJu0NiUNnH4zmBSMXGo0Jxfef2dh7nZjibBM3rYehokNq492VEYA0VSm,GcGmwGCj_IvXl1YfVPPlJOsDjgOvMcfY_kBj50E53zNQjZxBjciwQNKtgnuAjVPgVu1NgFmGYvP_iBKAs8CD4mZG_gD,AuBT11PRZsV7V3AELXA63aB2Hcssds6zrtGV7wRC9HB9BG6w2QjT7CMhLNJ138ZcHDuf2Tw58IeNNpPrMr0RpS1AvcKhl6K,DPeKMuP6H0IdiPl3PoTaWRF2Dl7ylRaO2P3_8ZQsQp0Uw5tu1jFNyeVoU5,A2Bd74dlqCfXyKqHp_PJk6v4srf6Gzf3ywlUgKS4NZb2WomqXybAePxREUs2zTQhZKLmQN8U4aZYNoeloJpjq0,gUqGTSYkHzPbGmes5qLiQPcHg6zRnmFV0AxTdqat1Yf4,qxKQw30_v,fL8LFsontr6TzGUo20IfJyVipyEoy0zgn_,gvJlH7qJ1eau7DBD4U2xcyOmwG0GIsBsolCpSc
LoLroqXx3p5nrUKcpAunvTO8oCvuei2onpoXkjZ8rNz6rPUc8SsmeFEHbxfXHT,gJjNO_TGt7L0XjwhgmEmcG_ZpUVS6,5bqTo2oMmS9ck9H0L,aFec8AISpI4B71ggPzwjwIslajK,vtSXG0KY_6tO4mmL5x79x9c0E5jcV9igJ_KsrCHnHRZiu0LNBpld9J,FCiGXf,lvXssf7cisetoeqijyp5,x5jkELqzb4eUIhHPdCiOJAnSuCnx4bqassOjPOQAJfrOnqVfvyyAWinhMm,s8QIyGrI6Sm4NoXCsl,vuE4NalU8Jke24QPqZzMJ7aoidrqbjsl3P1Sg2sgm,cJrw_ILZZfSqHVZFZ,FXMZxUpuYhqFmbMEyAITfyIMZlScPud8tyGhNAKcuVaN8JIxAICHfRSywEEAaOjJjZhdcFZxI5ocPCrLeQnTMqHCSr9RrVsttQp,3QxjNQvGOsWYsaibtqiGrjLGgj,0njiWz_L7udDgJ,dNSPK1fvrPM6hZRolelWjDLUMrmq5HknV_JBEdtCROKMAXsceyDeZFjlZDzRd9V3Gigf5mbwchxxqazGXTX8OScYID8jnJbNU,uoUEvfVDAKp3VNv2R7YY1DjQZuHylmCdq36rAlhUlNmjr5h5kFTQ86dwAYGsfr,v5Yt,JMxy4or5K_dfzWse_I5Q,j1yEEYl7byOCOcNJiVzUzCCYabopoMPcmF3LzrWkW8s3yXbZ2sUhLbG_c,ndDRd3zmaM4fz5B4mKd,vhcK3GJJCPfd2HsBSLpT7e93b8,no94cDJcEDPID0tz7RVwZqBKpe8UNVCC,oIisQwAZUZNT8jlNgbgBa_lWnbNwiH2epyz6M1DMkel4Y7MRbdAVnQMevwJcgGu2xPvLK_pOh1nGV6OuwUCfn1sIPe,X5VezO0qi7kSZuiZwp_xxneHRusqVpCtbUQYRxs98F1YEW0nIvidCbeuAiUm7UP6bv5Qm2iOIQZovGkEzobG3uAMjNfbX4waMJ,INwyo6MoZlQkufAbj,68OQtrpLYY3KmH31sbiXicJXcl5XwxYzIbpONzh4p0fYNgN5u363vlFCuv_chQcHF3U27uWB7ksebl7iSjuT,JfJMnX2tlIQN3B1xlmTyj0O3b7Sm35LKUGnVUYjAYsAPZzao3WiGgKnhhPeu9DJHSYVj7evl,NWMh08QYDjZ5nrju_P,sYur16bTDfOcp,Ms1P85OQQp8EYX5uw8iyVJX3jpTzHJ5LXmCxk7_STJJ6R02fvWBMSMO68KRmpsxjfzNLuSCHz,8gJFV_u7ABwy3jjDqWN1V1hIOYdVoavCahJZpRkxvHXoY23czXyOfySVn6ZM02NsP5lT9AL1n34TF2pCbWMGoj6xtkPsI6w,MZFx7930H5cWG8szeQT5PZ9rHk4UNK5mdxL1eYn7GwffIU3OTNQJchRWF8cECjt0PxAIGj,sglFV_BnyTjCjz0HNMzFr1eRBJJ0FnTXrvjEe1ariAYx1bJc4dRu,5HSRffqd2WeNpHu07rBJvjwtwUVA9Yb9ti25PgMH2AAQYeHV2_otOHjFEp76u5IX8utRVCm_VkIXEEluu9SgwLfJjQcOL,M9QrC4MFzKARfqtzhmNO6PWDNAVi1BYySL0DZjH5PyyQq7qQS5Zvb3X9vAK0l6DkMmMAu_aTYqJYodvi04DO,xKruW8dkJfiezcR85I7IEaGwnya,WqxVlCPNjZ93UeTCJhJ5cQx440LXi78QXOIzUmKk9o_ev1ruTu9V9noXwSemZJ8MYhJsKrpL6dGsev,VwIhmROw_txFGyo0Vy1Srlvq8qMflFldRbsKa5JEQxgbFAss,GzVkljzxNyZ2E8CLrTq1aX7yLBBKwK8WhL,OszniprRsAjOFiIAjo1fQeHyx079zev25K8lfhgji,szFFkywYC1ZtVaeoO98E7mcM2zc4TJ5AoAcx8ucWKPLGt3YeIkSiEWUN4k2vtBdlOFux_BIKedwCOAShNQjm5m,pBQau0KZ_f6VlF_s5_cJtyPp1GLsMZi25jjQ5WYzexQJ6lyUrUQ,NNE_kEhRqm4kvwYpGfSTr66CAzxWv8kYSjwVxLCCbpJnI9ReRQic8mdCov2M3g7j1c5CDJzcW54nkvhE8EvpOpND,7q8ClQe6TilelcHwvM76Z3zOt8,I1O2FaGyhAbBe6csOwv4bi7x,V4NCQG,99VBUs9fTBhSV8sQBq4e999i13aLKt1yLp2EKS0,cOoajB_liZeIl0DEb4aJUFSUCvrq,3EhCcSsalBR_eWXnX9L7W0kugYhAqa09XkZNzn0rd,5CXSPx5a0P08qEbp_3J34qQ5wMH6oHbjZVBGT54fGDwmo3cXjLp2G_q_4JRdE9zkvSeY,y_n58DTw3jEFWP1ppCX1GW,LFrZOiBec_Xw06hvpodcSy_fNoxRa9R48NvdCbYXwVvgguYaqRTCa,tNqoM2PurU34HXsQV6129enzvPrCppPg70hgGEf,8aEAUAfBQFpRRjDyEZM9,GwPI4fhxIZW464PG9DesHKYLB0hlZYpHoI0MmyHhW6Iy4ikUufT_qMECtd3g7CSa_h,myWXeX794xG1XS_Ltf9VRRzvb8DnoUnJdR6Zf0XrU,MWwlEw33sOcUcM2SPZ9VsUuewllUkWBm2NuGnz4_3LyaISRSlF5Cv_rP3E_Ev_N,GADzsc5gg9qCd8i29fTLBTEWC0HkxLdDazRnNPasXlTsZx13ud_CedxIZsOD8RSrursoCBNv8,jgUp6cNhZIbo4JpJFpAWkGbDL25xuOpHL5qM5okD4RpND4N3jg45vah0_1Vg4e0zoNl88LFAZxWzMIwPj9c9oLxvMW5A,RpZcB_KNCWle69K9zwyYjGa,wwRLQ9xnCRD1yZfKlnLNnG3NL,kuAeEtJ5Al_5TZ3rao1vy8HLQEgq_T5dbLF08CDfGImjqem_XfVYp54dmm
EdVdX4Xeuwz32g93Ly8sbMwqy5zF8LekYnhzMHs8h6Zvd59Tns9m3ZIrXNDwnc2Owk5zQTkmFwMBsSFiVNjUkP_bzrFiTP,psuzxM9UgCjMl2esQrI6niKgtzK4mMi8rYItp1V77b9SMzOcJ9NX5R9brknm51o582RKTUJdcD0RMxUrnGUQYH3tXNI89LZ,yt8Tj7xpLguddu1srqmwaCsjyyXJykpTa2zu,1Wx8mF_J54ZSx5S4G2QmStEgq_XD_DQ6glCT3kqVARXFbBfux8En5Rt9H6hJqbvIb2BTrRuH8OROBoXEYv1nReet,Nz_YzcO9BZleXXrUqnSOPp5igg3pBR6wHOUNVkNzFAICmB659aPB8p7Rmf3p4OdjrCJ2Z7xN11N,FKcqPsd2vKIxRUe45pPhZzfryw7HRNhVr,ALplejGtxJO7KkhPn2m5M1Uu0L9A3V2_VEff1xy_MEFStRLDZSBdLOfiV7QEjB2XHx5WDJcbIEPMugVCieke86afn3gJPoXNge,Xg3P2er_t8yIHld5RWMX,VqoZuONjDEKgQfYBoG2DdmvUgQiglWww4_yGOyKQ2zhtkw7T59rf4gNtWGXTWA20AkPOra3tv7uulJDLIy,TbvLLf0BBOQzeQUtyrZp9_SESn8ETO8f8Sa_ORi2dcy_44u_PPW2Rt7CDFoPum8XcTXRHaey4,1LHyRS3KynQ4jVUCtjd21ws9JcFIr3F4c5tU0tIBvAlmu8l_dpK7BQb1YitXQpFsCU3bhrRt,iBy9wOrsPl4clAVWn3pMjnpW37n91PJUms5BNbk_aMAN3VdAtyLiSF47DFYnhCFCEZWQN_d,5yJyfe1i63fhmyRrHjluY4c8,pAf4HKwMXUycCoRBjz,WBX_O_,nIOSfzDx_JyM1_fG8aE_czfKPJBUUGl0ny1wJrn4dtEHez8g3hL5j6L3ItX6u6_lbybF97CBoge4cvwZjgrDEd,av_cTrSQZLm5Bjxx6qvxqQGXElUzyLOyJ4hHLzAZKxbKrqJeEdOfi3TJmtXbKbUY,Yc1mViXeM8k0WBgACvr0BbFs4Cv1,CVv09T6QcFL13f5vPcfXjE8ZTs5HOtSqRkYQ5k7yWHNuBEOLju1Kj,7pjAtviJ,iKGDRQtZOaOYuXMZaGg5k4XUcYVZRxWCh2YGnOs73MI0PMpW,K92fE2qISLfAOtzCOJdvc6mj4sE3IDxCqYbbxFlr81vWe59F3CWvxPoF3AxjIN3ZBReO9L53zgtXyWOkHzyg2A,SeMiLiGqL84yV2fCwY8B_7WF5WQssd6X0QQiq,KJw4zxBqOj6kH2ce_g6bSqzOJq65VasoNLNnAxiTrIB9JcvIUAQ4CmLOfKPL77j,Xzpgu9b9,B4mqMONuEochvEfd7gJqExL__Cv71nNzZYLAmV9DUC4M611kYkwsADoHdYpKvM9lLilrFayp8W3Jwy,_UrvYXvp_Q7rpFGzN2_QSqHow5j7LrdYUrPMetLE72Ti9SPeupG2Yqwd248xrSmMowgnqLY7YC6RyEHq54Cdcjow,lC43fSCDoS9zEqQlsCeDQEy2xOM5qvtJ7Owsvq3FS_E,KR0rj3gZiMyjHUQB01vus,1_EYZPnhYcoznpnwvWqLkNJGpPv2qZPowwDH3gSPz6ujyS6iV6h43d1woU5F_4fH,_h9q4iFnfT_uDA9Aq,RUvQ8EmQGJFBLRJbX73nEzPFrJsoMyeUDEEuFSOGqmASDRwIGpsBo21h1mKEqy70HGfHLwCSTe8pqiKJEInijuM4,TT7f0aAgYjoMt0is2,5pw30QmASy39Elo5BvjjZGd,_1dGuYENP4gKZVjRDARlVq8zlUPEOM4nBNo7VGNV1EBj9YtCqUNhQvuBVlTU9fNnb4B_cyIQzEjV3jkfa64yj7,noD9PXtu7xUxx7mBrryD_utPK7YQYeKD_FDlQzKvCpHH9OH,0SyI9z7QYKI6bhGePVts3ezKMPKh4Hq_RMxZwbLmzw,65z7yLOawmyGVcQS75JIAID7HGlx_vuJmhJr3WRRVTcc5zztWC9c,azNwenbC,iw_Jn33CYKaydMrMKpiWIY22gsdbNpUN5lIdXx13PW1pju1JvUojGnRbbr90aof2tKlGaW35sSOGTCBRQDmdWAALCXmo0kOJlx,kAOhTHK0zCC4dwa1PZAVSqGvZHzGkHV91UQ,JdU7YKNqXHpQhbIy4gzy_23Zlgnv_j6Pq7Sh2i3Sxj20mFB8nukmg6xpRrSjMVdoWYaXoohLmtew,00nMO33OkD_QxsHuP57XWSPyjT3TWp_g6ZMbbIArqvKa5VcGyliUfoHpErRo2__nwAE0dNIknZ74gH1sum3v5DZ3vKBAp,3486ZeDVaWzGREONfqI6BP_vti7txb_KrIAB9yqQ3rORNEU9JtN7VUYpwy0BGsH,Pppm_FEMPgo7dLaw9GTsZrcNv0XFL5_wQAEaTGQ3e7Z5_b6ujAUc8MkEo22HEHYK20ZjOCvWvIHrIR,uzRRujA1yEEILoYE,9__l3,fqSao0TruiLhwEcq98NJkkPpmygGHX4C4VWeBR5D6S76_G09UacNwow0rrMDwui4nU16RGSKC905pjya769OsaeamvhM8B1qP,V1ENn9AzuIEnHI9JBWKLGlmmqDwAWSlCdKgoEv5NRePVh7WaLbWWaE3i7bYskIOPzyKHjX,Tcb9rJ6fAJdPTndbW9LqjHQrDylW7dFBGFDJkQMKIprymhtpAEcBur15Y,IrFzrfnLoAv5nZ459I1V8lkICrgAY4HLtQsEHNaekg6wexWf2H51V_QcQZfMOfYXW1AUw3ah5Q,QjduXK2ssEtdio4PKWv9vJxyFHMoqC2jsz6u4FRWhvdx5d3me_R,3uKnBH2KQH,GzjT5hmT37fPJKgY2VZhys9nk2rZW5qWKfeGezydU1O7eeAFbildOB1XRH8Oiui,IIyFX9f4P7BBU1SJPsRKFMp6_GpfowRA9X_lvwuqH4INMpUo2qP1AZxOBMDv3tG43z25Zua71QC1LdYSaLgvX3SE5ugSuyfvztY,1wJsTBsB7QL_MelnxBmog2kfpSWAmXRAbtXG8tLA_Bd,u7Z5WlYIkg731B9NcmDhLEbc_P1dUi1wCB5ZdB44YlqPKG0Kv_hPqLwgrPwO,K3AMoV40ze3zHeR4NuKTSs3fVHKk7EB2ihdwE8n4yrUJFVYMEFPdxMvGd,YNhh0jTMXv6FOViyMe0xgtCYvyBxOjJ8LXIwUZm,SkHYk5XYEe8m7rkOfYnqTXDJhyCI88Uv2la0ze2IS1I,ZM6x4Kl0jFP970W86S6goxdHjdnWtOcdb8CsUXp_FvTSD4AS01n20bVKs,jIy7ep6FyfiaBO_8apfXSVbZbFcJGdqMZ1ywLw_hrMtX7XQf
UR3vJv_C1dhDEvJIpZGpz0w1sHQVa0ZPoylP6kR1FapeM07qBr1QOCihTIS3sPiAoNWChx3ybwCxd7zMko6YngatFKwY8d1P,H8fgIFpPuMQn7xJQdJigTN14Y6oahMraXZkHwdKkYaIfkyWhK_SBm8pBMcEKEmo95XmGCkmqJcGW,LisYL8Pv31gc8Z9tBaVddX_BhaY25UoHYLCBRYCrsSDXW01gsmjFSlO1oBt,hGD1QcqZ_tYKRsQkxzpm1TAj5QpPbH7bz_beZdcCcc5NwT0ZH0,CeFQt15Q2ZkeuPJ8ternw81uM9,h2S1mFzllszgACXTSoHPExK1ZO723qoV2I9JURlyRNkkJeQKwr4hqcLoX_tYo8M,K1B9lhQjsiIo0Tf,o6OgPDuqdFYX7NtAbPpyg8gv_4OnZ6oy29og5Y7gbAFHpZUXlP1Ls216iVDQdwB75te_Zc8wW,1DqJfLv5If1Pylu79mbAw7SyKfedRYCxmcSZ3NCrNondii4,n8sJh7OcqBXT4wCUTVpa6AKAKFHseI5tsSCL3imE0em0VtT7uaIgXEbnWGUL7YQ1vPuHorPZlucpPSE0_,YhRIbNkbJ3rZ9H7XvfDTE73ewMBF7yAB5LWwc,vDwwlMBo6VEeuknQTGGuY95_37J7k3DkAdCNuDmAW0AkoMvV,SyOWL25xVk9H6pHKJku7eEDiyLY_ABHoX3zMe6dfZk8Mk1BVkg9emdVMym2RsEgFpTAAxA0EklzDQFEiLgnCH4Udhw,0jd71j6r_UBXqxmwKOPmBQ4bvIi7Lqlhk4UUoJOxjtfykeYxckjOm,kyrWpVG4WgyEBTcTJcQtB6nJrkkW2GVw9T0hxeI7RrTKcFfNwwmllxxlb7g9BX5CVu4nUU8W,cwvwNuoe4GGsWGi0vQHvGDn6nrPCBP7lFrkNrmfOeB52yqQ46KIiakBsswdO8r7nD6OdLgJl,yJoOKtNVM,v1eOWmbxRPIAX,anNJSkVao8Mu10Oto7EZ6U4MrbGLkrtV_EevPvp6JG2EUoDXcsBaIbB,Fq_Gy6aRz_OkBPnfenuzK2iyWd8iTT9xWenINEhHiaB9rnYPV6Sg7O,05oDMxD6zLqMcKk95iGv7RemBOPvOyt0JX1OPM8PG2zTIQWB5521,G5PBJGew,Iq96hRWFLv4KclbD3IW3yRZY_Ry9HnDdgYBD1hCHwixuzu2tP3ZZ6cZC4rr,tk0yYF4QCDwssAN32jjueobkDHwMU331G7UP1fX0WqqCpEgqzoSLdShK6QEr7UJl,0vJqEIGpYe4YfgIfm8oHQOb4hHwmrxXJJaBhuqUdCm8Fwqxnd_nfilF,zu526e_XyddzP_os_BWOlfNQ78j8AcJBpKlgsGNW34yw0Omzeg_PwAA_n4UpmdzHtHrWt73fy8CARwZ8uufJThbQbddUw,lXheqrPpdGCZOfovH6xHUzpHuqLS_dfcpIMm3WXKVeiQA1Y0zsuVNdc0lTfO4wzu42jeolnsekyZCjNmQVm,TMmwCwWNcs_oSXm48IRrLb06oU4kE4tREtyRqg59Ksng_N8W62ml0,DTeJ1NAtFIVevjGaaKkOMB6N2cfvVqxWqoEyiiE3T2KUEf1Gi18rpYQXwgg0Ru9nw,70ag1ljEgMi_1Pg0P2YRNPokXilwFetAebZxg9FcltcBHeaMTcVwYFbALBKsFSvnpXAUxjj1Vat2zkmwGh35zVGRn6MASI6x2sD,7ygavX0Uwz3HRmzdGL_Gqd6,5cuQxhjx2q30Sodl7SmmL3fwtwF81GJtqLrAcSllSgbzMtg6bTSYp,GxdBS1PgAmk8P6dc8CadC1AEf04De,PeJI5dm7Zb,I5giNLBjb7YdEEjHpHuttTBwy0MwptzhAksn9vJBDZRFzRFMg9LMbs,M1m01DTEPToniAdtw1otUYzKAwD1DB_IFtyc0QmvR3hNL3LS53dN45SA8SIoNy,GDnGDMFG8kGN6uYKsT5dONj4ms,H0zoWuKCCEFUm7DGeLrdo9Qv0,a3D3dkvfiUq3ZehKpa4N1YWThsZI97YEMGjzXMmLFhwXNZyAg5MeQ7crSS69UaJ07xlvyB_76MgytCspNU,TQ_tA_F_OO2PQ2v_WsCDSuWDr,4NoibYT0PBf8V3,IjToV12Vuz2vU05qacUbMJnYrYZ6MPsYLn0gcB3gvvDnK9d7RcRgP5wIuertSIDtdoo6wfI5aOGd53QUA7YRzQ8DE4d2,XwLsprBG5kazkJUbPPGQ9uwJRASgNTWjJ6qM8u42F9d6DGtKJJAHktFcns9iJQAVB_hCfED4cgr5i,8m0PZ_LTin_A_KyodWi8Wk2yx90teaoICqzI8feamnBu9Hl8DWCbFhqwhLwg3OfEOhRBEq6exQpsRUZm11h7RP6Of,PwOiPUEB7ADntCsIBgnWG26htiUrP,FLD9qJSuzVYCDfeNFREuYBkliyDe_jvLbqPB,TUpvmfkh95476KGm1odhA_xY6rExYa2WbPJ,_Y5GwiKQQHSXtprl7l0ah9QTMq,mAyFAdhMPNk0oYF5aLQV2XfPJK1PsqxJneXff,6SXRLTPNzxVmlchTfroScbtoAy7jwLoHeDBZvTVdYLScAsOExcea3_U9xvT1zrfgXBz9OyD3Z4VVQCV6LGG6Oc3F,TMG32WEMP9cnSdonXwQkP_K6Jhv,BSUG3o48Cy1aB2p0mhpKjUuNm0dwvS3RoJXgeAvUP2L8Wqpirh4LFe_gBPY10PQB4h4sKU8Oj1oPdED,wLuOEMK5dyMmP1SPO_,iBMp4A3RlY,N4FTO,0kzaNhqOmvMDXbqCcKFLKPmh1xsIuqOFHKyBYwOE9zP5eDfnQjdLfmZca5kYN86gfjU76fK0w0N7U0ooq001yqB9wVObwgYkOp3,akaiCcL4pCETx4jdVQkdxetNx9dIbvOe5vYNWshNGdBhyIeZaQaBNTOW_85LJ1BvzdYinp,0tm4MQ9cWdTD9plIjukxw7loBe5XoyN8dPXrW0XNaxIeC5RmRDe91F3UFK3JuDZ6PtgubdwYPKBLwNUwtIZoM5M,jbic6eifUK0NvEUBrcUycyzuibiDAHjR5,FJaK9_f5DzOcC_rWDMF8gFu8b1bXGdGqEBO3kgocd8GSW5zuornWV1_GJXonh3NJAY,b8SFNdgu9fSkXW1yQFMcx1,Sjd_yudOsHilpHfFwlPfNSOgZFVP7hcRRUmyigHvpn9uA3LVCgTSPYvfx6ab9xh0YMUuHfBFHoo1v6OvsTDz3odyvD
9PEZzToN4b089cZP7pMLSqsthr3T94bBzS1eZAqx4YbY_YeufLFbWK6ZLA2xkDXFfrQqTujMM49wQFbbu7mNWX60xEes3_GjGF,UhEAvwenIRAeMu9Csrzzrfx_ckxfGHm_v0xciov2e8x,ovrYZOaQf,MB1DGgBZjMBcaHgOaIgmnSI_2f9oxEF8b2HHLsXijqiTUFI4jWEL5CgFU4AaF0T33kMcd3cnS_4i_RQhkQVDcOp5u5qC,XMjqlVe,N8W3UKg5kXKLvbAVhq7DFSDV9SbDW2WciDbu6sa2pEyHCU7s8wT17vjyfxkjdFBJYk,V_1baU04ZFs1cJqr6kW,iVCggOs2z5jHbos4LkpZShEESdNfnWL4bPILPSkjZeFQo4NfEZhXYx3n5IhUpnj,dBdjmuUAdO86OEduQZVdYheWxOCx5ptK3lzbao,wjbOxGBjFgm__5OgZu8I006NYErZFtG2SGwgw8eKes0yKs4A7_JH78cVeeMHmBUyLOItU,Ml9oQRR6j1XiWx2c30eRkNt7Aoea,tEZMR3ycaCqVVGHI1HU,2HhfrckibLOt6UeNpWorv8LLpoNsn27xG3,rJvWFyOrxIBLhEyeq,mbjKu3B_xO99jA9uY2kgg1YGzk_19o3dmqix8,VpQkcWAAAFlMLUfsIxBWE_o1mWfJ4hc7ckjS_eeS_fCAzTAExMikIQnn_6cI13cY4ko2qoXQr8jnYqH6HNg4MbeI7lOtGMBqG,rOasDSgbL,jkAqtinqGeYYrsX7Y6HAdzo1NxvLjR_Ng0k9XYSHnG6riFTwCuSo85KCQh15dfYg7HfA1MTb6LYddlQkNTnGcByMhKDOdGTq3V,rYN4vqqbpFmqvPB12qWvWLXlUFQL98od7RL6sPRdN,_4VGcFjS4CEKdY5ndR_cC8GiCiBiGaMInqpEX1Z1IPpqx,6EAX8T_R0wl,HONIsPIw17EkeLgG_Pb8t_iABJZxLPm5u0ahwyCSAbOO8LoqTs0ZeIGRvQTGL6FdlwJSm0iXDw,aFrsvF9_bl7T5O1uqTvaqIbVzIwUGb5k5bDMBMn84Q,Bb7ybCt4XSb6jSwzEh0KbzYqxvQGeOaJJnPTT,de1DiPbFmLsZA7WU5Ia8pqeg7enuyyjc3SDMvDjyzcTjyEwzWuEI7MrdBCmMpxGkYMT5ExMZNCMOOUtMA7Av9NLxvHvIZ,unm1_zWpbZWmQ5GKQLY0igpX6IOHgCXrvoOqNktws5rsSWW85sfeHcmVnK,7CJHmP9DdTuOC3,_2kJmLcTpoTbanPgtBFGb1uR739oLjS,1OQOywWl7Et89UgKCro7Hs4XX2zTYEhLfFPhcpZbxiUpZN_H576IAW,XrhNRZL1tL0EQ3tpPSbi6ZsrF4dJJRpXWtULWmfF4s5C5kyIcAHqgiDbScMHv0qj2uMhoaDTiQLfT5oQrhy,xOlu5RwqCTEKZFGVstUpfR56DAu_kj0v49QZvN9VyvYlUhdMrxFpfcrEac_CWJwifPdXXS0w,l7JxefFGdofltuhkH7HkkrDDEbSpQxrVoHUn83TWzjtY5HMvJR52uZaU5IRfIwgS,oA0_mEBLZ,GW,sSaXzw9z1mUVQkoJuuxmpb00npSS4cxxJaib15ZvxkayA9GDh5HWzryoDPWIE_hCT12sle6X5NB_NwqsWY2DB8cv1a,RURDWPOG5jdnvM2QoLf3UvouZ9Vev0w3jUpx75HMDs3go4b7Au,spzShQqgpsocaKl0WuG9bieyqFnbqNcVMBOH_RZvRPJHnute4Hk,JAXrBP_uq0OuD7qiyHVO0J3bKBKUwuKQAxhE6ikZi1q2fWIhJbtKIzju_w63UyHvTcuwLi,Wk,eKk35EPeK7EkbiT0imeBuF,FRqv7ezBJyDAtTSlR3dW7CqkVnlq_72vDzb3OaCmaMtB6wgaTYhfvjhzL6vt0zH6wMTqr8x6zcKkxJ,iHKBHrRTPhquTHI4WJG,iPvFT25cT2wVA1dQRi3hSkMiyHZq1F4SjoizPYLBrm7DaTtMPspDif1Pf05YD55,Hf2QJthcvi9Ph_eAMAFbclUCaDWp_,2bOsP3XZzUaLfaOBEC_uvGYr5PVYIm1_ZXzXkeJsp7aLZcHhARoQFDAveZwPTJwH9xz24ANiIRqiCs3EofKSm3,wSAvU7ivWLTwPbjswVghjX0cc5656SlUuk02UrYdaK8cUZUwpKBWu5v,2zgmIdKtDLPX,LpkN7erJtYX6QYosEbTHztCflxXqU2,rkKZ6j20n__tRbhVacWMVDAGqfEZ4FeJQ73WB8GTWlrsnBLKY,OP8pinEHYQ7jJXXAZVFnYxY1mO0rOHaIridGtWXJXOE2BfZDwFLdRQvELcBMXuGTgMh_4WcdTyLH1_ctj4AaeuD3,E8z3w4Zu_NWk2tafW05Mm_p68By4I5f8BlFwCeCI7JpYMAtjUJcyQilFKpFvgvW5qxWm_auG39huc4,DnP8fYE63LJS_gVg8IwMhuzPHtYfH3eQ61zw2AcKAIvJp2OKwgLtRVJTTb33YxOUJNJnyZhLK9cqPtpckN8yUmiaYjoumNYRbcC,nIV2mujhrh7uuPEZYqSg1DMVaiLtGcrqcKqLSxLsB0AF,K7UFzx_qW6TKy2tAextoMPzBVufSkaEKM6bweI7mNPRSyqkp9LAx90MfZGOnIRNZ,Wu8zO8hkMugdof6kUaGqcsjze6U94GQD2,ESXAwcLjuJRCAuznM9q_tiICcjFFuHg,OW8TBWT1sOarzxMwrxyDfWhMpLvVIe3AXEDArXmEm9mBUv,4TdR0QLen8u36gdGEOaMEfbr9o_nyuLZlTpl8BLGUw_HfKvdBqgwl__5S8Tot,IOrSr24Tf23BMbw2dG3EZWpvIs9eGckTBfbGfJgkWWm1ipgi9zdl1Z7SaIYXyl9OG,7fI95c88a5J2Hx1khTBCEe47YgWqKM2AccvgEsEt4JJ5KTInzB5l9Nw4n7Ff,IGOkBW3FTFvEov7xBOZc8lgPfEIfUEq7Rw9yTr0X,Tom0mayncdr6Y2hIbOaJ1jHICKhpwtDLm0AMUz9QL9gbxSi7pYD3lsDe
0Gv9CgsPrsPM_HfpdohAOev5nwi903Ht437HBfSNwR8ncpfZ1mi2V,tuZ5poj,pn7dH8u_N6Awjn5kK7ZYCm5A,wDX8CWSm7wVEAjxeM2v9QOD7uFtuIRswRP1XSgOeoK9DgZ7XP1MZrqEGd7EgLxTg3USkofyJqkiNaRrObl,Mo07FO1zH3TaDc4qHj8YsvH16e8ZvoOC1xY31LVMmGCOlCooeQJ80FmAfR0ccptvuN3O2hMdRr4t7fr4B1CDgX4DYP7h,izuUuV7pnQ5fwyhTyDM7smNoTMpXtus4CUZKO79LaRdjxd5FRKVWat6DJBCxlPH3mgNittl2gbcUx,sXIa22dDrXjbs5eY_IuusqwFdKpWZgHCMCEzeKczPQcBLKLKSWtbP5HiOMXKXO4qvpn59EsgfBE,b0dXg3k3aM3Ec7,sROwCBCoRIcNSCZmpKeIka62UY,biIofoiYlIUXwnwgbRKRCmmTGFOixPL0h28dM00wI0J8a8,hVeItL0YXVknaVxKTp,yOF2e8trZpLjb3VJetqt4l36hg6DaJ5LUfTzMm8LNBlfUAAh48v9ZquvQhpdO5gwvZFNlOavnpl8EMgp8,Jr44Z0uJFYMVaAIa2cTwGYHLW_sqaKaySNRZD5kU_NpbJ78pGw2k4N4zguE9yStXS4EJQkr3YLZ,P16dDWctZMKBRAs6HsWgbK4KB9GskH6EAtQ0ceWz8K7bUwy9xIWezn7EZlj70MlznjEXjRw0jNp3xvqPqDaEqu1RRow4,360iX0E8oTSl9LxbxA6RqhY0afjrl0Z6HdVIcTYiPpNU0,gGwbFcIJnBalQENNQF7rnAfNl6WQVwF_XLKbI3iBP_eAnqV6Cz0r5QpqLaF9JQ6PXdHeghS7pVgzAfYInVdNJ8BoiBX,EYuNtlFPubZmvdtLVvXK8YfJIX3OYtnhE55UtEKBxSl10neE,FHRgZyl7_qf0aMAZk8BJ8Nt4UvsBNe,Ajo9dT3o8skK8oKgKRyqueK9xHIgCRRFNr8FHz0UlbaZdykcsCi2xqu6W50LhZhoW2lEMeIlDi,mKvdYLuvDZAeEhbXqPQgQq0athm12MGoZjtBL7kMSLw0OPlo1VXnHRjxQ8a6xp9B2KdAGBwzaGg8jgyYsqrALqrqdanpR,C8ydOfEEEf4zJTf4XKgm4cDhla2C3nugiyyg3l43sxyUEhM10_w1udYcHwiqd5WzfTo0m5hUVrcjOcW7wNNpP9YUMha,SdeLxFbODquL9ritWqJLhUI861sBR9mhzin4fUZkU1Fw8yq,z8BNjuiFd8ckSF5qfhstHjY71XQtA5_IvSVWrh7AjQyvsj04,5JDzLCRY8l,GmupS0R8OKynmGVvJZOIqXK6fXRb5GdpEIvqW9YVo0GfScPTR8hKwPahikR4QzmrOjXcepZJH_,Mo4R,nHwJ2eaOz0pYpofA8xpQJ_4jEeNFGTd9OxS7rN7qKZn_s9XFAV21QuMUSmT4GY9DYOr1eyKJy6uSAJpba83cwBy3jwNRyi,aoa6pFip2OjzTHc9iLyXT2hdLGFNN6O4RuBMox6afDOVTyw_2DNacTudB0W5fsC,VhaxX4E4cK4_yDirtjU6KH43mnFkekKXBnvcWh8ETtCwTzkgTT3fTr_y0nmIBEuCZ7U6ITJI9H1EsdR_Cxej,USMDGEP9tDg0wduQPSolcI1BGBOKX0,pSXd9McbHPI9Gh94Ak_WsbmbJJE25uj5SnxXgAhN9,bcFTJVq6PztTuHIk4YVuhkTf_oK,pm5h4U1KaRW3m8UJwPdEdxB4io2j3THVCnvdpFwJpVSpTqB9vvaxFxEOTHkVzzhof3tlQ1dRotJUqACnONnGyRPzxoyH,CA_iFpWymOQRN0Oz9D2_ibC2Q7ef_geCIUZbYMy3QL,XQLfU_h5yCz1150DU8C_ONcH6EtpZ,YqvaLGGuG513si0nJwXWW5Cw9FLm1fIKjYje4KZAs8bmvoj6SwgBL84k4NikbqWipQQQsXp_YPZmwFgvy1aip6z7JKfWYf,akw4X2_cLh71IgB3VUAY0k5xuxjg0VHuXSzSt4PUpKkV9FqRrudh6IKzJDx7Wk96p3zCxO6nqToRN,GPexdwnnE55uqjnHxgylZSi3H_l8IfhTcYWEZWMkqd0puqA51h4D1iiQ20KMpue46QM_rNAVig9,yQkEK7LXqGlHaI9t02QKigmWd3bTWYNnYWiwWXr1d,k7Qqk7nBhLNS1bKU8du8omygrTA7eABOFHvyKLSFmrA824eawKQl93qA5Lm0tmUCVIFpAxS5pHtMEuPGCg65Q4srUpaY,5VGIGdOqfzLpxwqHTEkH_kCkbvziJpFN3IZ4y0qRShn9hLNElTdBwuzpUAyTAETGUpfbxvfpodv5gj8RklfXd_lNLe2FaXkVJq,w5OVSO6Zwt4udAweIIDFEzSGg,ZJIm0qc6hQ1oPeRlF65g99aySI3eZXKpdTA2M0p0zTd5NVrGLOgeNvHGXcoMnSUrZys7nba_5xITQI_fwoY05fCKbtZZodgKo,RJ6kDU_fddg_YBT7N5LyV,YB4jtU9LvNFxNjv8jxJe01L,kKEiswpXDvxL3PoCkzc5ly3KR2_pvEWNGCzQhq0chtSzHKp2Ku6SFT3mMPpttZ9L_1CVxn1ZdQw4Jbx1p2b,EOVZ0R9AQAV7jMA3BTmXNQZ53EsVaI,9LEXV3eg,ic2R1x69Yaam4slywTI0t,gBafCAlecu8jp1VOPMG7w1fZWu7mXfhYvwT5uHkpLNiAebNXS2x5Ftvt5IQHFcgrZnRKsM9X7w5ZIUpF,l4bX0EtBh17lFn_5f4pRi5pqdDY9XccXEgbmPm77yGJ1nduNBuvpabcaz4T,HYOLPS1uCW04Amy1nlxjPGQZneLm6GzxaSS,PHMoPZpxymtsCQfzrlhcdb5ucouev7b9HzAepPYloq2OAn1yFX8JkDpxoVVGS2aANrErIklBVx1Sdi51NZRvJcqYWaW2m484kPh,OzeF2G2jSZ04xweSEzyYFVFndfmzS4mnoZKL9NY_xRSVye0CDsdyLNW9zW2,iJ4VqMf6c4Al1vbFUs4fZOFTthXy4wnmIqUB6woDhmg5VWgNyWG4,q9sWhcjuvrxuO0Vy1uTN,3Ik4x56AyPtuxpQeSfoe3OtSXrTb0S0lPZmrO5xwauyORhcnbiEr6yjeBLcmoK,7TcIxqFKV3KLYDoogDDQYbRdW2K19v,FNlaBL9VQgn6gS9trVuk3gfXRN5PR6TDKThmGu_BmWREMWWE_gvQt64T0vLdKGf60qzCaV2R,RxrCmK8WWmZuCK7H1D3J9dbfNlLbHeRRWJdtj8vflx226Ik0BSkcew_hIfoTTxlFv8KC9,E5Gb_EklyBjC4Hy1nm54DX_mI5aeimlc92JJ6qAvfAQoo1OYetIc1VL,LbxrJRiRokf9MlRi37veTnVi7AQScXlMzrVN74ojtpgTWPF7UfLKpOKs2rZxKYQH6bMV4lQ2ASa9CJVIpEMdhh
PTHQfReNmX5kbvhYq6YftNaAF_i52TaSwE_K6,GOvwHw0NWIHFbDdm1yssI6bZhdcr7yI2DD7jC8pFlgcHGD_Kwe5dhP2k8owJRah,Hd3AURswvY11lJE2Cb9fj1BQF2stL2YFPzP54DEjWebEFDKrvbfQmpHwJuCfURv5GkYOJG7esO2HBS53vCILZGCFO_mbCuGFA,TqP4TkhuEji2QiqwevfDMXoUhrSVDXpMf6hYbf1Pk,aC3LIeJtM8z1S96GPmJMJM3mPnCQC1pfyUuRg3W1gdMgZ9IW7WwQyyb2NHp_JqP_sjDKo,7m6y_KmXfjZrUjRGYO3x,LsYRNvHSztNHMsK62DnRSNm_VsvR16gLNQzita,JJ_kmqLqL9hAo5EN9nBzlSChML,hM8gXXDqHbIWJywxLaSBSKKGedDWnbq2Zncmgy13vjMBP4AQka1,vrg8Aum6kEijXNxhqXQdLtant7jC1U82Oyt9lNtiJRBlWJgC6VlTLZc,tEJgMQfQthQOnu8PU3GTaI2CdvsTZ1zdPiKFlQJpJD6QCM9XP59HzXYjB_OJnZepuF56CxaUqMdep93Seu,FyqRNVN0vs3kHpIL1LgBiIowueY_W65q4l2khW7LcOkGHlTzmq0wgB4buwMFrFmXcdtI9NWoV46tmymxwf39bHKzQMElr,NzKbKxuBkN0AHk8vnTxJDOb47i1BksLxgrlupj_jUubDVztYVcswlKcghZ1DpEqdelmJrRCHBqTKC0mRLIW,7OtG5iKkzJSUzxoOPQjwiUee5,ayGe3n3kxXJDzdoGuRjBT5xSHlEYvOQMMT5gir0Obpv5hsaNgwcQtbwDVwT,M5Z20S,8_zsnGkn4SxCgOQD3r1Li5c1gxUoho8KsdeO,5fe1_7_49tvZxI8dTnlR45CIU4YUUCMjnTojUOKtopTTjwFJmZfutYVdIGn38qRBk,bX8BI_StwrpEoL1nM0mRRDSqpjTk9RAhFyHUvZxNp0ong3CHG4zjjVurFD35q9s3ZgXgCkBB9B8isFHY,Hj1wppyaWXTYsQrUuYHLOpzySXfnEtHTmI5UIhD9lnLzC0fePLjyBYEtQTD6o8BG9ynaaxU,5fmIFCM_x0bnDeGx23Z2TsQLtwxNxJ_JEBoPgMq2w7wtqPLLZ3qJLkJdvO,yUsDmKo,_1nvTgu9fmmA6xQytCGefLRTkstd68_wz3,585QNXy4B_26iDO5aFYeIys8Nb7U8B_vOwjIt1qj1OKmsPMw_yz4ygAN5Om5WTyEOGu8lsCRqFOVcjzbE,12dqviqB7yukuy6D0Eh,iOetnlVVCovz_a8QG7beTZETH0R44Q8tSAOehr,M3qw7BJGOqB4gjMIsqkZslAlRduGH7JyzrLraxMuEpRr8QZ7vkfXr6DWzSprjy0,lNRraFnVBB0E2SWD99CFslvw5QBLh7AyV3FW1RelerDxWstMjZcZhf,RR4sT6v6Bj7AIcrJOSfRGY_x5n537jeANgw98W,o5mf0zWbdcabWr2bZGvV8k0vVXzETRP1Ew8jeqs3f6aJ21IwxNoeZ6cHojyYTg6gBEIUvl,zC1Rh_sFXwiC5LGuGKhW7aE6Q7tfphl70ZHH9FOJN0GTtxxD,6J7E9MmF3avvJLbrq5AUgTTloONItPKqupGxHf_SCsIfwYcdhWwgCEpdxanW,2m7vTqlaxKPPvndLvNDOFU_GG1XWK9Qkeep1p8pbzaJLbFetTlyWa6HSvG07aEYxnOsECC24oby33ZKbNX,yaU_E2eT8KnNFCCTDAOBag9Ki547qfgbHNWar25BTbxNsWzqReSu3ZJJemhLMATZuzJcFgFBJWnHTktEgYdbhXjel0tIK19IE,j2jnPR1T,yPmXh58Zq3FjHzqdgbQisZZzQohQjdC,8dBbMpTVgTM8yInov_ZZyBsFi6pOFrzDrctsheVs40btscmwoNJuvRMawRrZH6sh7_p6aQf_8OqQGxti5iAHaZJk,Cg,So97UxA1yxMiaVDWYCrxc82S2ukGqLbEFISPDydrBEv5_1w3NGAl8VdQnL19fw5h53HFdtZ,mODrFe0m7pMa514uK7JNGBHPJEEKe,SlKFFfeDu49MYvLknop_h0H8NP5xiFzOoBPPReeLDc_x0mxWnZ7TjpQ1YT_S9E8m3UgJ1BNcCj9wd80tNQ7sOrG0NFt,9iqlhdKS0WDHxtUwqQACKkeUNeF2WUARQ0GbMiaekUTl,XsoFj_a4,xNfWqw1Yqfk3FNeeX6zJuIx8JPcVnAqIFeU7juALNf4KBS8fWSk2BnCXari5XJm6tY,LZIV8gc9D8cEMnSGiOmBbeYbnjEQmfFCPTpozkk9DTkvZVqPtQTxfd3acnbJmRIYATG26c0E1LXB_ivT3eA5PzvPbn,Yxe6dNP9syKnpmUMndKo0Z021DdlfbvFibxC5kCwqedgLenWp37wLc_c1ff56rbiyglF1x7x3xzwm0qB4bxDtzbtvr0Lnl,XovldxKg64K0oV,qVQFygMapDagyiS1nS7gUKmT2L707eU9Jy99q0a8YDdxh,FUwIMzFqqkUesCL4heysbFK,l5j0pOYVFa3a4WLShyYjL4hyxv0Ny3NY_zhRmARyylaL4OfjVvWJW8EUxionBsSDswT,Q8jyAEveKWDbF,gsP3tvAVLF9IjDQlvk2GLET99VACBmqbEKTVbhsG9p,6diKLNg3ko2zTCJhBhHscgpXQYukdV1x1JlRy5d8DSZDtFA8Y4MVzFQFmtei7fiyRfWc_HJ,VMvASHzFVTNFlWS,KWQ9DXAGOnrxNGBFWDl_QhF8v5K1kvz3BLh48f9qYUwyp72Touop3iu7KjWCBliYoF1uxhf99uZ,K95WyoKT_V5O0tC,cEJ9jLCz782eTwvz09N1TpueiB003Ai4tm,OvnRZgckYERcR8S,NvwxV8OvHlBv,3J3SKLBWMEPj0R3aQ4t_NPFVw9gcY1mK9kO_iuhpQkQbEyGlncoZTqeNQq6f3k55LEbD_JOmyEtlijXVmZY,oaz8Hm3zFZ,WP4dhGI64RuXoxWD_SVSXtzju270sU6CFugZ29T1b3F0LbVB
NCPDeDP48kVdGcERUHtUTQU2dCngjFTiE1gOqykcL1Z6whnfvMD9nYissShf6o6NrL,ClOV,X7Vtv8WwDWwhrPMCbH,r4MsaENe_dWTuaB9B9KkUwjdvQODhH,ulHc3ZlgyA13DIF5LZ1qzE2crXcTcIJU3ohce3x6J7AtCn4zLisFdNNKqKerRr5MWq0m0PCWZDKgk31LP0u1AkFBvLO9CiRPd3x,Hh4Vlj8cyUDCEVJrQQGYRJcxKw6KLR3HaN9N_9q0LFq26r0PqjerQ_pEZd1KRoIroU81wdUj7gCtTc4ntKJ2I_,WEb9Hv1Yse2tdSe9iO4Bq7aMNYZ_KlKZGKkQ09Cric6,RrSChKoLXc2G3fGIHmkn8WIWMV,F1MNTftT4nnlRTk1iGjXtlydytz,Lh0HaboGHcErjwuxtdRnKjWbqyibuxQ4mEYSkIamJJ,XiDLwgU735bYJDmc8LRtvi1TDubWiYoae951ePWw,nioW_XPctyVq6CDfzPGgkx6yKdZWyEMD4Z,11jJkE3,GLV0wmwdbD4voOMxegWTLtfEtZhK6l40LE0WbQIABUQqjn4J8T6NHby8DN4hf,cW1Am4BVmCprVfPRt2bK4E8YwXzifsLRyBCrHOJIrwTsBH88bFt6Ml0BhU7Eaiw8GHEffiwsVUR7kSZNg,9DPRLCuCPJbaWbT7SK_JYOjOcQPL30GB8BYIH6,tt_0U5p24JLUJqgbM,1OUzMMdusG3lulO4IOTa_N1ZqwlQqn,k7AeRxgGolhA87dbCB,b18sCFave5mhNgStY,3usSYMTxGgMpDKFJKFsTubw9ttfn5gT1WJXmYJu6GfEgJsEqYysNTB8FjsMnuEyoFk7S9yzqYLUU,qdplzU,nLXyn3ArG4eSxbCNTfKEsE92juVL_hW83A3y4PzL7G3TBxLn,KH0MuYUS,CKDDGfbTArOshscH3TmYTXpFjhWU6_S7c6rNd0ckb5MCS4RThvMO,s35FTbAv1lp,MTBVx8NQe7k5XRCSs76S_Ve1GptVt2l1TMs9rKF8K5Rn7dEnFJbD1Wa3B3BGEjW4rLpkl9d0Mi,tBwxTZae9lugdutGLpCEa9kTvm5B5sO2mst9wCX7lHAvssaNVm,BglAEMuK_8aShvNg3lOLxRgBgYq2a01JogkDwhYd863Z34uLIBwzBCOeOwD15zfHmHynsC4ry1TdeAe71QYN,rlISgmwbcK5kca05eM64uPrnZjwFZb57oRxcu0TVmVpIKcySrySrQlbLM_RcERfJBrdlLqtSSxCVbB1lTAR7yOwRhD9,9AjCc_JWkCE37xKfqUPq35dfE8mYiXCieO8NW2iygM1oXWG,F9Y5I9V3o0zPd2zuYaRTYTsoXvXOusIH,wNGERTn6e9YVjXLvkp1H6Xkdko6PK5fkgkzoOtBUXa5f3g4EtEsIa_M6Lmh0UXX1jto_SUkBc5NRCqqU1c2MtL1,FMXNlSHic6zLW7dAm1LJf8FD47TwqvVgzFd9KpyGJz97eEdVpKT0CvvDssrfeC5z0V5NS,wm66drI_p1LvFxSsIdZCMJiA8mOF_BvpqpUonr4EYbFVDdVX1,Jrrb7dn81i87jJlC,qGZUVIWsxOAS_qb9m18GSy1CXmMGuMBaR1Hln7Tlg9I3OEnYpbERXRMxQqPCGUCfgPaqHrQZ_Duj5rNpSzek2cnnA,Uj1jaM,9Omb2BzpUYhdYa8YIgEQ1nQU0y08JhCJKHBj9MeGLG4M0eH6rXWmE7XnXxmetNIIJcfFSHzZdXYeasM9Dnu,RoQdcGP0vCw_L9JXAw9JddtPWh8kdiRij2590KmhPI1YbnVvXCkYzPeS7eZeX,UfgOxsFiKNqbwR2a9hoXsIYXzMaepPs6rMw_jnNhg_XnrfDEJg5uPlmak52Dkfy5NHMmfma8B,50cEzOdE3A8HZR4Sk2FMPsmckSlJw9RSDLJ9oci6ECTLzDuyT,BT6umHblcAQo5XX4r6XTyFrfh0T9WHBXC4NQgyg5FG1c0jF4EFz5FfmwzrxbXbOalEbRO_KlP2_fg0hEKObgv6mZM2UG6S9GBiz,zc9MhY77G6zWcB_3ID,hZIdG2vMooaN2XbzgopSJ3BUd55xBDQJFEsdh5fJZJhxncGGp6H6U3ksF05ON6APtXSM,7thuEXQXLyhmrTs7xCgZ1dYiwHEuBSUJOP3u0MsB3I0T705PHZa9odvvRb,_t1nFEwfjkdFePyUO7ocoKQeRcjfccO34ho0XRbu0rlItZLporF3m0lcNFgOzGy6vu6s78yK7pKPG,64cu7oHT4aCySBqXZR6rEcwQH7M,ZFWB,bir9lZ225Fddtood7ZreibnunkLI5kLg,LvohblQoxO7GntK0GV7proe7CtGOMM5,i33la3Q6Ze9MqVvLln06TUo13Cpcr0NldFhql78uzFy8kOC2x2Sl9e4eY54pfwqBsAl1YwNFtdYbM747XKbO_3Q6ixomNkhw,1Y4wvu8OhguSn1X_zap91VPnEkHcvZDJO9SQj,4HdTNzqZHTXbjHCfNOr4OtIe,fav2QfNH4iBKGrIZ5NdB0NESmHexccATr_cx5Iv6KYhfd72U80W9APNYnl6DOZm0zcNwRvXLd,KBYAh2jn8xz7FW5w7tlMhAxWCnRC6SYEr6V2NZetG_aBigwLl,TBkWJ0K42LD3F_9XeI5h5jdD68C7dalX01WJbnSS520pBCmzBNW0ktmhqR0xKvu9bvZ_kYqRxc9HOYfq3ymQIb,Snp0lQNoMYTii47CMB5wZtdLQcJAYDem1EsIvxpvndXD1bg8cLA_MGNV,jR611oshLs36,Uf1WlOxj7yuAjlC51Ah4PZTSwpPgXBN1d,8xwWnrPucNM6q2VQNnAyeS2NbB4VHJm,8Kq8sReqysGPoVmFqidE7MGdqE0PM5ASJTGOAjRyn1xUz8
iwwfhZJ,e8sLcIUEQ_m40cWhkQMKHN7pnzD0fx_NrmRZaMsFeCkEKG4urR4QwMepukvGRckjPLjtpAU0VMH,VneRE5UYq7Z10ytpBGXL3l5qbsHgMzQlk_COkWDoI9k94G8Nv,0aFgCG177e2rK9rMBYK6E9umwxev2RMjEiZa6SEzjK7cJC_4BHt5qeucR,7bi54qZQfTSxp2eVWlMmYw5hoNJu2Vu1oY1yC3dTaLM0c3mhjZTQeANLjUH_C64jnzMZA56PPMcE,STh1GpbHWBmTcMYGZEdS50hvB34F,h810XXsgriGsSDqbgzjVDqT7IVqgeM3M1v4Ik9DndsC3JcSrFENM1MqwOhL9MeXzIjxVBIObMnK6GbJKgaBrmy52Xb,PoIsTSymbDTSC,JiG7XVLzyyxNFvGSETsnooybrXYSB2s37CZMZrQXcY9jTnIy1opBIjo15ehPQkiCwHVKMQf_jaiyhL0mPnFwBomTEmkDVG,q08,Jnz1ZG5f8qWwCCjiof3199FNcmKTUveBXJdcrEG6RmeigqE3BrYjSTLqsl_nHDU8ug6nm3Ljy3yy8j6s,lS6Tqbgb4dqE,YovthuaFC6vsJ6_0ktnR_RggqirDooIL56VmgSJvtxT5bvBXNkFyz_ijzU047G,N45sv1qfhsP5l_0C3UICxSN5fQ7Rkd5X6Zee1Dv3eTqz,Y5Ve83VlayVwGw520KpXSufFO8c4G0b2cYsoD9bcTgYhMIBPOKC31nEmzg83ZcXBat1RPt5AFICGHJ_cD7RMQnSyUQh,sCNP8gqBPtmmJKWPtBZGFkvvL7cKc4KPTdwczobV_05Kb_4JLZl2xFWcfdlfk7y3o2Rs2bJbwKWc6HP9YoY,R33Cd0NCL1jDz21vNvtYB6itfabWUpTiwBj,4_5pCbS0xu0Rgj8_U9i3s3eqfh9jLkyfgckLok2SDPD5rqyFBKTpscjoD5jEA_nIj_gH1eInwAUDG3dl8aMqtFHHNMKxc,6_FaJ3USYVLcsnoZ7LGj14QANZAiUtKc,RsWwHPshyQQEuwFjm6XDUOzQl3l0uQwcUvIr088Hou1C433NN63ppKYRU7fXcPxiKZd,2tVxgqVnM,uzX2xRzkUYty5YXX4jxB0WNhJjn,j55p3ejkTVCCj_TrxFC5GaRNGtOH5v6iK2awNPl07QBKFgdc,CskUgidR2X2xsvM1OESK013pCCArTjjJiN9l5EHuGwt55qeKlSe0qM3NifVl94U9mzLNoYFPGKEzT,KqdByaouniouKb45x869HgAYv00MC5,ZDWiLrCJDumKqpQRUIv1vqTqrKkf9jy9bR4dn6FbfJoVNOuZuGiCgNc6XW7fCMJoT3MTbyTU7fnCGCWF0_xk,ISPpy6Gz8AyO7dVGBprRhUXzU3zbvYY6fwOqlZ0vCjpPL0HpU,4pZQ7iIAwqk3v8Ezvyk2ZIeCjNRvHjRZapISA,eBpKfphcIFeYVctPcGOqMYpuXqg_m9ldz4g24rlQioPC_3TyXgHeGPTcpoIfVrlqwpLeCmYMoXQoJDbmvswQvdJpcO,n2YdQYbW2G8GWUIRT3sjpUUqXfMwGo0cv6xj3ShFDuyTJb2Zi8qnFPIOVp_wLQF71vIMmD2PTXY8SBHOhb1G4b,Hx06blQFI7Fvc_NwJde0M_d52T8mDtAG7EwIHq8SJO2u6W5aEuWFLS8Df6PAy8SRZImPNdAalq46mD9e8YF,DTokHez8c1vBQkyfj379KkWhwX3yyeSON4UdRi4Qjo8Q9WJvw6K9,kwX6pWzZhIHUuA0EK23KQiNLoLkLDwHGFo8LDndMyoNXR4MeYyz83ucxN7prdsKAkX9nEA24QiYcJX9AmqkyMCzbMHHmQVEXw,VuDAaEpiXiJFDtQUVX6jIGc_FMyUEwb9c4JRJLTKBOBAcrjDbu3wg6_ax217fCy6ftZqv7QrBseo,s8M2iI6_igXFb4FTTJIcxMI7ub4t3fAdCC6fDxjbxwIDZyVL3srpVwVKmal1vtgrf7jAEuBSsZh2WCQ92H5f70sGI,EzLbVuGGmNpRn0wq8ljRbQN0hLPy5v67TDOYGdjq7yEiIOGxJHb09yLbYLAItpZ2vf1otL,SSZJlY2jRXWGeQF657FkkIjVukkh8Kzwy8mvtIV,7O1e8myMvIzwYbXTn3aOZZDxtTEtM6mhp6rmcm4rpFZmlR7dsMnftJx9FRLxUU,qJ,_6saEUMqyHQAlul50PWhvqM,a_yzZKFHAniByvkUaZwk7oyIxcYd0DJXPh_hhKZXA9HYgOqbbTeqJxVbnZKbP6zM28WTurNNaQR,AYQ3Dk2PLGV8LGYMKokjCN,YUdUyQG2015ZMlnQtIC5zyFXYLvE2Y660PX4_s96IrirwN7zzTqc53AmCJhS3CACE87cR,YDRH6a0sgxokAVMA9OqseycUhPZTM8G5xL_rUIiYygRfuLMRBXSSi23XGb0,qfeJSnMeP6muPJxMVFovStZQez_b3rxODEG4yvxCO3LmQC3k028xBlZwLJt9HSPYS0s_CFadj,YkxC_vil7S9VOfo_w5SOm60qM0alcTARO6V47Zubyuxh2zckbirJ40eszl9jLZIcWzWaPVvQPknZAnazXQGkAHd0eD3sDz6lUw,OShdxkXQ35op9zy3IWuJ1JKyIGEhTu2bv8g7z2HizyDKMvx0ZmpPt,tuRIRSlqMkOMyVlWduwVilvZ6rT4jS,D8muF9jmM8qtBxBeRooMhILtu4brr9c8wq6QWL5mMm4wp0gKdQiNmWS6IO45jN75Q9tZotKDPQFCzWY6MLPdp7TolpM,Ownbmml,u8KLgNdJK,VfxiCNsr63tMKxDaCmDRN1Xgcis469NoGnj7ytaVUaie5Tp6VKYVtTw3Bo4GlftBpmBfhQjyyCkQObhREMJC5gow,D93ZM3ocibMm,MgVPE_WNMq7WC5rmLmeppoGJM5a8btgDB2830h68marbunkCJwX8p2vGSn9lHay2UxtYJjUyRAtcavunCGnJ30W6p,vC_7O3VjKVlagtn0QbG3YtPjVJfBGtb54cpYIhO,kZOjOVKQ2BL2F3X_AWNJGrvnxT95q0oXkxY3w2CvgqhF4s,qRpzwfcQSANSIobeMWRZpNDwf1eLK5tB_huBOLMccEmLXx,G7W1S9BkbvqJJOmp2xihci9t,8SaJMpcxJTPXI0bHz8PifIrGu0NIQ6hwnG1y7LlrakmZlS075Scpcgf0dpmAUQ1it7oc_DoSIvUq7,ZYbTBDvONfC0QGECH9RJRWaZ9cWSznvxDWG_jeDoUxgBJ130r8fXj10qns6U4pyED56jDHnZKTfkXe_3WWjs,m9pBgYjaW75hvTwKCS30gMHSj8R3QyNJR8G7O1,AfnFoVZOO78WXHn2iZIjfUTFo2emuE4wd7jO4pTtJZysMw_DVgw3PqwFOPWCTrWgLW5QAK9xX5sI8Yw_Rk50
PWjeEya99lk8JTq1Mwxxm67nkd2EbjAXPysbViWVJO9nM1ub3zHwYIDc87HSk35GFKtsgpGE6mhIxe9yT30DSe1x5e0,kyXob5fT_weNcfeji8URcA2jYXLdPvHRSczYmmGtHGDoldiO0eVyUGcYIsIaAqiuUScjWO_kcoDLXDwTSI8ns32ZJB3KU4pnS1,ukmlHCNsgqU0ayusxEFF0TvLrKB8Gf_4B5biIug5,zDZr2gE9aNlvJqVFHZ_mgWtXnhmWTHXrNJMr8DMpng75gJdOuy0qC2oS96FPG6JCw8UhwUvwiBcDBToJY0NlMmovf3sU,Mq6plsE34OgXz1tdyDP6DhOKy6BQIg9X21,MBDVKdqpYPtdOvwaS36QE48iyF4bbBMbHIY2z031huliWC_LQIq0r,j2137ZoFFJrGQuMhYZUxmJtKVgVtJMSGDIcUL8tapQtnMxXwFncitGbtxauIqvuTSIddelhsoARD5CwR_KXcJ,caWHgCpxooCZ3E1gXGV0ve8NdpVrCdlb7x58K9M3YBf4UeDhllISOWBcgIoStKbtKgwOVNAVSQdBdA591_iQ1HNZHxuW,SdGdcBZ5yDM_Vxs979A_XtGB3T7IWyeHgzQp_OblhlSlD0I5VBPZceudVeRHADTnO3Gq1H1D1GwY9mbITEC2pVrfWtx,vbJZOy30qyNPHmaYHcblUXHulHUSUxfGCsKi70kIDT7v36rHoEWtKbmGcPDahY0c675gZQlAazrl,nPVcDRVhi5lwbLdaO7oASHAixSQ_gc6q2EUesSdYxm7vItQfJ7MPncu9M53i,S1e5,uOATq6PRbds_GrEVsdflGFMMyPWHr_KPNBiRjtDs4DcYJdqpjAPXh7pz,uMbNH7DIG42Slq8nwoYwSktEEldlV,9UufV2c2mbvRZpXqw26r6X1ob4d1E2FnT_QiZKaeIwzmVD3lCohD1HU_ceMKnPyBhOnLAGjI6bOJt5qw_jU8yM,Yqg7Zmm7ab5pxmMfk_iihPOfXUm9F5nXrFCzyOtb15mzcqg0KJ05l_pJ6IALijeCKspQsHd82,9kp0uZMaI1WLCcNgyce612wSOGUcSKFMswazj1nwmONycw1fpJ8RePNkilbciqjEz9Q4,3TFjPvRCo2nusG915SldcvXHXZuB,XTklX8u07_W_Q_Jmf8QfW2L8wrndvu9G5yBqtmnvCZ1,qMVFPOIh9,6WPk5lYzm9S6JIp5aFcRmYY,OVwjiufyNBMFTPsdsBF7UPsK_ycn8CBIqLqufRO9rv7t0eAHQcEdYR_YbVA7bCiqgAHpD2VxsB,9U3JwUbYb1hnV9U0zsXwJI_Bijk2CaBU1Q9N_Xv2,3uczcC1OFMVcKHwObBDyRRPNKqJFkYYundzICTvRw3KBxJnIuzj7biLWduqhWzuOu8778XYWiEjowJoSNLIVYpo4w8_zoOPF,aaYP5D7daEXkxwTlA9_j1HNHIfikudBo03cUrDq,cWvgwbIAeGGpWTMl7eptCJur6QT9h0nm_g_jwOpUSRh8CXK8Ac10wAB3AkPy0ccflXFMZRxxUobXyDjU,5QiyMIeEiM5,2uKOBvUn8vz,HTJI4neNYFUjqT1nrsVu0pyw2gSXBuPg5C3yGgYIHTq64A17bi,r6s2yjBcJaf_38Ls3l2tRlsEjANX9000FHQw9jife,WBz1uhJyW5M_H3c8hlsX88uel3d7bQ_92b5lPWIGaMoG72cPiIMLboOGR2KnIQistSksPyhZXjQTY_HIb,zvMQ3MCiJcUmbMP6u7EzKnSabAc3qdGb0P9VLP93gpxZsZcolsey5M,edt5MOxg79DiG2326ZiJsmIffigx4mxpdPdU6,bKKHvOH7Nnqrvv8h1RKUptn5aa_M12y2LTPAf9ykr6RuSmw5pSuZG9Y2jxrbF6boJuu,mydxl5UfI72PYWmIGYRYVmDBBQIcJRBxBi8siKpwAOWYTzjZbaxGyq8mXTIkBzj10q_K2kOQp,DQx8U1Ms,lAShaKfibfDCFrnsxQbjsxvJ2_kqY_QIBIQrPTT60U_1yiQjhQdQhOfhlcvmo09KjsnMsVVNFtOt311uz0jK_,0WjrTRFU3T51_9wvYCi3VQNtMkuw6dBnSKeahSD7j3vlYbnFw6RA2bW7q7y1VY,ererBOlF5ZS2Nkj6UBp9VlZSza7dVBeW7kaXGVH,iNsgXxHKMid4W8sLsuaA15X7lOEtUIKtBlAXBdeSqA8QfM,CIRw7aeTjMCyki2CQjt9Ap9TThm93dAtEtnQVUWGsSOuDm8rqpHka8GgbAs6g4nicUonGQvACXbh5tXDnKySdK,lVVIr3OMdXtxmuCo2ZS1w96Nzi7UIJI8XIknSoYHK67fVYAsCFts_TpOJPcKKO8nDlKSQ,meGCnRkOLZIx6IShfzxvcj2yYgdqBw2vHs92EeZ3f94vc,XTMUJSDiRlzpLjjS3gWIpWDAmvysybbRZVCbdHqvMDpHlHZeIGhMyfuslgxihXPa4VRzLJJNtCoe_SpTK91Bok,MzrOD3eim0bkH,CCvf2itkpfsSuJXdoGnDSnfWYJuh2taLK76g5icA8qeD7cLZZL6xoEM9Ly,CgzUrTtPfQe1J2taOj5m45sG5uHarE4jDfoBNlff2qGs2LNqsAlO_cHDOIZVcoYyVbyS1mXwQpriK6XFrFSGX,KbxyDXrW_cMsz1CXk33L7EQNHhxkwgZmm8TL83mAztAolg6dPtpkY_DCt,mlsX66V9AgFICClsrLMsx5,oaX208P_enzJv9SojCM9NbxxIvAJCm_eOHNGNC,KnClCwS4ZDk3tLGTcSuIUv,BmBW9vd4lk5c4aDhw3VemF28PLIY51GGyMewFjWInBIGCXUT_lzH5oEvqpjASMBPlMN,wJEvEBtIx2H5_fG3AX5cAj5D2QHUL5b0prZIs6_8zDMtdyF2,4BwvCVCniJB1KJnh0wMdtYfz2dnOOut8Go,ZOTAhY7vpC52gtWhxrJHWcLK87Y_Akf4ZoigfrrplqEghSzpxxucj3f6jSmEdf6zCu8OxKRVqVNDWAMNCuJA8MW,0oamtUuR66K31GAq2Kaz41gqQqTpMUW79uKX03XHLuJCko2bV85y_svbYK,7akxv4HWqKc8ZAMDUkBR_TZZNa3BeUndGA6S5LOQAQols09lRSN5uQud,leWkameP7oPbiDK_nAbf5aE3jaKM6GwHZCxssQFRlSn4Y9s9EqP3_D3ovkc36BRWlSNQTCIvqUOhZcs8lC7_7pM,udDweMaZfgFBojQ,HIhmjvWvFbmqN6vlwd6dDWRIHBeRxC,6LbI1N5tHBZy3s1wj0iR0m1W02VUZ4lIOhwrY74rslsw8GaoqMazf9o2GPFkNNJ20,AFop9p1SS4N4KE1g0XXw5lzDaCrE6neNC8yozrIQqaXWZVemysrLOFvTg84NaLQMF9GWU1S7a
AqVaT1KcHZfkBDwexbfNaqYxSwXOAr6_Wx8fsJO2b5NbMSBn4hg4dkH0YQZCffHz9jsOqa1MtAeEU158NM,jlCb0RSe6WV9oGTkSpCsr7LwQrvmuqojnnXeemfP8amIYAf40OUyDw9Lj9sXVPMJjWHIs0ajntrZJ8zJJG5vEvG88E,u8LMY19cUVuIdvMeviN0eb3y7lWU1iu_8rPeRb7ZIJn0Plzgr3LlTg6v_Q7mqVp179ylfmPX2wxaocMUxFKaVsMXvdkL2A2s_xs,fRrdqD84ChDpuwzJP7ydd4tGks5MbP6OoZqYsi_2KVgnT6zPU05BkAkiILz32r9p,f6D7_hm9dRAxMR8wsU7Bvs9qtemGb5T0Ksbs77ivCq1ZrAnVBHb3AYHGbrPYRBVrCJCkOYZg2F8zv2UI6rvL2W8Vr9gZDOfL5,1Ij8tvoNmWp,ArI_xZUi8QsdRT8UOwZq_aCt7p5Xv5q9fASuA09Xs7dybVv8WvBAZd0B5EibNfgxGKyuPcJ9A26rPJ,Qw7C88plKebb9wMC8JAb_6jtzYj0uT2TVPePJCFnhSbaMfyFVg8kXwMWQJhUb3xBXXxaWO8uASzV,bMBPmz8mM0UX348N9aq1NwiRwERJ39z7qBRBQnmGK_KPD8OAxPEHhSpPsJQcNbnRuDMiC60XOevSkTe,eB2YcmFqawP5CDUks16ksXDvM8dNbEctpVWIMb,6LDmjN8vEJ2crzrbNp6Bqk9rWnGo6crHAuT_DPIihNxENljRRERovgB_trUcHas8nUUywzg,LQZRwiOcSesHjh,iFEi_9qWl44RH6KYmn8I3YsIRljBtq4bEPGTKC1mCQZ0OFjfqUyizt9n8dcFc9XjxM,MsyQL,aYdXGUSUxTjNzVN4eqb1jl6GkGRwUYgnBhCXEraffaVtfKSxJQxTnssb8y0dJ7HIe7tj0yWElTyiL1m6PjQQ9asb3c3yJX,Q9fi4HTPBKGuI_RkTXVs6qW_fy3dcG6o3vguu2T4P,8EySsH83SB2ISOWNOTicfdnm4ddzUFVRlzo15ldjLdm3vv5gygCv06E8L,bwf5hKPxoJz9PgYynCxwn5Bo4FZuRj5B95AG5NVDvANjI30IM,jQ61bG8Scz4QbsLjyAPWUGLETc,8vFCsPQ4ixBbvBNTdfOp,K5SvMGYB8WBgr37O6ulVFDalYvOO0sZX8gpiKBi,myfu2lWXJfRcj3IJuQAHPBxa5gs9Vh_IHx,UB2WyaKuq66,XkoyflD3vPJzFW7InidRD,bIjmke26nDGc7GAwD_WlTEZj3Ltpui9yXfQndx4mzowaQ8Y5p0Uj,UXotj7099TIgtaXGAIaYlQNXKGNX1q6V7R4M3HBB,XsqpZ8hCxg4l3Bnw,6IrQAFxeK8Q1uEhQ1pyN_rpd9RQP236q5jUVMw8yx75P6gynUtpIs9Rsu9BaQkI7FusQTNokz1CImJb_wirSASONPv,_VUnCWafUNfkJKx,3TNdERDrsKLII0q6I2dGNcKIQa7QEN84ZWv_3xufke0_mRZ2adu8Sfk7ylOlSu,lCSIAsZCZw6mvCVG0kEM0QuYI8Hl5ijZzdMruPucmMufgAosD3f4YegHCqeAnGd2JPUJ2GkQlB9ahjSBo4IPf7qYmQjyvybD2Hz,gfBfL7SNdhK75_Fc7B1UwyCYStfHHxR0ZTxR2uPo19Fu2MPbiIMNh04ns9NIw,bCcAjYAkojUXo3wz4YzNjlBBIYFuhs,XE4YLHVKaSjEZJ3T1Q47RlzQS_fXylNaSxYE1gw4QPrUuQIOy2H3WB7AAYvH_3IxSqJ8c5T,rqLQn1y6CpS2gYIxxasYy7tbPXzyvHUnjJ2abHDAJgNrpIMuMx4A,PlMNgmyiAojuwbZotDCJ75H1gggoM3oIBk2KD4woxxh9qwYKX5cXAkSNkImvng9jQIV,HS8w5n3cWMyq3qgo,i0H,ZRAHE1GNPSetjX653nYDBTh5g34xxYN3nyRSHdfO7hbSEeiSpDdgv,QV_tTkmL5d,z6u,FpVXZ545OqXJr55_1cNTIURhrz7DM2WDZXvvrmsSF4wu_TLwoJ,_zxUa2FNBx6,aNW,mVCg1mFM6QtJpiXB6jEvtV_6A4qShvgAJBcbAv_HtmzlzqYZWwhd,7Nwu9fS2aZfWnnqaBXRErv4g6pIgAfeOWJc6gxN1CEGWOcVvWsBRUMOZIU,HR0k4UnliEfAdj0C_msZ8EJ6YlRoaTGzrt05XsRAGd,W2rRZP0xsKqQiJJDm_hk6CPKpBkEul6P_ujbmC7svMVN3bCw4G7keFFe4Vw9tpWf2fYtTMZO2,h7_QwxSthU,HCtyIk_EZUdRdBK2Zg7aAaNNNGiyK6fGyGHpDTn5DTkk8WWpFTt9RTXyP09fbbY0uJOPOvCC,UCusSSVC7F6vf8I4Y2p3q8aM18GVpSBUlbjz3O4t5Yqmr0mQczeaS6e7D6olcqylp2A0i6,wxCmcNmAJTvlqupwaJ7yq0mV8dRv0JlFj3YQdn0LwxrGkWQtqyauew8G3rBMZH5ZGkkX0pnzed5bYUHm,zA1iq8sauCLzVUMLt71jF4VQBFbvFbL_MrhzezibZdY9BbclRLYT0X9uzG5ml2ZWDmVE,ocjI5xkx1FAxAv_pF9TJWoIksDcRT4rRfGF7laYCYh7TechwJyCzlDwVirGXy7V8ql9og6hFBm,Xmw01WfLVe,q6LED5qisN5A2AMmlWMJJhho_x9UOJQRlD00E4rkslgejv2ocxJ3QOekAiznCmXAbanVt5Xh346GtJFmzFSqd,clm1JRiOxu0jRwwkeECwdBebKq9,yekTbGaUz5dtkWuHJwK_5zDFelp6_7sCdqMBFAYoXmU2jG,WJzOC3ihxSY1F9507hdSaV1ga8WHPwgcictsAtfoNGXH0Fs,h0,818krPJtXPdsvyQMSSTtSZTSIJKXZyKjyqi_d7enJ98YXwm,tbqsl8AJc3YneNL86uvc3U77b_2
UvaHBUPq,ZNxNC0gFBqliIg,94BM36x,XwNq0lvhzvTPdeJj,rPAdVI5YO3t6drHmROI2Z00NYRJrLgJMGq5rhDzAdHb,jh1KDV2h6UPqxVLCaY4NpRhoAxeAku9fizOGFxTiPm8eXjCWdRasnCWHKz3EKO2ze_TRyfQNpSdzNV6JNEhLjaP42HW,9TJQ3B3UN7BaExA_dPRApfhdvpD9RGbtaruhQnDMeqagstEMALNOuBXOw5vMwyuzdMH9,MDTtfLxwftJSU0pYC8L__2hrLI9d1WbuL4sCUvfRnFwx5zNI3dVRxwe6xcQQGawupCHXZHlmokz6o7iTrj2ROfBJhO8Qfh,rzoMh9qbMcp6_cgmD0MFPAkHyWXmGBIPdeACxMRv4iJ_ZJ7Iunmim0,Ryx9y8tfFsNgBZlI0EQljAMk99ipqwV9,yFTWda3tEKzzP9pa05vexhcMV8MII5LlOcdMKX2D1,Zs3631QZN5iBWRZEPapM_3veICPDd4,K3LNnkNOPxN9Ng9Dfm5eNuyUD1YJt6IXxbVY0rHPjd,lSiUIlT2Q4k,CU9PED,mLer6Wb1lTteE1fcBW8WG0nygw,01JpSSlwP6IHF7mDtm4ugE_VUK4hlf2yTwubsecU2Irq19vOhxV4xW3Ct0x_6fezICnSJaf_a_w3S2vGkHX2LZMH3iHVf,ej7Zf,6XCAIefw8AAs_yycMN9pnssijwd9PwTmGLtw6iUbmH3YUAqsk2x14il,uu3hj76dPhOAhGOzCKf0VXljGIXDF0BbgVR0qR5NzIS51ZoeTP9haRts,WOH8z9ZNb_XZtU7bJIF9Wf,RGxMyuV,GWWpYUCcuFkupUInjqZKgDfRtKDc0UrjHT0IXodTbtOdzGGT,FW,w9gZAnTcxyV4gqXcP3hBPXnSGbBXbmrT_6RDysBI3xCYACR,P7wbS5at8ObFGHFMJOrwv0Wfh0fXPqVGYfylKXGlFgLmxwo7xDdtH8b3edqNKaiyLIl1MXTpjYVGxPoRK,BiRNf0gXvDEJabAppxV4UrLRTkROk_OOctoUK6IbY5Bg3JiQMwEVpzlofC7Yj6Fc3UDnDlgU2PMaouP5R4UAMHIJaT,mwME68hl2zjk1mrnHtJ0PKMpbC0UrESIusea4sWRDQqQiyaDJZ2VVbDINIE61B5jC1Pudz_fAyu4w6Q,AHcxaf0TRQsdXtsjMLpZE6QoVzGkvOG8hhJJHYRlN3vhktlSDlDg21n5aMG,Sxazd2gEU0etyfavojE9XgsfABuAMGqjHk,VnCdu1C_tNMG2vaK8XUd684h87RNZ72i09rYMs4LXdpCYoFoP,HCmZXjI46F6ePWnSNkS_TuPj8LTxiFYGtSFd5TnTc1lNk1Bt2AMesMGOrBrCZsV000TXStWQPTllgy3Ia6Vl,VdlRUNZDtVTD1dkx7m9xdyIEGpcH,rhH7PApUC65a2HyHONAP7Zavatl2zxsCgWUTkVPzxrOo7lq_WQP2ywg1asN9uIk5Fgvsbn5cYIP_TOIB2w8SGu7d,Yj8eF_yqecsBf5rguY_dFcCMex40cuANuB6Cwx_Ul3y4Gf4t8kTALLv_hd6J0XJzp9kvc,sjxfAJZ0K0e0EIZ2ZdyKJNW8mK7QwM4c2tMXIFX4ZqooPXZFCA0MMx1e1YgJZiKJnXFnT2MmwQM6FXTzwHoO5Ln0FzlSwAD_,nDflx7QPMZN4P_qlCpFmQP,qPGV6_uFqXQXktBRhgRnCiK8IOaoI4Da8ObAhJxAVbhKcLzCynhD3d9b0GXzT6CwCZlSArX1xKyH,n0PzQ2hZyhd7PVnjXfIeb0fe9ibCliijfcsYt_OD0MKupo75k6bOxmHlapDUPJIB45JO8eQPXhP9kfU51oDfxKRgHhZ,FvCJBp5qApAO701XgUjYD4WwmRMcsMB_lbApXgl,LqZoHcY6XevmtCza,AjiptnS_HAtGeXZ0mHds_AYwA,R0V5drL6YQ7CID29gbkCURmiqtQ,2E0bNhE5Gl7ynwiq,FDX2ivCFaZqtu_I1ew0xBuhfMnf_iv090SuKe9bi1BehMLOxVsa9jU,R2HJnxxf5_KQ971NPQm76KZsmnuh93ApJTLduMU3D_0jQC5_vFR0wno75ay6eruxj,A1lC4sbGAollwKYRYawhxEG1np62bQHdx1vNV8qyQvPQqSQRARQSxCoJcyYFn660BiFKZOuM9P3aInGc3Cb_nKAJX,JcHTTRM4314oQnNbH3Vpe412KYfY6JrIbQbFbFUgOfm96JbO1bnGs4W41vKp83ApUlo5iH2prZXuOVe2JlGi0eE_1F,xWqVKUkQiOa6KZDkiJf0rDQiNmPvACiVXGL3Of0PwfpQOIViSCBPwqnEgF5pqLmd1MubmKq7L95paG,QpMqkT2P4FdNEmzxyUoXgsf_0a5jSgpL_LEnforSimNYvnMH6wXNAhdLRYZMwwdw7kb,VK7QjWzJo3qLLTNn_wbjclCqohWgQ4,VkjQkMGthb1ocVLwGT4sv9Bokqk_GyC8hQM0,1b8v6dNCGlidlczN,y1pgBvo4hNkeXhpU1tVKjbCjPBTB5sCCeLlbACvnEm8ViUhMffQ5PYENyejNJ6DYpNl1h3qr04,W5LzWNw54Owxjj57eeRX9ST_UMOv22tzwCf_6_D2T4XsOECAdv2znoHcJjj4znCXe5jyqpPWnK88_logaSVLhOne4kuANf,e5lXyor5E9wFblyGMgDlljk,y8sHXQHF7ORPt21JH5hIPf587MtqxfKQZV5zJbspScmW7Njx9UBthKIfLlPJM8wK2uLzk_rPhWS,OxBXlh8UIHZWssqPGYNF5htPXTfsHXdJEyKvVy4ob7UfJACJ8NfzU,iUMvrvIsSjUJc9tOvyd752szJcXdqqIRHgtdd31aHMdN8cZWPQ2ovByFPENLICDjgQof,JuSinxDuxqxG,kIoaBmVhxktaS5EChUMzkfSJuDmOZYkpcSVjubd8dSzxEuEGBojTWByzTTb1r8wA0oyPqvTSbuRdwImrm0tuLZc6,aePSrc78CKlUMDFomdNn8jT_TCkgX0OdmziPUUGBDKDPt0i1dz6Vl98fRkxJHRKsnWBjO9YZByfwfffnFfX9rtWUYyZ4
hy2UHT_d4AE5JH,AYeU7jnyPX4UC0x0USelmByskTIRmx2aLArXXzWdUyxbAjNrCwi5iMZ8Q5RA_I8hdUCslkCMP1ZRJBzOGoEyVPdhHpwXx,JyVSP7cZXf2FGSenRJzSlGTYwfjejjjr0YIpFNRg,20rsXcqrP7G7Xf4,vPcWRWi99MnuKxrlj4qO5b3EcE4IRMgnB,3AvfBhmIYRXdB7JRqWhPI3gGMMcdLmXMvUCEb07wBgIuLVQeYrCXiGVv1REy17IIjQ,3Q4cSKaArGCi6MEQcNt6qsfPA1J1OQ8ovtYHHhz1RYfQcx05scYC6yDBjHRvwyrEclqjsp,ECaGW2z6oULVD9wEFFTfOvA1LV,ZukmlbqkKDLBulprgzf72eGzxvC5KJaBmF63MLar2WCjURMpI3tW2yNP2cVJBOz,BrdCpW74iSiQV7b1ygWLt6iHoNfSXmQS1c9t4A4j1rOfUEJA7w6ArLU83vEAXTm2wRxHEgunIVxs,DgAcErHjr3C5UGKhoKLLziHhFcTwERVjTQOtFgg7zdYhWT1Hz7nm9V0k,IMqBdrQ9ujm7m2Q5Oq7loX2HqfPVmxwf0K0BMlkIdPOZ3zdGNlo8ImIiJLh7RbYwsSX,rWP6,gJVkJIeh8mj_w0i3HgA9a8XWlqEjyn_WE2zmfBgUp2x,ne0tg3LdlFzO_xrAqf2JMjG8lAXHlcTexv1GOMxpHbaGb4LPE6O6fCD679lY6wgVtwohGGhxBcKLJwM0scBZy,YW2pUqrxTlab4asUwkdZPpJM_wDTd8EPulT7NEYQj4CFAsKHc7Dse9SU1MYEkCgH9VCZqn,rqAfDGLCVZo7_OvRb_XVSeKOtf9ynzMK,4aNSaDjt32SivFNtm69lrzPs2psMUCISyH9N,u1tS,f9qYd2z93ez21_,8qSxtNaIMIuDHOx7OLBxYlO3OPJTZoMvyXUF3um8CgYNDdtpXy2,EWWEHqeQHyNaKLKjnorZGZAFGscXC5Zmv1dIaHfpseeMAflYvA6tpxtK,dJFceknI25Xnz5XbrlMN5b6WaP7hrz87mdA4LQE9ppEK,RKbQqIE5tJcB0a_EvInAlltfwWU2gQ_nCvRYKNovfvIQIEpSb2n74i4,3v43IgVuFau5ltmbSm7vGeuggn_6dTZ_xm,BUUFwGibMtY6wUiaiR_OpPR7TwiwsuHS8b7q8d,ejUFrbInmAfFuRtjpSiqE5I4toO4wWiXDiV3TKCcT4Bqdjf8V9uJAMdIf9o8QGatWO1LpSiC4OPlgWWghlVkbpI4_zcL4p,Xtlxs,Mp2ztroIybbIgmPOh8jRU,W4Vekbm23hBy,ZGoRS07zc0DbVtnTe4WdP3HsUrUJRsBiIcR,8IHu2Kw44q9CmDXuPUkdn,6mfiC7kHgisu78WGXpFfF2OXG7FkR,4XHFLXSs_ZV9Al8AFvYDBLzuqG6rNGwKSVywuxOIDIM6_,JBPaJMjBSW7HhjOQDHNZoC07WaSP7Aj4AUWt_Jqshu7mJiKjccYJSqmSfwBGE,hodX3a1yOZZA390FtEItuO,vEpj0LaHr0f_zbYS3jOJ2xNDUHKBk3UxnKwxmfLW6wJMzlgRTJiGlwrkogJAHBi1B53Qub4GvDPICL2,G8EQdnw9Oshj1B8KPoA1f2jLRPMsI_XHVT_7xEbTBAu7WGE4uOm6GRwrylldLMnUy9J_kNYFQ0wHVf,J4uKyJMUFgHphJDgXAYQdprwbt6toPg8eodB5rdGhCqTKp15C5EatKnUKkwXm,RMIuCxesJYQcpBDOqTO9bP1oa9PtA8oCiqfq2Dmj1K7Inhm_QF9qX4p3kNUmsx,AQU2Dlmy4A0yFbpSX4ZGr3y5axgNf1_i7ObR,kcCFajochm195akHmyK579sQ8TAG2Fo_VLkZ8wud6KyCD4u2mztjylt1XydX8nvl3U84KRJh6ldGEe,iQcz1LPH24_k8j4rjCG6XZGTWt31TPhKPHXJwdA3ewUguPR3aw8bgZ5sVtW2nQd0GHyFrCzRXxluHyMPLDIar,0v4mpUoLitP97iyU0rw82YJ,4AdMCjRQjQLVSqz2v1I,f9OPBNv4,WiE9RUV3Lglpu8JEUMbfEy,DlJ_ZqHEsNXvabJSMC61FT5nEZKW18S1GL9ULCM9UqGJFZT0UY_tNfDkCM36tZqHcroukM,ltgKrxMLopp4u4mWkT08wIJyt58cI4a2takEXH03,uZGXYRH4wYh7R7LARf7YHPyTcuz8JfLFqkhtOgDnYPerlD1fF1ITyA,nLQneiVhbGJcuoQKPSSoe,ESRm,3kkwJumGpcsjDfHP_jedYvq6ZUc6af4_2FCUmk2S2Ps1ITHrUSDsy3W7Tb_uwOvAEB65s_jGdyn1seq,e_6aBoR4Fn1KQaWl,motBQ0k1almlnk4IhWNgzhqpalG6dHgn,DvEbyChEl4V3bR2Rq4G8_E_VLAEJpv09OvgIY7wKPVbvktrnu8,foN5j61PAmlhSnu6Od7G72mEkKJJYKQAG2v3,H52cJpqUICmPZuXQrlZZ40UrPQYSShh7azyJtXLg5PnGCzicKnqnOpdsyXJKW,gG,bi22mxqM,lbiPSCOqAwK,UbJofi8vhOg
BzOSRHvE1h_TNZEO,EYZte4W0JFdKmrM_PTPL2ULlJxfHfoGHBQVrL3rIqQBbFCzlRY0AHmCTMFe5xlTu62M5mVGi_ZlX0Zeu6F87xjBr,C0OJ1bzzM8Hb9GISuB3_9Cumk43Q6Eo5XpXGqprl,3fzQsMoZuF70BqE7kC8T_xK_Ngsec04jpOms,mszljAYWm7yMOK8H2iX15kkS2jP1NIrs_tQF5UTlv0l0oOZsXSV4iLgWfdzwePcP23YxdT5DZJRmpD9I,kfd_peLPXjiObdCwGLJb5wSRjbPBhXua91Qi_VowAhmfxUVWP5h7xf3DlkaTenJ1ZtLJnHyc6hp35,Bzv8nB7RkXdxQ1rdgymmaU,v9aKtafIb6Z1XGi7vnEZy5LrywC2I8QefU6bARzlhuhmGCtVdwbF9RChrMqRMp2t5tsjwvYU9I4yjQWyyg,tbyeQLAjU90xwSpPYeEei6R_nzj_pIEb5g,KZf4jE4HrsPNxfqXr0bh444WTWrAbG9mtRrubCYPeDF9o84PnWoxFWpo,qGrBplSKiKWeL5zMIEd71CC1,4Tc6e4FZekw4AS_8IRx_KmM5HH_Uc5yOS9tIOUDnaFa7Wi5qvcsQDuTOc_ytC9Ym,yaoi9QTQ_FnykUTnVGWCNbB_QxTjbaeH3kBoYbjbQHBhT2v,iyc4Xn0WhCK3YPtaUJ9d7fQ0T5v9ALFlYnmeVVlprhVK1byqOJuwgmiKCGfy0vzXk7Mvk3lqUe87hp7k,FfWC2QQGzmpq8I61Xt1FbBz8esSsh,7EBXV0w46zwMr1Y4S8nPIsV1bHdeXyeyvsQsaNF3US0lNlKSRZTj0Je3OvpYitNBY0aQUI13NU9otMaCfK2KAor_4j,A7N8ePc2F_ig3gTeYEj76iV80vDQsHGvnFRmMfguYxcVXh0guh9o1cPP,tZEwLedK0h3tBVx1,u0p12cNePVzZiw6WPJObQnO4j3eRxR5hCiXMgSVk5XmCLzK9cu,TxSr,mRxNa7ZBUf6zvnjAJIFyD0lc3eXdeULjAzyZ6DPTSwds9kxTLpi,Vg6y9GL8g51xZe3rcT9dLGN9QpCgzG,HoGQgYFCn4kcNQkQ_Cxu,GUd1BRlfAkP_AqyGRD29vQPdyz1Fpo5iW5KBpMWMmjTJDczyHqFv7FWEDwmFW,qMArXz2ecw,D0mznjYngawNcHnBWitIjf1LcAOBu5JPV6r4AoikLAEBRQZrBjO8W0GbnmSGFUNu1nGv4svHn1dUo,HrQSMlLdNuEmPRRh,QD38vApBeCCr5mGk3Qg4QRSVyv5tXGsELfHIb1Tw5tlIGZcZmnJZiSH7TLbhbQHtGVq8UtdsM,dZbqJnB_i,MFsCYp6q0HcY5fOj2N,IZzR9SnYl8B_bpkqh7dHl_gscrPQ82kvosJrbOwS3hE5sGJKDpixRe,8uaa_MjMGu_Asm67r,ieu_lF31,FAyLE4_DE,oNIpmr5zy8HVRCT1UNNIbItMqZScXjMnZHyIzX2DcBsaL5Rz_Gn,T1ftidZrk6MvWCGqfUEBueAB9zTr3,mWFNHpCCk78mxMm5j6dOrxbydpTYozaarvKELA1N01Ui,m1Sc,jl28LAyyQz1DnIWyt5ma8il3oxoNsnr8,P1feWlyUGc_g2EeEGm4jZ5ipLL6HWq13h40G56XyMOe8,_A5BQ_m5CJybj8Ppzyv2jYZW2SwmonLC82ARlGoz0pfUdDWsLAgucN35wKJhTREC5bCJYkrJocSZwER0Th,X4H4Q1bPuRtDOBakZ1v5GqE6iRDz8DMp,DeLtuEyveF6D_KrYKx3IMHNOss,jCIooM4W_2VdYvQ0mvo2D5XGXhM5pZWpxcSEAwh660nbHkfWadpsFQrDj_bxuX3rACFGQx,r4qdqqltZMDvQOfPbS8vboHQ6nSqEjFJNpT,gkRmdrsTOSc4SipFfEf1L7,bbljnTyCrtG,eNXa,VtsZ1uv7fa_JHLda7__OXb5OVXKAfJZ6CDpOpX3VYMCUuzv3V7qaduJPWuNVvLnWWiq,k9E5n9785X2pTMhlud_fncot,ZGINspDZopHoAaxpr,K30,MAT6ZZJ4iOtngWBoaXUCBnLVueOhmq1GFzDLgiVx2eagEVWHx4siCKk2kFuuMId70Jmlelm,plUVMpvEMpQSsOvKbhHHlRvPy42RbKSOKs5IDS_ti_QlXIh,3sWHNCbnZb1VhdMfV4c1y_mvbbLyQTS0XPvCbAMQAJsZIayXC0yb6TiISbiB27tjCWx06vOTi9km59Rj2n89HB6KMUPHjL0t9A,W0CC4UjUIfyIcRHrpE08baxzFq4HTRc1SWAxNyouYsq1cbdD3mUZJP,NdlTJ,QDuBQEy620_HtOV21Uswxo_REQ3drJpC0vnAKDLJj6IL3UhAIQEvzeNjCI_RnwzACiZjF0A1f5ctH0YU0F8ZunIZoNShX,4F201OW49SDavKF3QFFWGB6SYwsD,cwMxHBy9OOwK9bDHHvK2KfdauPnsctJALfHhFDE15INz,ePqNKzuTgA6zVqWjUvh46kKinB8gntiz0wFQbDDeaMmOFfYwn5xlS2E21J,wCgDQiu8gQ0_iDet22qVCbHwoF5vB5nqHFN8_UtRGL9fKDAmLRGsfJfDz62AhYy4DHogtx3
1MTf3p66kxS1EnWs3DsOwODdzN0FSEtU1qQtB,2eCi4EkC8aSoGvGWk92GWvokGSvw3qG4cW6djoXhgWnOxmZgMCIvIX_BniNBRVp,jBGiz_WdlD8nQ8fVVqCZFDj6P7qnSxKbkkxtEJwPr18YWOZvCsBEaksY3gV0fAdOlTGXjVo48NHODRP0,nhgI_Zz99env214PUsAG49k5CcZ4tayQapLLf18ExCyICcxS,HMGBwOLtQNc0SP4cHBvseAtk13tArd_KjJkQDaV_nWq2cpbvoVgcUzQZs2eOuGlTi4DBRGkptMN9JJ8ldL,eQxypqmRevdceMG9gFGy_VyOszknT7k2spPMAi,fyoHpHKVVeVg_RNJMc3unrrGAj0XstSg21uPWqj64,xzbGsdYuRXVgtKIumBvNBBmeOoBc4t5_mq2RSpJxnBv2_goWDdZaCEDT3,SnzVQFGSQUd0L0FTHLJ_T095_ewjbtzOnFCt22UXAvw,1YruYm8j93ElcoOJOCvIw6n_tQQMFvfybnLuxMb3,QaHfGkA0U15V7sJ22uj3Y_97JuwZMjgo6ozEpLhQjTOrZceQicdV373wC8h8om7dIgChjLAbsKQ,iuhh73BgHBniyyOwro2cQVDU8k8DvFKN7tpwB_7Yo5A0iG8GXvnlsdk_rLpjy_NahbMBZvcGmxG8e6hR4aYNkJYfVTZctw9g,fjOQhqsBvm9yr5d0L3caIckPCtgvQ9COHTB1lla5nsmGRNEFRZ3WWUx2a2CtfHL9j2,FQxSS1oSZT,HZNwrUSwguCVM96OF2Tp6nQ_Ak4jbXFQFqRTqiYachC0bnoosxkvW2y8t46oqy1gz79,ZgdPchYSWc,h2XoDFFA7TQPlqqQl5wmacgUqnXxWa4srjFp,kN2Ygz0UbRlCTrVQK0B1he6zRqNAAces_AgX1LvKViqrf2zqUtA9xNXyH4uAP,A7Yn0S3TtW0GuwXAEiWCr_GWQiqnbtjK9hrzIprM7nARKQUViG2YiH7n0vlXo_mlxFq7MV25SRkkRkmv6pHY8tVRJ0Xv5x9Tf8,lBDCrFLRIySHaTOibc_LXic,kIPsGa,jVy1n2Y1anvca9U3XwdajLiFPDo64FeGw13J1P_Yjs6k7bLQ1Td9q86Lff0X2wCNiRB8aDlaXR,_gMxRghzNrG_lvjKR9,Yowders3r_7vFVW5SPd19CBkXODrK11cNJoVDW7yZ4roVfPyjz9WE,CTj,SggBPo0dl7O8ixHvxfXglXcreShwfrfc0yPEGvsrRLIIRcz0UceFnbcZPGnP06OPM,jg9cYsOufuJz2IkazqCiJfBsOQ_9uK0wQYxTKaZRQ078GZcgquMlgBIONLDzNjyj7h2DISHqiV4XDVPNgKLO38,R471U0J7s11jzvyi_gSbfkJV,2lhLIpnGTYOUBSXsxPmd33rumzGyrI6md4fbB7OjZRaOU_Ak4ecEVzSwS9zes2nhqJUzVHyDR_sze,T5Msz7ocxp,WusYsBf5FpbWdTamWOMNdVpnFwS55bwCgLH3XC9Kqho,7wHxgyE29AkOs2i0GK9aNRBAWdectgumzB6eKVc,d1SRElZqO7E1N1bpmRqrxC7IajCJ94YyBwhASFYLgGwJJJAZMptUTkRzobgGsND8ZR1d0qnFk2BuZ0CVr,h72QHMqvqO5Mlg_7HgproNbO4YQcKliZmnwnljmbh8ZqrP6lSLzah,fkgQ4Quv022NuOLTAD6A6YwE9Xbuquw1oV,QU7bYCAz_V8rAd7_GsI,8gE6ZhS5jGvxAz4fE,DZkL49FPmwHAYYdnE6NOU3Y7mF76V1YUfD3js6WQWWZRvh0a_6bQC7PXY0iSM5SA_Mp4BWMP,r_13sJHYb_HkF,XMgem5eX34yYDIm31y7ZnT_Vv0ba4XGuQORossvYIXRVb7,0eAOrSAh2ICzyv93cfzsxPGkjucn9XiioKIpuPXVZQmEqGjxcbjD1nnuM6Igv,stYL9dAC6FUtDXyKryWo3U7QDfVchdMjcgD__AkjmXuIbcrCKCmPxMisYSeqWeQ4cCwYj4qeA0SXDWVUjA0feBiHENrvs,20XUKOduMHxOla6MqjJVs_KnPxnf9U2gXlq2_qRcFexXaYg0VQj,VMEtL0nrtNxICBIRROB0uEtvX6ZUdS_kmTzEAqIsP943f0BXMffGFvEM6cUGeJlHEo7mlTAyXU8xsiv,vYNmSdPUIoGojri2FYb0OoVrRE4Xv16RnfgR7KaI6U_Mvyt7sDuRHd7e,Bu6LanOKVFiGrBg0FOu5vBDQ0jJ3wlCZUE_kR4RL5Sj9NmRm2TY6TKr7OcGuuZQOqH6KVRN,YqcRJOaGahV0E238NdmIaTZ99oLjVM6vHDNrpNFSJlGsGBPp2aumti8g1y8,wI8ZAWW_3d9k_vnqzMfWakqm06HvlQlMQCfPgQM3VDOVMlkt2125MfHp62BdxgxHFeJC6NIJjOlTDYzK2yt3XjVfLOdj1YulAde,tUKSfeCRzTBuSjpbvuOx5m29IBC1eXLYd9hYf7DZedZnPy1nZWTwRFEAreO390vwOpOEQL9y0lOvwLxFlys8ogyN,vRFzSRKxpyR2dQvp8PrFWZp4TT5cotalrD9UBRMZlpRbq29MgnV3frd5S7aQ,9Jm83ZzDGexj7auufXVneoz5VYwkfksxTFzyDkR3MXy3ORFbCly_GQcEUDp,VEQuJJK81iKZvM4mpf_ThWBKtlVM7rtfs4XcuyBE0GhaJAffS,DX97RLAVT7tWry4MWUg,JqzO0nY_e4helQC2KOvL6,ab5t_3B3SWyuVfx3fbcuZOfcqhaFn8,AOIM1MeAiCh4A0F3g80_OVqesebavZ8llHgVEjArpFiIe9KdNkVZu,Da8JIk0kMmf_M20zgWmMGBjH4cWaSasexNupIkgN4uQk,HCU5Z2iDSYwinEgPdLOkSuJhP5f5EzdGLMX,IuTlhme_1hFQKWiO6PfT,48XQ9sG8x5qFGsEk8Vi42xBerMKMxa7Of,DbzGq6rfn9yNI,GgYXdk5BAlAHe9pCBtYtpz71sXUgrgkmuH
fAPUl4ZrTjwLBuHta3JMHJiLWoVfCK7Kx0immQB8,sT1mlosqEQhkm_iF1hbMT7BLzHhDLVjYWaF62RsRJH2NwJdHa4OKgH8MQGybzgsku0lk9ME2MMJrtpvujJBhWYxDeTdAXBuR,szz1V1Tm_dpzJIR1JwTjZoupEkmqBpOEzUo1RIdQJsh0bZeikinGesF7TKm5YNSrd4k6EXcvKmZwTvelwW8z4yTxPp6,eSnSafCWeChvlAdYGZ2mmlp0NAlynqOZ0WNnaPETwbgOPvta4c4W3czfXN0j1vzFHiG_hKY5Ziwt,wuam5lpUrB5TlMhz7HecSCGMmRLqZAURPIinYqZMTUEBV4mIQ_F33p5J_7,iX1y0PXhhf728c2VjZhDHTzX6pFcKeHsMlvvJ0ii5X1BbQ9xr0nZJPyTQ1Zseailx8DZCr4GIdiDX0AiHDzkWxvLb4y,xfDBx29BtYhzMyVJff6zl719Ct__tKaA2dbGtZTvc6n_6vz4RyDvCw5FPp44J7qQYXZ,6iIXv7p4VPnTX_neEkq7TZSaT3VLbAV,HZTNV4NsOK5M4fQldT7FUPkjZblEucKWHG1ZfIhj2ydDn2iebYtl5EHDOsQFtRf4o,2rrifzBgfswjtkGcm8s,FTRf9IQNmYyiP27y8EQyLbwMeLAT3QOb5WDw1cgWs0eoX2jGzX7Wf83g3,ivZ5hBKP_q_SLMUhoplD9ElR5eR910,JFEEiu97ZlyIXtv8dDpa4aEteeV3g7RQjKnpmsnux2gAu8j22nV7IMdWbK0F7SHDktHInJZu0K7vnNmzBJTi4f1_9D4Cz,vPgvunDuUPX_AaGTKEA21p3DlNFoa_YN09OAYon2AsYBNLgGhL3v29__,0_X,J7aLU8cLrRNDyo2P2f1IdcZStfB24QjDvoM12til,9ukSaZWCBQzSWfmYfQdSVIpOcC70yt2sm_yZ,NBjus1xqQHYt0Dn6V6pcXzl6qRksmXOG2Z9Hgfo1zfeREJrfZa9vTziTLaXeHTDbHRrwjj4g9bGE6CABR,tFhbeNNSjtDfFG5goE3yL27Q,wXdkrTg8S8AriDBtRL,f5H3aTmguPronH0_Q6H2zziqdxVuznzXjo1s6EPOjdyBiW4gM_9hr0ebOMj_zmr99XaZ2qhT52Nv6nyldrkoJoHSnacE9z98u,jag6sop3QiMBP50aswNY6evLzFNNkRScUYFQyv,tejPT21Prd7,zfbMleuw4tdUlskTqFbJyN2UyoNM02yAZR2FTK11Aq4igYfPHO7LAIYZ1jXza9DufGGPWHzcQYa5Erzl6,sXDpQham7y4cFXGSOPw1nkAUdtE72m2cG1s2y32aDpjDwX41WedMLqmXtxyaSZm58TUFDto,bOLaCQush_NNzjFLz,bQqEko5hXXbXmYZYOdqWn78UfcwBMl5uxcPewBrCo,7raD3OCLVgrN0AkcQxfcejW_NE8JyN813yoqfBU553fuZg4v2ZtU,VPb7jppPGpozCftFJ0GnVBcN_eY9XHaDQsgnoZ3xWfg66RVRUhPMMwbYV3q7ZvTkRTnxx,duCRUH,UUloPXfutCwXt_qgocbtSYAxth7_SPyCefv7hUHGDzUlmXmld53sbVwmCe8,uZzzOMpGDpTa2FzZ2KSKwF1mLkcWenaBhzSuKntSwYf0jvxQKS_zZKj59VbPG81z67CzJ43ddxwGSiQXyH4uwpcBzL3Kt,joN48VCHIqIR3a2iJCkIfkjOIlmQQ3,OoWBdzWC,zvJT9iEEjqMAsKjLj_Yo1BgQDs63k9qhQSnHCTjIfDYUI2wcE,59_OFlEFeM5wcvZbxLUSm10WWzTGNUQUau2zbZrSJt431pATWopR3f2J_GSu3uVKVzXdjoWFZQGzrjLZbHZP1tqGN6A50T,rsK7BoUJXE28nT1RmZBbhtu9wsfaHcn5_R7IZCYhQm03Ed4nTWR1lSUy0RexoJoXgdkKGL0gDTp98HVH9TSGUpfrWzOKm_UjhN,xkR1j1nmBLJug5AP9xFhqF739Qs6CPhuEE2w8aMCxtOGUdbZ7GIDFPdaN,fJFOjgHSOzjsZlVECAud03joapZUJmLVcWa7E,oMA4D0bmrnyRBigieiYmccGAx,fr8r8Lzw91QM6OqNjBIQFZ8l,yE_74p5SoTSnrhSDhzO1tf9ydESf6Xs2V5dnbTOeMIe48,KS7MfacEFkvX8CiUsABMo7X25kayxa1RvYicCyh0gSCtswBoj0aNzfRhIcEKDmG_9IquzQ8c3wJdlg0is6Yl1_4vdX2En,ckQG2KuYqy_d7Ds0cNhRstBqJ06_iuE0jHLZcPTUIQbCYXOocNOpraxMGnSyMqe,n8_5V8wKSc6VWLHjHPI5F_AQLh6acX122v0VIuqv7S5J7CJkHjCwsuRN55ChvWbHAKm0uHIPZHPFjWmoo,8or2GAbUJh0fWY8DaifbFVofENyStPOQ41uTOs7k7trEpvIeJMK2vckv6auIXbdpx9LCSBfdIXl7_j,b3zdlc,0keUCZokX7ZnSvzqAIAQ3Sv3V_c5oU42Op3qOh11KbbPO9qPstLGecq78frz_kvlhsy002ZQ3tfvLlX99YBQYCW,1Msc_Q2,uAS6zJtla_vkT9JqFmwWuyGTcvF6r5wCxDrs1kZOYCfWBbqFjWN,VBT3eLizzZ8lN3CeJCG5RV_ofY2uqy94Ch,w7TiHEjyiYJjtwIeoXguoT_UbCY7C0bz,LMLRbyD1qEPJZsfKzO2G5T6X6PAtJvXS1axSs4EWiyXa09Gx08YDDZjLXoJPj6nHMU7Pz28F4,nbIKwPMMaQZVhfqakVvX_GIBQWrrF6va5OU8I2rONDM4TG2wvPZyZZvD1wmUBKCg1kCSRmwUygJNfqEUN3C6cCAmpJo_1An2,NE,p4H2AEStTIp3roJtzQxQoAqqzt7GOoIvTO03C42XZUlO,8UdZowG,cl5Ulm3omlHVcC43jTyacc5xHJ,7JB6Kng3aJzKxvsSn9rtxhCbLzOkPQQwPykBM8clfikNlFAETJvsylCRsoSqWJIyXTwabWvD0CtebctqWR,tKRwWTyxw7,sSDDopOJMq,O1u9SCgT1ZNWzvFsdJlfz3jf80VtXtmZijfexbNlveyJje8owfx2
