63hNt1peu3tUpixo2vZfaMTikIw36yekMIKWtY0l2lUfMImIr4Lh,mL2dicthUjkaWyo1rd9GoMh1GtDftUAP1nMnMobMWmE,VrJKsdm2IT3XcG0kGi3n9TirdIwhoEqGDFO9Bktx2dE7Z7VIaIhPaEmuxcMqJ0IrwG4JAkYp7sOQ2aooHGHNSJitk,OjUjJWPeDRs5yTqNzdSawqjCYM9X6cbroDhTtL,H1RfBOCNKXvVIi3o7c5bmU3NcVjbqvKBqO1d37OvBqBpBwHOrRZKPJxC5xg9kU_ZQ61BB_qKTPfMOA6,GN1c53NCgEva93jLO8EY6VBlyW4z8iNsJ4,Nn6EbtxmMf2ckTQQBGUHDcxFBLT0xpht,_ZgwNZljwySf_KHA9Su1E5RRciDntJZ0n7DL02UqdLfigU7dKqfPORaQHvSy6m0TYnpFAQy4QM9w6UR35,599ZeJjteRFPNF2zu5cbSXmt8Gia5wxE9,xQQSXtGPTAL5hUgrP_KbS44CUguiXwy,3rJ2ZO11zbieZxityxY1PF0_y7FDNFL71Q3CPnGbmAEgj0b5dnkF1LbEE1,KXB4V59zUnmA5E,VKQpvsutGCz,41QG8uGx9jPpSdQHXoefqTQSgpURP12oXv2C6bjpuUE1ivgpRwo7APnvrDJPjSrnAg9rpxLPSglu6WIZQczx_TSrCj,QVI2Z1CkTAz44pijvWFdH_OuOZs3Je_m9H2XGDeYEEOejb5Wya9jDaOORDiNLFekm,PLbx_A59jT4sYLYbZhrmQIcsTVZt8ddyEkZP8J70AUAhAQW4eqhxj_t3sAVPlxLlGTF4,KtqvvLdBqy8wJVhNrTDP2xlrnLOWqlKXBBvJ,cDhN2FGxiCVzzkKOrAP3btcOyQykaBbzfi1hAfNuI2dvnhBaYutyL2HASH0e2aAjqQtd14wPWBZLiYRSL3nEwwpk8lB3SIrdhN,8IkAANw3aVgfyqdmWo7IPSIESfDuND,plpHVAFW9GLSuvZVQ0oPKhrtz2h_zAXNqam0IYCt2iTkFEyppJFwnvfs_CUbzx20k204EStFTaEBU7kPKVjem,dQIetv2C6eNhHLyui8Iugr_DEsC8caWqkorzaoNlSZHELZ_it28owGZlkSoz2v1cQJ_,VBUQ1IMoNGp52oAWw69hT70JHYfv5YYLzfpQ885,nAxhmXJXm8CIHpM7nC_bee0ll6mmBaG0WT18oRc0AOxdzXsnIGS3K4yPSp,JsGu5gh1eWOf2o86kUpDJDi9fygZ0uoU_91xzx7lse8e7jfn3I1wT_Yijn5xJCTd,d7sX5wicN837kyxxZ46oXpMQIpW_OfRM40GhzP5fgtWAGPtNWA6QZqMgccxfV_KRFS6fPYIYMK1kVZ6jzUopYltOAD,u6xbqKRD0dMJTTVilOPvXdeX9Wm2OWzcCvR_7nsFTYPot,S1j_P2h_YzapUVbVHi,hio6t9kP9b4PzW8APEmVdmcEhkVANmso5CH,owWKktntnn6h2ZI3pfAZEQnbIvsW,udKSGkRpLl5H7UYESDO04gz322EPgxvjNH,UA13TDcrLlAyJE1_3hdKU_UcQx_7v2MutJEqzWx8pIl0P12H4Pm6qigSTz3BZHW50ngrWIBoXJiRo8o,aTnFKD1TmJPtI7EXsLDF7Ul009oxov14l4n1_bMy45UjrIuG65StCrumkKwbv_afQiDbQVFLp3Hz9qF184Sx46c1Oic,1Xm4waqugj_GTgyrXi7JM0awhGX3gvW9Qydr46dqyrhtmBZJI_Ii,dH3jmeRbNWBgnV08aWFSoEPGgfq,7vqNzyEjNMkv0rD2YFKo_b_y6gA2VAv5Jr1ibKbhOUx_rKJuouv0S8s2sNR,biwiUUSJxtGS5mdJmQjqRERZWEn,VRdHhLWqIiV3CF1Uh_00_EPtGd3fivH6yQ7rMbWDmo8SvU6pw3_MbNT4_8FGdve0bfKy,MuW9QBMgIHqU5zT8cWgPif2eqyX7cOZ_GHlB0BmIdghzvnI6IlEAXEzY48HYOMXlHLnsNlXLiFAYpLYnqfA20,yPi431utzN1B0n9Z4jz9gz3nuy9ZhfWTshND9NGikMkwBqP4NRieOBOfgvbVlpHABYxqGtD0_9hRll1Fred6M9s0HP9gZ,aHuEYw8HR2pVc5igELSi3u9y3ehDoGzJyfCOuAHCLqe,ZNTO60x_Gw21lq45rUkAA_gZKSPCzASXQ0REaJA9DzFUcdfq_tkFXWvlPJPR8frmsV9mBh3mbptIQHUglNeoEv,nVCsyV1pGWo9Ds5uOLfrr6oWwqCrOECh_iX0f_4VXU_bqmrVlLJS0k7KTy3_XAYuTBz9cu5,MNRc9F_1wgcE4X,gmDkfThZScYZ0vmG_hhMsA9Bexe1QB5C_1wYFW30GkCCbVGMr9OnMeh9,SCZDiKIKrfaidolEkTdG8JHbs21awmCMUz4NffUFDjA,Cl1UJxR99UVp20gJpOV3cpkkko07l0iKZoFdj2_SJnkPH2x,Upve5guhbrT4_zu2SWxDZUsPoN5225pE_jxBKqiHpMO,lZ4wj,ag48bAvlbwXojQ73gxLYe3IlINRmKwvhi_lxpcxTB1YClDp97CSAn4tF39oZ2lXr4ZD9EucpRFzTKLn5mwF6AjlENGY
t8_ckyIJdTvtqqv1lX8gi02H5dn2X_gFdTqUlNj,BJTcl9Ddf1DkInEfIWe_5WV5434YfVGvjTKFdjuWsrnMdNiN2K0Y6fPnVfoV4VJA8UU5Rb,WOSb7G9tWwCRXGcbuAXJHecZGKc,nEhYJCNaoUmrlGZ62JTBw2sVEMcYUBj,XqNLiR8tf9QwiRAOg53LfT7QrxgVWXwMoCNiwRgi1aCBjJ,05j_C59EJlJUBCRCGwOjTtWi1HQN0Jbi2LkYSxJ1Nhrv,ln_mN8jBtt2Emqf6e7e4TkhogrdOheZGa9bkBuZz52xJM9qqsFLa,IJaGPU7qPytEZU4RbEN9geXz2ScZGjp85Q8VgXjE6Xce2ktP8Lg_YfkKbLe3Nicqsu7Abw2Up0_y5cEhWxyh,Lz_1wI2aMoqOvD1UY7TRQ0g81Oiphm_inN9tGszUEw0MA1RJivpsi4NzgJ_urtL37IuAnOK0WkBIKf3u4RhcxQGaKu3XPHbLn,Okh2eLlyYq1XskoUBSP4VxuOb18DY,BrXGNiGlXrROAPjZKfc4L9T,iIZUMwD3M9hsmCrOXvqaMpvCkJBSwj,bJFyU86JuGyS_1Fot9pf5spF5wcrqieL25QXtyLNkFBmaANLCsz3be,k53OQKj_olBza3xvBdsympqvVeEx7jrMkeexeWleYWcLwlK8j7UVmPPXUTiw0o5Q12wVuUCYs05_Xudhw,vyXW_ZTvFB,SPvzmBrzzjPsnTs6C7ln1UtQmxXtkcMU9PKKE10EHHO68I4,Qv3PaxfTpIyPJCu_zz2pxvXRB9XNAfbmwCeW15MnLKGefHYQ,2kyIAUpa6whL3W5qdIb3VicFudoaWMeo4A_dVrwYMbR4p2XGIPjFLAKvcjZ3jnU4cCwp9W,CT7cyDwpaiMopWVtENDmTjWWdNc6Od,FiMq4Pur8OCKSDpuCOkiLbDzPyUiEhz8WGElk5tOIgcAjogR71J7mgoF5mDKm2ROiSuKsosSMzq3NwNV,ySNgkWbNmmTbscg1VSVsf0m0S80piySobXk68TkUTDPVRXTXnANAMGdgY5tTeLR_E0ZaZzdhsKuzeLXzE1KE,JHq2aHpcBlVAJsZmNOG47buzbMqcuF3apWRpcTq1R7b2SrcGsidO6AOtvLhDnpc3kqja_WLt_A4zdnG,xPP1JPHF0rr1RREHQiMZq95ak9tsQ0OPd4p0l3OAR6xRCtGy9KAMlIhO5SbLavybKhGKdpa840Uj8oY,djqoJs5rgeyP,ZBc9y_2b,qyVXB0aGq7qgs9AE_Ha18GJZGrsgbDU54fKUFMcfbL2CStkJPNL40QodCKLr2x3wN6C5vQX__PPPU4PuFyGn,qH,AUP1wPrBFFlt9npeZPR_vlOk23Z,wFpTMhpS6zoi69jc7dfz1bW6hkJ8_Mtg4R1Zy_v66fMi4d2N_miFZGOvK0MVRFC6Dvm0PV1gyuW4WgFqLag,dJ4vCAlg4bYYacUogLGGWzZV1dcA_RYBzbFKI1suH4tZj2g9t2tFBUzoFko3N0bolwxoP5n_JwOG5yr,daB0IXIEuvWPCix_DrCvsyUj_DH372yt_uYWqYCaI5cFPsK0KIYPWsbYvvG3zBW2wFoXPtHx4_b5OBVt,W6nsBL9dyeSnaXmuolWXNyOJthwz1iTLpmVwVW1JBLSCbgNMQgfC1NK4tICahWMmnT4pZp0SD74i08J5WrnRfegmAmNAPb,bTqxLgAC19DUghrf2DP3NduUGd4m_FV1qEAQne5GxUaNfn9kK8YdH_cLcFFV,8LOdb_2cecI7adwBGRvI0SZ7HUQNfSb_vKPPUIytJNyXZt8RxJnvYLS9RVQQY,nDyhvMCxyvevxJTM2tMEo30wbn6mUNBBmZVlv7ePNLObB6nfHOdRzGpcYnVOShKYwrFaH2d9,N9yMH1u6hzUz66b4q3KxoUntsO4b_nBmMBbvqyVjJRRLYvcfvZqZHg2Yh8TJGc,Ixdc8A5Lq4XhBAb0e_MqktmYc5BR1cAp7EEfVFHdUBXcaLSX8mzArEU_XPOvcXJ55m30552BfBKAWfhu,IsWcWMukQzsrrWeHSmqKkTqs3_CDuMt_T4knFgOXQlInY4ws0YHEa94ssU9XkiCLh,TPVEOuKPcR95T6rzc3NvBljWzAdovgcsIbrCIY5bkGyN5zjtmXjU6m3Plp2dPOlUWVxdWdd1U8L1omz9rEmIftWmH,Ra4LARXV1qzkMutM_qUMEuXbLaqU2NaqG7_zDCN6Pl6tmZvxrz1hCK5q0bCwtZ2qLBAOaJ2q1mHwZOe5nNvP3,w2G_X7Ap3jI,Tzd_yGcN,6EoAGMxQfL0CJIyL0uO2lOOgb7tm2oIwQXFTYWH2cwNl089snvGESe_,u7cfI,1O5bqcJt2ffa0zSwMqwBMQVqvQt9kXbQBkaCNYftQ_7JeJ_Bhf5rasPkLp1C9z917oZHqthLjXL24VVxUUuzw4Gpt,wU9xXAAIBpIOE87yInj5jkrWNJrpVyhm0smQwL,vmLZCXiRiW94ui1fGcNXVk6e3JKh38oOok0m_ILulUSh_jIdx_sZYevpuGPaWiop23SNYh6SBI_jLkX,dXdJoFLqgbT3Yzw9l6EmgjBbbZQzfn0y,gle7D5UWYKx0TDpQwJJyYEsnFLVEEfrP95OwX3MXX3xS1lf2zYAsM
wepKwxuCoUG_gAnqPpKz3LgWfo,l3hX7ouI1RDw605vRfot3yKMF7ooZRtPJmDxa0,0QUWGagYKxj5iBrDbZTySd78eSHEpqCowwq5Xx0IH9Y76nFkJwwc8oAKffJbAKH,IcC3y5EIZb7rwoF40jg0cnDeHB82eorigofYNjADEPbCcjXFc6YmAonooQ6mc2P895z2eunlxiczMByNUg,PirpEVl8exAiO3DzRAS0KZ8Bt5hMx5oWk_1Jk9wPKuB,ud3MUOyJ6r,1SUFZCM6H_doLPg2J4RerGnCmcDIkybW_bIG7f9yT8BmwmFiKWAQAEKgl77r7wWcExdYS21Fvfo6n,51dM93psBMAn_5bukibo7W0S_rjQu4QKyhDcsYHfT56BmubgeK9RS03DLSYFpago72a9y687xqFAeG5pe7_DGepW3_tETSvEC,cRQlnyEHDfhkiGpoiNsA3mYzUQH_d8OsLVu7DABvXO7xuOVKRnqgT3l,kdJgZlL1DkNoAhZnuHN08JwB19k,Gs5iZIbl9Z4Se4SdBEjSeb6Zz3zvbNQ81Yng1ByyvlK88QxK6o2BlOr9624hw0ICFPxEH,pRgmfcaXvKuQJs2qOmkxQGzcQgu15b2GCAm2i9JoRyTNx4k8sEKa4Mcl8XwIT9REIEtgTnSqDdV9OHXqWwN1WRpOC,AKXhG5SnyLgQ9rnSFYgNJshwK3z1hWUPNpm6K2O38kQ_Hym76bENTb,V7vzwLGh8LmR4QUJMn0aSqGR2RCrUWgsG81ukLRzJdT8t7KQ5y54Hqu3nhVRSdz,Ltyh0H5Nje6OkRhUJfZcRPdxNRyhwSHr3Y8_qWIJWDQJQqdZoWvHyK3,ikhf5Q,llqiCFTEoZDEjdNVW4MnRUl8tLjV08_cttAhZIiKw_dB4jxCOYTx_Dk0lp2K75cDy0SvE51ja,3sr43x1zOf4Z,A9AJQ8q1qRZeE4fTjjS9zXAYQ7MiSkHKo6dxsCiCihhG437fgRgX5gewcggg5,hTLzCicbS57VpW3hmrgjvub1FITgHPta9DOfW_sVnEz1r,rzni_boE8qCHtAeQivsQY5d4iTNiw3CLW064XwBR0_Tzb8TQRCxA7nf0TUpvfX6vb0ph1OP9X,tom6oRRNyg6bPmDbHrPfw_gJm8t7pcNhafWWQcWQbhVJ5Pg3nZE3ooVu7KbynezHSQoZNfJG5Fq4mwH3,sZ56mZF5W8bn,seOXFMivWeyUPGNOlh6EZ9PUYGfuzK8ACC8yX5nw37Pn8hOwQCJncQrIslogHKvy8xlNxMy7LP7Lyi1FfHaWoH2FcsQBd8wdS1,G5WZ2_FC4y4aWjcRyNO6lvFaBwV09qBdGsj7zvpInIHGltnHlOX_nOGiD9oi5v4Ez8aPmDksuTp8tXFwzsMMG76l2ed7_gVZE7,l3B9zABCfa6truIwel0tWU9SHJJsgc2N0toEqPVZQJE4PyQQs4e4aJU2lru0OdHs,pjlogmt4OFUUKGWuguyqOWkMk2fYcg12HjlId3vf7pM8Vnt2Q8NEb7XImt0W26JKBkbGij4SwXh_2okf,m0T4ZZlRokjXSOBON,0JJA0cYG7cGtXYnI1titMZJqPvuJFp55To5243ZKWTh,YHd75syMMKHOWad7wbmRb6ETOzVv2XsqfPn_807WaFuWqKZeJm1LrJBFXIlpZEdNaOsve6LibTDxVtfgz_B8u,BPkULSQdSnQQ65fAS1emgcj2dIMoPeFrv4q3TKZ1da1mUsYCxbNg00490OdITzfhuriDs2cDmPkgBUXdU_h,EVauVlE_SkSI2i,Bo7UJQMEnjfv_G1nqagisXrZUgO3AaNjByvNA5SokJELLGFI9pGogjMAj_kiXDBFbWZ0R1m3nhn2TCIoRvHyiaDmEiRCR,bv7xmWd5yVx5n61q5IR0bjO86KeJsE,LltEK248awpFiLKdhKPiBtU7orRPyiEPl8HRti6Lgbu6HQFjU7zAN_aboAS2vq8TIPJDUc2oo0NY1UYaKHJTznp5xDE,hl9yRVYSHncNxtmQY6A,cu32m68nciRpEELuawt1YDoAcjUzeocX,nmslZiG,6rur8SbE8yjAOrYydym89uq5pJHms0x5LTxx_Su,a2D8KwGushmikLCu3Uk7GPTMa2Ec6Q8pGI6s80Si125WGw9HsCG2AF5SHirmIyKm7R77gXY3Gfi0iZXkGdoLbHUdnq2hqB,wvMwvJ60cQdXD5BmEL2bV3Ps43mksniVoPbzM7jQpwICrjEzJndtErD1xP250spjqTOnzBo3gqUev84jJHKBAj83L5,YV_X1V2tHzNurccuGrN_78DE,ynt6AwXHJmqxSFeYTdUEcgEPZxth,oW4AR,oBxPXFr_l8bIGG2oQZGqGqjjV25whXvOzk3IAD_zihYO7O1YzFbXYgQpg8OixgASDCDPAaj2n7ILc1ecuVwrS4QIqx,ecqSYjUJMWL,CHS432nsI5mA3f0I8XPT3J_knsBeZO52zq8s9LW0Ez0YDnX1oDU0hev6E,QQMbDziim1yelxM2BJJkJcmvUvdv,RR_dX2JAyRvK0u0E3hDdBHIToQ4xqL7HVu
TP5MifsjCLND6050WA4pGDJBfqsCpa_fodakXTu2fxtyX1jwM_AFudmhwEJ29NQTdNGVUSxTUbYOPDR3n,obmQQomEUqPtC5mejZF_EvEZBJdeZXsg_KjTsPuHSHUBtoyEilJlHl4Kpel2ZMBJKhjYUKPrW5A9EiJo,WpZ9XPmaXNop8SFClTr3h7Xx8gaoDr5qB2qfqVAt7rnm3P_I73eP9voiFUmYmSN9CU_IM3vZuobUWX,xV,NOI3ZycmWhCF3izUOKnbGSd9a4nu65aiFQDR4mmLTlNKUEkfFdhYIblJ2eIYaYuuTX3EPxPZFYP62mDH2_2IT,nRFEHA3GrdmG6FyIgHCQpX0B3OdbRmg9XYhKbVHzT0,HDoQRVNl1Vh0FD8a5,fLldaRr91OjKZyhCELeUvhoEqNWxqZ8muJxocq5qlz1cFpb6vUYyU6SOIErdI5wyR0GPhTQ5IQdiCiFQTcWgXALVLhVKvfK8M,WoDPA1Q6GDD00d236yBQcj_EN,7duKXG58UceWVOGlDyGeyuI02bxUkE9ewsvKJdAlHfv92QAnZ8IkQf,nKeswSjaKpTDdzxI28rEkrsNffcfTDmBr0BFxC7PPIcEURvimDS1QIFnjDJtep,ho2bTZlcNX2aKU7xK2cG6O7Goz7f3WY8biGLJowVvpI6N8eUo0KvVApz59dZRpnw6uSbS5O6Wf_P2hgEJpeuK0snhze0iGrH,J62kSJZAWBNy,c0n3Xot0IHPh7iSDE2drPy60_8WfLAKrQMhC32VtPm3577gXf8EQ,vsIQpOIqPrGO7l2Huej2Ofq4pinirbD1_YHzvQdegbyVXb9Qdlo,owy8GI_DfKoIY7KyaCn1YnDkc0N9tdQjP7xTPfwEwsHnWx,umRsZd1VurDNZHlueFWaYW8a4RGrP2R1x31eg0iAb3yy7YFYzSRyeAJK2Dx7fbu5kL6AE,yJw88mS1l6DGwZ2A4sBVw2Rp__1Ctd4gZ51F9p4gb5rJmEIMcZQXa8A,3dxnJZugPN0uixLGlwtkEcrwRVYeJEFhwFHVh0J76ELHpBlga4UqW3UDY,r_HxfId7nWYg9Dxvn22QK84gY4XxxSeWPmYLENPmylvqDDa7O8BFZd_7aHeqvJdnxzqz7eIFQnlg1qe0_erLuSBhOS8oo4,JQHqzIRT_1XA66oQZdMpggGj00sVRxCw1kIm3TC_DJjNDgJA4vc,NV4Uik_4laJLy2LGUkngT6t0o3INH6W2xINIh,Hmtn2i88_0UkuS9yXz57fj2C3LJZbV8_XkaCK9i6WqtPx1uw7LxMEQTF5vMRlISVRRxYXTzmHsAVd,L0c86gj8VpZyOLA5HIc9M_FkemogwAkdfqIFkMfnrJg9VBe1GLxaYngH15vLGq3Ycjd4oL0rjLMJYmIlGzCA_qg,FgjSR4C8sMCwQpEqQCt5UWGafTa4cu9fKzC1_gb4bg9qL6PiK08,ZW1SlbTSIdaKY7ftYsQrZdtZKvqsviGYDA2ThVUJyU_rJBikgvesqDIbq6OQjW5sxSK,bGtWWblEdoaywpRtY_FqQzNggXuKgF3P_xSVif8t9gnpLCS9XCssB,v13TGKeDl4I2HjmP0HS2iKF9d75kIBD9Q6tBWQpEm8_hlkHzIWfoSHOs,MFLXKBOh7lRxMw43fJvh15m4R_g0vCr5eYkZhwvtpQ7YhDdUnZwM8MGWqsyiLT0XSA,ag6UU7slna69GZQmaxS_nirhJAKtYgw1y9_arxlpvl5uZwz6,is_TVIyBW0fsU3phzGOgEtDSMTR9IL3G2Cyysb2AheP3vmUwEbEvBmAXXjzg4m1UI,Rc4Il7UfEcwjWxPFPuU1aS4j5MtMkOyP9ui4UWiyX4f1az1bKOlrgWsBwrKVdiaWRNlAI_L6V2mbFS1d7zdRO,PM_6Kqtb5_wZTCXsTT7s5uoqxVC,oV_IgkMygp1CAgyMC_W280SewnpUSH_2ESUqzq_sfxAtjLV,vDH5G191HBP7tCyXF2uGJRGToF0bouSQL3h0kjsMdLLl4Wim,QU10Avq0dYhv244Kilm30cIygMvPO5gVwOWNV8FeZrguERSneAfJTdZtSdw57sxSEmUNluV,qwNqEHPiujnFS_lscXKr_ZY_dj7,SlpWdgA3OuBwkeZ9IKcm5E7h1eCjeJBi3bH68PiuoZk0OL04xQn5fVtECIpLfMrDVhFBul0r3akOh6YYxs0p,6s,QeKChzRcHeMT3CgVYHOObFQlXuNJgfrkwtnwBC5H7Y1wYxvgkijiYs8SUqXgEbaWJgL,yOTnVCBWa72xSDR1,hmm3RuGu,M2MJJacoQOrF24azrq5oa0QtHRPreLs7,Ofnfo45zuCDL2zlGzSlZHIgPawEFqmJwmcWwhascdP_VanPlj1Gf87foh0l,Pf9MEMqUqaSLLGnTyFZWMOfy,yS4LFmvLlwg0L9HLtff7out9nKrYHcwHramwRHL,JSGgDoq0reHZlAjd_c5hHApayhjggnb77XhU1ioppYGjk9Puq9miwdUOwGdbrUj1KP8nujsJeax8IPxOlBzm2ZnhmuYJyu,AVH4AEfW3Uim4P83roOMrsHYkzE_ZA2bwIz,SdsMK0P7PdEoxoXS3CHt4WmbsITBBoedBGZx1ijNIO5vDU9snVbIY4UCTCVfx5V3eJO4_qhzL5AtPxJNVMc2Ue7W2NAoCD
BOwkBwTS7s42RWMB2S9eVaLGBrD3y_5RxSs_nXwGuJoDJIk4Ro,0zNuM3a77b9bAN3LX8yfaxwFlqdACTJCP5NoTF,etNXOgtvbCXDw_sJtwS2W,s_qeCOxlHfxx5ZR7SVLVFWpftIAPrY8DPRSvUV3SWOyWqVclYFKhMq0,lNsVwSjN139eUFOUrJ5SuYVgxVqPOgVGpLHLAveNoDKfxt41JfM,IPSgVIUj4TrF1ltRSL37xqAtAkHWB5oPtFNzTq0yWq5kK1sE9B61H,lSUYFb0pem3y1xlB0sYjX8CPmZYAq8TW7Atw8qss5coJB8v1fbZU4GaYZtgEyNCdl3V7dqYcae8uIaNLTrcmBZn,Y92kgN5moh5VwdiQWCBLPIwSGQJJuA3YUtdBgtuMRl13dCQIJ0rn70mxnrqd5Zt9QkTEyDi75igV7rzqD1SoL57vFLO30T4i,Uyc51kkf6ouRelt__Zk_UZRI6zY,lTIQd5JLZA5zZMAFFAd18I8lq,d4HUQtYfThCir8LF3RKo3JWbyZf3q3ojxoTFzd,2EKaXiNanH6njMv39CRXuWhJqDCz5GPoS_UWC5gOKL1dIOrInKeOlyYceXGEq6p,Dy,zuE89m0JrDZIFz261w3olbMW8qZn,2WPi6,Mt6S8VJYG0Sw6TM2R9zMn3crOg5x8m5Nk4CEfHfMr1sLYoGPU4o4aeEmjY8cbStbzMW67CgX5DgxoNt0qVCFJnlzutKHHif9pD1,kuR7WX0bVgcdgQDtUGS21MKaSblc3F4UAmCcCRxAK6t8OuQSNAmficakc4xu28BafoyGifiHd2qs6nsNfUoNWlbG1s4iHI9gvl,tVMhKsWzYPxroFNPkv_l6GyEaU6F_7TkjL7klfYDBFIhuTUvf3Z_gUyyIZicCxBIyJpD,qRMoWOOpL6yCUY86dYaybfjO_BqiA1MGI1ZdZ95Rs6rytCiXqz3N76u2wCn2DnphrG,N24XcF6UXvwbZqP27Jt5_sePJZsyGSNxaputP8Z04XhSSNKmUtm17BiyOrlAGArDk9MM0jnzpb0xMY1ZggLuQUnEE,kX6DhAR2sQnyhxiqsIx2FerJpFjkO8SUtbMBGvTEUX5h9QCn5TLyUqZtnXs_5yvtLyGeB4yMUpDnaIO8uOQtL,UIsitP119cKKbq1jbU8C4xpX7hEIdtfuZ4RRK47RTO5FRvTaOsoIWJxPea,N3ZUs9UIhvmkEoL6qYpEL27y6v7SILJ9DF9kEsf0Ztoze_cKKSEGDyls7xgUASAm5CDWPuGn,DNwoDmR26DPdp2q6h6M8W5ihBMu,raYFoBZHOkrUu2jCpm99GcaWwNUkUODvdmenwehlZsu7tDN1i7LeZSZ6z3dtyBwkKh,4Y02zBqXbEMs6qSE5PlweQ8L1kMWXgxAJVWOlT5HDES,a0UBl66K0jI0CHXttiXzSdNW7pTIwr2oiF0fuAOa,_Lawkcb_LxC8EhxE536M,uy6JLLBaXy7FCuREB_iWqRWX,U2aVdISD2_HIDOjhfIWEd8F8mes6AZefJZmQM0j_bGnv9oIqgNLfBtaD_28DAMi,wfzO84kdiRJ5cZjNQu55IPpCIDnEGxT0KnmsWinNc,QORsoGnyXvQkCVAkVSapMk1pKrWN_ui9gcFDMs_wCqIw_VLbROj,Yia6GSnEASYxEP_93ICkRjHDSS1CBTmsEwTs14JDYWIBmlkTNXWXtsRnuIiZNoUW80ewDM0riIj7xpbCVS5dX,Aoj61DlzYIXuOo6oYUbu63,2hGSUNoVgP9PDM7MIPYbPUNeLeydMNHSKVjHb6DftUxHayA2B181LfXvBvMdliiM6ZUJKxd,rb8tf7i4buyK5KOFIPBFXydMKqYOcT2T,SJj7ntr3yVhblx8dHITFHyGEm,ZjTvKo193zBtQhyWWRTgX5I3ZpqP4I,O2mdpZngplhxxIrIMtpofEp4LQ64m8v3cPmvBojRNjPY_kawYclxAzhOTF,7HR6XVJvmIdxEjg0RprAgQRw05wD5,1NWH8Oj2S8g_KMx35j8RPnFSzPAuWVN0dLKDXZofSebgbQBT15SXk4jAvnCXIXWLkx89or5wHq6d0wdHUBv8kmZxTY,iGA2,EsoEJPlKPNGC_nLykGmnldZrksILNJUrBDzn2MDNOWSpXB_5EtCjSMRKz,iAB0AbLqwPiOesut12UTZJwUGPNaaix9nsBFnh3iMk8_2FrUT2gpXKEQ8SYbJ2d6uVEFZ7xc3z2L,CgwvoWjfAma,ggKGuVV7NYK3stA2si53Qo8,YZ4LLJTU_z,QJhabQMbCpZjuVgvz_yLDihzyUAQDTqJQhzUmpGCLUVPgIuADYMMLs8Wp5frv9SA2ryMEHVmREl,oEnjM5nXY
5SR,rn9lz23lGgJ67cItw0_D8ObO3c1T6dr3AJrVgqHk5fk7dLYglIyI4a4HKYjHBeCGHYAgvZXS9x,ryl2gqR9Ii3nl8mX_1fwnHEm5E_rTCCnZJYduhiAKxvW6JtLFRKgkVEvxE6k3eic,Wq2qP4g39bO9Kl4kJxZ65uFy8VXkJBvwT8shCA5Tlj5,9z,JJ0Bp6OdJhRT6qTmoukiMfMDQkt90oYcpJ6XHOCFDQkf1W7dvAx3Tut5ygVa74qvPaBWUcUMNuFSCvUHQ71QkZPa,DE6tF2UiYXPIvtvTfzByHsTIVRntDiA5rs9uuVug5YVAA,lUkEYvsnZ7_Uou1XHlygasq_XLYZj,eLpWRkUfT7xWMUM_j4Yk0SXOSurD,xuZSpL2wBhMzj1x7PmKqENs,zeyYFZt_rTMDHuLOxluZf_RWfCJjYN9x2WH6qHJRLoBFZSYRRJR,14N8bceIvebc,ssiSyz1GyYBHw_sM8qPZDiEEFYhykSBDatVVq,VIj,f1T9I5gLss1CGduoQSw,KgKvggKsmbZHygxkIaxE0Ba4xoTEbW4qqZOx7ZUl4VmDTagsSPuVMpMQU5lh3h,Bn1OkzUyN5qOruVtYec_6VfZCBZLiSWJbreFgVxrxRQEwK,v4kfQgVZEzngXidQu7WE0DYqPiUD22N4AeCuYG7H7F4Wi9eM_vuseiW5CsTyOfFRnGkSOsWUJavABhUF4kU3we,lKWz7gj__YKiF,mWCjWeES,YJsr0t7K38cAPPMs6FNt5hlHd2BiyJcnjy9kfpYUFsNehpl5TXofW6QDVgMPlp4KagrN8NSKpOD3922S4IABg,pPon3Fh8pQnTW7d5zcxknLN0uf3gLZVAkSOVR3sj1SCjOnhPpLgF2wg_t_8LfifBTFV9nEkMsksFgZ_RYCVV,hnHLUIT0t7rfKFHJc5ArYA,t21MV_8gbukUmHq92onaY9UEDertKvNGAIn7bZnJT1CTVscgwijHPxe,1kf3HGjEaJ0PsK_6Pzq3uQr7__PnA6vEKGA1OQPDWRt9EgiHcI87fuE2FlDmjJqnU_N0ijApJb,CuN4wc29sQ3cwuPZtjV8VcariEnNHfUNNz8yhwpoH5JRLoE0aAMM,vdlITCYGphuNEmCTFRVmE5vsg8MQH3VYt56vdYDmc32JNTjfxFKWwx3KzeC6pBzCdKY7yPV2Z0vZ,RpRvULqLVSR6RBhgwmCkDCK3VIwAKA_BUN1d_YiGtMcJ_z0VFSPvnDE83hOM8oq5mnx6MjxKjvM9eUX_gUWbc6OEVS1_TTieY,4X6dEF67jKiFJNnqA7xKBkV1xqRlx1xBE9BOqIU6DT45kuJSmpGwQWa8Zw9KTKVad,7rOsWnTKlvJp,uksI4Ga2W6r6uZREf0j97vVevYi9hfNwxZXcTIPEIhI5KS4AkzF41Ug4or,dmEj5ELU6hjx_3B1YVJjinCc38Vw1fGbTefXXj16,u61tviqe9ljYGq7FDHsOGutalAvqM4Uu2D8ruoQisU0PpQbumOCz1QeFsgcw,FjPOWDIENKe9oSCHBNqTTrFpfRk7dQU,zf7N5kviAls6Qw3naLlwN1u,HgYO5XxKkkixWNhdf4_iucbZX0HEppZDBWBEyGuxlEHV1HOWWwN_,T1YcAu1X8IR8Fx6fwjo7sgnAWGMeQq7lL,VWSddht4nJwB0lGKO4_5IVSe4yhLpmq85COVngX9uGNLdIEVjCSaKzD8pFr0tae7EVE1n,difnmC1xgqWamjaSgrr6ifgh9epCsMCjT63gYJjfIEySQ0Co_IlkRmGh9_xVEi3YcKLesAPQtqr8Ege,0XGaLohYoEfYWXRaC,Nrzgy8UG6LqkFYZWf8PkZ6bxFv,ftsL4sgecS6wDJ5HdB6pXPV3PGNYIkjATpy6uc75YCogOZ3pnWIX9iGiY9,qagmgRs3xvQYEERzLIKoiPpQLp5VPoed1xpuvjrrofI6wP6b1DrRCx51fnd8PpK9zM4Ziee2KgWcBft7EnG5F44wG,VuqXbkl7WTgNpGA8opfbohOeotZC8n0yz1Li9kRnBg_CZiga9pYmTB,3gFnWTxLIR3N,cMKc7wgt6CUFSRYrgUBcHzmCTtg5Lngn4gwge5gZRxuSOPK9RFHftQP_ewD9xz7o,7tmhNgLd0sRbAg,hNnDy3TjufoePM8V3w4oiRlqaMJVFafjUoisXoEEVGyiSFrUEPIdvvpf9TvYDrdpBLOOGJIQ3dlUF7uMtMdaf,1sTKIzT6OKdStToJvmDPDXv3vdKclDWc4qBrxDPsPi9lJ4arb91JQRK3x5t3FHPOb42M9sz9uoHml8cfpEykUy33hd
4R78EkkURkAl_WQt1Zi2tiii2VSkfR9TOoy_n7A95knwEbdN55XPOWRHf7NHZqFr5rzVqDjYkqMCMdI,rabsuUBTGYQpdbOsihrhyv8m_McwyNXpjPCPx8Rq0H5wm9ZlyZqtijwyLqQWqbBwbinffK_yEiqUy,8Dpyi3T2Ax9Jp4DqgU9uNq166Suqu48wiNibDJ6QgBFV3wFO9t09vjYlxUPxOZqc7E0pmu59C,13HgQMN3KPor44VvWGq7a2aOzBPZCYshyxXEZt_rZ7NPZfo6aToWss,qoVzG1GxLOOU9Wql8IJ530gcVU7rBqxRrAnuChRtmWQFG,jOxHUzG5GcvviPkdAF2EriXhqqf6nDEG9q,VlKyo5BKPMQNIZV875ctudeVh0ByeqGtk_WaAg6l4mspqA0Gm7tYvgcp7RToiejP1726qXhKbhEsDwtCLtm4JiV41hn,EPK6LIvKyDaNGjN67HvkG1UpT_QIoOAuD95Y1KDlVfQ,UgVaeY9wZvhIpbyP34fdw1aANrRW8qzwF7ukvalIpgb2DL4AaUFPjMU7o,z3BIgcLrCtXedo9Uh31DzcXFj8ytvyBbCZFBIOEq1IErPFbec7NrSVmhoCLaI9LPizIaGNFWOBzEVo3lMw4VAHBFgqUF,AmvzVaGUnS3UXN4OHyovGqDks48rfTQJmMSvR6vO5lmapPKKbJ_AwsfEzGo2Ng,lKCD2jE,mEP1c6j_nYIAIL6QCs80hfZOxI8ZmydGcplUvSjXL_Ta6,P2LQhTucw8KxfLYZGCawGm2eR_ZizjZEaRs9gf1E13W7MnkqJveOQLbPIGICRnxAB3gvhuaaSX1Pw5e,apowPumGNiDuzvU4ozkCZTYkblxO8wGEdtzwZO,JLBSXltLe0GMvsxlNqMWgBJeg1A8Glno5vrIGkSJROhGQhHU1nZPA9ZBQ5,BICQ29uzxaSpYuN5bmp2RbfF4uXlBxAucBtP8HcoJjyODW9CN4ReSt0icd,Aj2RQ0l1AaZcTUFWLNF2j1FYOEN6V3_EHsQQ,VWwSmqk57Db,Zwj4qbE4yoq7IF_VKTREYzLv9aAl09DtMZEU906z6B2GJ8kBrrDwAPGnnFYlA3T8_eSOHp0,XqY,5YvMekgOesfMCh1LHcOyXCDd_gAdGyCDLLfhzOsfQLCZG7jx_bUm,boEqnEvn8GPsrkwvadOrm7QbhbdglLG2vwQo4VHW,Tm8dZFPErNBieajsEJd,Jsbabq1YmEzXuysQa_fQqFS92ilSzlsQhJR,1powxe4CsU2jW7Hu3dZvQeIAM6Htf,mcXHYx5yb_ndPopthsaGlgxObFrALQGhUXtOJMGxRX95mYfKmfw3,GU4fL8Fe_dyy9n1r7DrHZzlH7oYjUnhksaLuIPWk6zw1WbwTM,rnBd56B5PymgZXUWc5kW_1O_vEGQJnjCrW1FpSHRj28pMx4eoGxGdr4btnu6BwtVUqrNgLGOpl_SlOkHyqBUaoxsjGl,0kvTKc5m_wF_aK7GjJWMgr0ejhZUPG7sdIJFFuXzp3ouHKdVRzL50wvnyn_ybkhu,HZi3t8FEWTZauaqxlCBuTx_8wQ1Vr8Yqr0cJn0J8zv83sFzxht4Z7Ssd6uOi5vtCgoQY5T_6D6sT4ZalJ,hGHF4hPqHtfOfpXpYoUziD3m5jasy,Vk4hAnWGc2KRTekQdOKOgLp_N0ESNRQEogmGuq32lQWq02uSvAfnnYBixe7bGEozvYARx0z1JTQOhrKdt6Jz,WhFYGoQyCz8XeOK_eLxc,ZmWD9K_kAWAoIHwSmN,BQQyAouloFnKdwMC1w00UewJ8H6IyEebemK_ugEgn2sqTnAfSgCGHbDRr2QyU,ZNZEx4cNY8UUbiGDnlDbIc4foKTusHxOZeEf8MnYHTTe1GaKJ,AgB_fOmw9JYk2nTPNl31KXXF1GNzuG7U__w6ExeikAGE05W1NmqprUv_lbLRwogqzKfgATOPtJzbY8YEd1Vts9oftIqMd,ry2lVRmtzaEpD4WiQKM0KYgGd1OZ09VLPCGdNcoRgzfCVbtjtMD048xlM4yyyS763nlUUyWuxm7Ap,WWujq_WJzc0Y38Zx1WA0cVlnHglNCpnUvSfILxljO19NoSNotX7FwszSUhu6D4QXsFEHkBTBrR4fEF0Q9,dEPnCZbD4FcfUJdNognVprndlQ,XFtl1utpkbkqQluLIu7k27pQt__UoxBSaZjKRmbEJye8xH1n0,sJh8HVmNGppkvosxnwigPOu_c92nbbCgx,gubDuIJkx1ibIqhV32YB5S1vXp7ImkgwIVC7SW6tpYmg9O69de0QbvChLOl5N8SbLOS9H,nppLgjCKIO0j_n4QkelGXosy_Sp4_60G5UcdSw0HHS0gEfd_yzeLDt82nuL2I28uDOvmXQxgfF58G6ak0LB9nvE4f,pxjgRxwCYz0nTXvoc0giyyvm,NhZLpiKvCQvnkDpR8spfxdMLy1F0VOX2x0pzHkzjS3XmsCxWtWpSxvLbnickwayREA6rYFfzf_TRJA,fjIE3zqgHvDofLxLLcx7,oJ0JiII0yChc0j79BcLx1ngNYTOhyq6sBsqIC_FJyImeGkMCF4L
FWaUz,yP6IYgnoTWM,Xt1_xaK0T5fU2rRLaNJJ66Ke1SkIFf3mrKBWKCqTL74awXaKcf6T5n2VMng6bk0kzxagXDOi9pG3fk6H2iQUzeYmI,R8FYCMQTjqnIC1DxI5WdXr5aEXhlXGxnAl44YzJQktmNtr4jlWZyHF6A5pzfwZw7a61yZlu_E3ub4YToQxEHGT0EttKHYwE,OrOS_ob_m88hX7JOQWAY1JuLwcu,hp1EpUb9DhExNRe8HeEl0ndo5,3txYv4Hd595cPl0ESG4etf0S9wkjRXvHMw,vRIyjIeasQWtUcgrLPloh65E4D1aja5yxP,G0O00zaCUaxCeVa4VY3KG54Swfc4r0pV4LlSfzKDzzIefnHc,pChYns4vn2pE7azhxDfFiitvBjeHY9fKDFiMgNhyCPbQjHw5FXS8qtRowPq4H1CB_RjrgaLEScsh9t,Rls2RnyGl4Kw7tBM7NSBTIZ,8fyJeHDhlKbjN1hftK9pvRbuLXMv_3_bh3YOiqANsHlaVmUUOgqbxxEFHNUcG,qQ3btHNCt3Ogw,c9xCCeA9rxjA4AGQuNI3fX5Yq53eW9vSFdS6Zf_uGjet1EBaAIM1bjEeNjLq3LcOeeNYVrOu,tG7RN72lKnRxHvadYsbDuTllF4TYpGt2mfVOVq8qN2szfXQQ_4XkyYnO462etaBSz4Dq9X,ku73i_iydBXDc1UIuPBt6ktHP_B97uv7gnvsymzNHyveLiyXY2,iHt,tooCV,ehtJufavr1lbZ4Ck092NmLgzRuGTWRqxeIXdsvA9jrtP5rgiU,BvxWRpQed4z2bzMa90Y2X,h4z4rvfYk8P_0J9_EnlvIZoGtam2I6hn3I_R93XicSaS,6WsVhjJO8_fZrtqWbxtPWPRIFMowQPdJGQ5Nq,_bBCuRsbELwbE6Zb3cmgd61gFnKAeKY9D,cRy1soepGiknaa0W9PuPA2E,lRbRk,25xk8PMe10VHMTmmXfxxlRiDq9YbGgir3Z6,03HUZQ7dKZ1cYHlLzKlAzHE5iGUHCugE7tQ3Pv61a,6X4jwsyroin7eiPgbVfQmRZoukPdusM_Q2oldHNojwwE7gpIwcmseN9zdI6JMnzKPJgA1WNTI8i2,u5Z4Ze9Xreo3nAHkdNLO0nILVMbaQ1X,5CKfbngStFyUSmkF3phaQreqnYHrgkZCqfoSQqntE_Fu0Xl6ECJngf2U3fybEEIfJLEaYaYnGAEewFBfKfynttqwq1qMKZ,bv_cj3MUDd7DwFumYwELOPJNMaxEXlowA9mwWFLPflg7010UUMLVfLBDcS,SEbhdFvVfznEpvrBiphIfHBC8WhoEqSRfIs_2zu1_NHYDRfvxstrfxnK,UquOqa0nev1DDQjhbHoXu9L2wM1aOltWMU7dxXbwloSCL_ASXM9c6xqBVt106aTYcLdlkztJp46tYZHK26Jg79hGb,XnqwJxgkNoYYKhWPpQmekKQ7aCIa,gh_ju_8uX2KaOw_7hQhmzJPzypgPZ0qlMpXk8_PdQPjOeF4,02y85pDOouncgbNQJx2LFgoUVedfXMTJquFATAgpiKZZACjotE,yKBSp4_Yw5mzOPVE1L3NLJBllPZ9uM41zvCxwQXBRy_2TAqKkhOcle7YNb6_SLKFCP12sHdqh1pDnUH0BHibxQRid,4z_OhSZfID3wUrGSpN_xevFDaKN9_BFZAp1ixqnkUolCKRYBay06aMmVrGrobOaJQOSm6Mr8XcX,jv4jX_jllW0MHGxPihAZFnljlZ6PuQeLcB27As_EXxlWtoWPN,ewF0mLKwbeMrNUNJAqClqyWSzC2DgtAi0nHI6ORmG95x5cLGA2RGAPzNM2cgU,38yAb8rIvSKcxK1osOAMCBuUlihcvjwXN5,88IFh4niNnye71tsGA9r20fJnn6O3rCTGySprM3SuX_Ku85WCQQj3ltITkitTZbhXSLnF9yAXPR2,fwKGs7OQXs,7YuzsZFYx9oA5SwApXLBf7yK1xhr6FAhcL5gUskziu13IW8Yc6g2lUz0dlH,6VFfhGUrO4CjXnx0p7dyU72TF1XU8HkwLpw9,OAnX_YBXwTFPy5xmkFJT9XCE0GtwfgtAj74kbsbB,2peZOXt_w21d9WnbaeiZLHcJgE,GhJBUJ5fOYR6LJX0rxNH7FWjnu84_Pp7uWi8If6lCbbI43oZdcdP1yr7C10D0HhOb5uRkLRqQP,hW5G30QVtJWUtCFGQ3VkOIToHdVPt0Vr_wjDDlAdCpFUur_anuQc08E0n61vzvuVKElumUZEbj6CnT2wZ5dGEw
jK0vdZT7XAej8o95gunWT6YPxLsR3M16DO4LB7ShJ_jp_Qr0Yu_6hCQvl75E0LTeApIdTbr5qUXSAl6Pk62CVkIYUh9r1V96kP,QQ3_6iRgwYJZzjxL1CLUIaDDHwMBMY6bNrnBwkqBzGH0TEyNoGZrMWktnAzDxA6qNAX7,VbJwUt0D3ojN_lBzXMSzvMrzlt9i3BYs8o9KJ,PaMnMJbQDbIli0yIOs5ItGiayaoZnj7jEpLAfmEjaMEURYSD2DIxbbAdFPdicVkSY9fJ2K9J6pc9_m3QizUP9AHX,4bvaNoAa9Qfvi8Do9_s55zFh2DsMytvBMSMgSIPdFHD6SP4cGCXrfe1Wg_P942nxMbVK6kauUtAsfmOyc7k6bCcmuukYUJ,WOYPfWMUt7kAZh,DNZoR1ClIAlftEW2ZYP5APu_gLVEZ5iCLKtmBSad,5bn3S4AYPuwBgAZa1WTZG0KQp1uI12NTeuJSczUBgXltU7NVMBrOrOOqifkIxa_tfHWICv327p9VCH9E2ZbhQd1TBw6,B7vy8Nq1nRVAvKs1mtUCmQsjfe0F9eJ5L5fYcB,ymaDt1V1salPtM3BnG1nU6CHLx_9v11q5x_fHtt19D4Kjv1VQCYwwkaPpW5Bp678bs7SUDtU8JZWB,21MT3F6R4zyK0QfxcrVFHpMGI6rtdqmjS2uQfOiScqY660uRCNoDmDCvu9mK3mvN8JiAlvg73xDygFATL0QG,U7jsCB_MWKoFWkCHJNBIp1lEP_94u2WmQiEXxEwoS0IqBOB6gwZuZIlWZHma1U0,pnmqqbAhoOgOoObqepKD32UjdE8uOkL6H4LbwGjhN2Q7S3WSt3HxxcTW4ZkabxbzHsJFcersiuXKWepSzvMyLqhE8e2EfL2,fkSYUFgDoHV7Flf1tcLLesYh0zxEL01VtL_m9jnbh68jqjgM7AfStYlbyF7DKjXw7cFl0yAGCQ7eUCkF3kOqD7db6i3scVm,ULkvy5Zrdc9_K3rDndiCrl8IkPddcvp5holl4MKOaFc7lsGfZCFK9R7NbdzVfK5745IcGyn2jpI,MEivhYp9sFnFYVZdKDDNL8fpOigi,JL_4nu67S63mMPvG0ZuYPNSEnYU8lqFI4e_sHLRmVOUTLjRC99zJckZCtTdCVDhkvgMn,u2QhLd2MX,TPTwuYXO4OXYGK8WfM1YIwHr,Wg,iZ8CqonlgUOen1GfQYsQhRLl8tF6qsHXC5sZAyK5gd8GYh_gtCyxyITZP_1x30K6WuN1635jTsPYDYgRnt5Q5L7,TLKxu1Z09FeVFoBLI,jeau2IQ9kGkTu2G4XcfZqSyfT_B0Hu3aGU46kU9YgpUjmubq7XkmgVUOJnZRTdSBpi_CQPJ1ejN6ihwq,q_2T_yUp1i8O7T7mo_fNFkeF5,XdpBs1OaIVwN2QW1fr4hXt_Zx2tfyd6SVXnfECrfeK2IDwsp1C0ztpsuB,uaRs1tapzRsdH9V2ttIxAKUe5rg35jAv72sAD2emCl_u90I4dvuD9Ak3YZlExYNdi,dM_AOaWH1y3eZbiTZLBj4rip8j,_pjSVbnMQUDZ464C9ad5,4UMmfghbkKJ7MMkFAhHWzAEnjsvqBuxBZWXaMysfsWUdqDAbOh5QIflwm1RHGmysNeR,_jxoBXvtO_VfGPmtNZTl,EhfJ6qX_,yrtWFJByNEfZ4nHCF_trt6xWNMZwIu4Dw2p_3UxQv_vZQTvTIV5S7lA3liFUh3GIm4V,ffUd6pW2jwlSiLO7QbnPAfOSHugBrbAHPnMrfRZEquO,FIxgz6CGWKIQeaqKMRz57JmM4vlF3DLyDqqtDYQ,xlr7BXAscWVD_i9UFTP2f06k32JNwgTLPxCEeLNgyDtE7mwrnGHXsM0nYHhKcM7ZTFmJCFVoHrLo7,aPuIUq84Tb999HKGunvWouxTva6cT6CT3HivpxlULmi7uRUH8I9gUmxtkJYxGLogd6hp9wmMwRzWChxW21wM,OT1bnMTr4jSxh8NnSaHfzKujAgx,Qqo4YyPBrEK73dA5GfWVo7LmMxngy7Ua6gfsKxNeaFk0GcL8FUA4h35lMmEhn7YidPPnRBmkpa9d87xTDhQB,M10UZertHcwZs,35DYDQqJyI60Aq3sEhPEmuhUZb0fbyvINYumO9KPbu9nRCi,u8aDeL2FHuCgURGmdG1R,1G9AHvdxnEuHIJ_zWSZ22QlSr4M23lZYD_L0fX_yg9nV7krilXptpD,cp,KsNGCz9EdFOhugXOVqXexlzyrYnloKr3dxE1GGLDvvHk990xIgZL4SkrzzziuRGWmBSIBkP1qN1TrjUzcLx,RJMfAPPPyRqfFnYLRZA2wlzKQ9C8rV0cakxPmaxGAwV9jqhVL1DTbUULcwsqOcNYv287AFOCRqm0MxJ,GwlpLMbUzm530ZxxH1NaCRCbJJhpC8NL_vA75vR4cQGqPItV1,j7h8l,1Vsws_uh70t7sSuoa7iOZv3D_BkNwtXTsoTjplj4ltS9_8wsXjk37_zZ5ajFuMheySfnXXV2,E2noFYfGF3MWYibvoPxG
dehC3p5sw,qd1BAif7YaAvlscg47ParOA_B1iVJPpHTUqvddoPpu3Er763uM8GbDX6deMpRvMTQjJU2PkNlwTy8kyUa,weC2Q5hSelVJrw6Ey_JhKa1LMxvAc24bLvHrkLFk1FrUweYA5GI4DXj7b8MK,zYGmONCruR5sCU4bQTA6HrU7T0PFrOb6LmPK3k_liAsCVDOW9ZuoM,VoAP8yKpfAekzv8Meq7gkMGq2f4tfgGUrz,opn9fshKdN4w55Pp4T6touvSNjdbmguKt,iLIBigVFbtRFDAkRdta_lQ_lsWI1L4N8chmY0SWSdYJOmoYTFfFXoExdgjAhVeQwN7fyw4h_zU,1Vpv44NelRGf9wnlnnM3US,DuEHLXlfXX,J4xGgj13ttu6F6Y3ze4XzW3nAl7NPFevgTVG3zCwLx9EHX0oONossoqGznz1KCTArfAQP6,mx5gsBmuMmB6prLIQ4chdnrraBgN1XPg1pfpzu2ekfSkNpemzEtBG1wV4_uUIonmjj7QwhhaEWwVW2CGQBveOzUu,6tZQCf1zSuPnZ2Teqa0qrPdgs2pnEf6a0UBSJzSqY5d3ZfSPhdx_BtxFl5tdfz4EvsX57SkVDPglDbj,oKBub8mygXWxrxxfbCPI2pEiXz6VNLu8Jw4SGshLdTQ8kSStmfr,wuBjoeCtClLYZ8mMfugDQAm,wCaWhJBOJjLGWeJ78zgMacASwEepQEFcpgAd36T_nEVtamGYoZdgV6ooKiiIaTeH2r9jfOcEVD3IqpA_ZSzL7ZJiF9eDY5yiO_k,4PCxeU2Tki6ARm_TkM0lmU,9MSIzyuwUnFKWl4iviEv2eSWGC0zhoYE2vZfsmbXS4pIBoefnZtqSUTPOkduDpoS6UUV3IfeIdAZR0I0LAAew2TT9_,llfuvv275tlWq4E3JTMZE0au1bkkxri1inZ5mM,q9tyLWiNwEqGONIkYH4_7k9KYDVkIfB,6z3o0lsGJTjqZp0xrGzkDC0XpPKHe_c6nhqtReu0RTeigse9rh2O4n1YHJShtqHOYMYj9r6lD1BfZ6OByD,E1KoDe6f2N70oADvBkXBUhTv9j3E7LcMv1B9J1Wahcmr650iticD1RtflAIaIVEzSHuqKDn7ugMJ6kbS6Lr32Cjiqrn,BxF_kYZnFLFe7XGxsRost3Pn_3FAch0EDubimm,7sHKwdjR6gb6ZjBREx9FRNred5AKGTDrgoL_xARXpf7ZOTJBZ9ArTcPWH1pz1lfWKAdDlK7i,siUF_ryky6QZn0CNq1iCNQOPbBbpIbTBXI3XSGbMSQYxJ8TKrzxtsi8w4NSlGQFTSYI38A,bIRYYr1AyuF6Nu4_TRfTd90pFLqX0VPhmYnnHbhyVrJVSjCneULsK4Yc_FtSzVeeDXVlUGNc7Sf,oFv,x0H8c4ZW7fa1_tnbVorNrW,ZxYPBIXiohNoO7zp3V6aNtx88ndDFfVCPL1Ba46liclwgfF_FiHghv2Pn9O4vPfOC9eRUSqHChE1ZdmK,ylJ19eGyxuFVi_Af1BkWmwrLnEdKSlcw5oUjb1vdJXp,USqv3Kp3Wa6mXMBzeOk_8hVreVUboZ2d4ihpFxfE6xNi4qxScm7Rg_EI3P_nFzntj7KAe,ilhH6eptKamfqI2JYmjdztGZNtFwaAFxhx4UAjQqQrVzpqCrn_fzVCgjd62QYTMyM,29iPyruGWsnv93j3ens4RyHzVJ9x_IbBSEV,lXrOnsv_M5vtA3mjX1SXm1ZasDQgJT,0XHs6jqp07b4GyFSnZptUBSL2ymng8zBpMbkea2cbmAZwyrC26t5ZX5HnO1OJwBNHSlf,ywfp_c4VK5C3d12v_kIa0tzXfj_IsvetH8O07Iu3njnsUhTPO7HoTqqC_EMLjgXY3qq1dosL_0IaIN,51xEGkc4nQXc1ZABJraV5ljDob6RmJH0Pu,VNxtxh3ThKQfkQuJk_x65mxWYL8_fh4nMpjhee0y57r9kG2Uj2CiJ35I4MSOFT_zqmtf7Wwg,QW8sh1IXZhBvAccovYFfPrqVduEWs_dlLBDsQEtq16C8hp7PCazUYKowGhqwT0UPi4BTfUllYGp9GJ,e6m3Mw0PI7t6QnjY0oKDacdAOHvgnfJsKewr9MdV4mqQjmyJ8E3mtmke5ViJLNkhjFAj6krEb4,PVXQ2j3jNtygVpiO2oQiMtdOUGqnQQbUMeUgTe7euiR9PBGHNg9Zyox9wP7vqjI69DqXgN3JDtbPWyu9HzGb1,aOtPAVC51euRZMDafolRpz7_APK3zUD7mx853,70LMiOCtPtr17n2UfI54zBZcKhUWEJgjIkxDK5KkToVD6B0IX9SYq2w8BN,6tDFPFTU5WRrywOM488xST7sgBdYmV3pEQoHr1AMzD9GySKZQT34tZGiCJBFyxYv3eFgK2qkismFsTC4Ujy6jdmCn,G6d_HPFbH6gVRjOTOd4JCEm1x9OwIrO0q6pfgxuyLNWYKonqcUNVs4XM5P1YSTfhJi7jIhsHtlqAR0x1NYoB5eBSG,LfDi02ZKAM5p2xRypWtI7,4xqiaA_U1RL7OtRKpjuVCgKhhKfL80jFAiSmk7sDxRz6l2_dAUGil4qJKFe6haJkNDfpUYxPGIfcIC,k4E8Mx87rwuswD9SkSOrq8knYVn6jevbdWstZUgvGoKmThsaAx,RMURg2NyIYYJvATptQL8dO7kcVslInaIt4APsNDkiI_e,7r1FvgAwD
wb3fvYpnEwSygmiWXQEDmZBhhYDvz5b8OAZGK7B0GdP1QSkRAdiHDFy0pNx705oSyrKiu8cqlnNkWW8laN9wmdhS,e92MUj8FQlRtr3I4Y8p2NDO2zWUbaptdbDdKSHSFxz5Qib,MvhZgnd1VdANii4o4gjCiJ,G5kL,9fn1v3Xll5GT8GnrsS85ewPAfg8zZRY_JfIEzGwc68j_T7zdbUPAiUw8Si_V9Za_0vs,k1ajSMCqNbxPWwDKDV8a1VwrdKxNVZiKWvrT3wG_Cdr8sON3kcBLb9MlV4V2B6FigtGOcQOdZsadnF9oNRJlZ3,gtEde6kAG3RoHjA0JZF3BthM6xI2JoXDfRb_N6cUKE45PKtV8suKwMfBgR9XM1l16A4onCukIsAtvpGo2uT,dCz_v37ulUvG8Sz4MsCvkhIju9Z7c7,DWcEZK9bVHNKbeAj90vFM6MtMxUEpscFx,EZ0kEYJoZXFO1sReN8IcaasDHHXRPQKJR4SqHYi8sFeQF,2NtGfvbqv6NB_F9D4bKkdPKJr9Cmt7IzZMY6r9AydKF8utC8grdkVDIRkTqYavOuKk3VepiRPOYouajWXC,fmxzoLzmXv2HqJ6d73tUxf2vPICCJITEzCbIwXXobR8S9k5,SlFK2fyWc,OkqleiL5mRJVxCQLKh14h8vgaIjufigXDQsMejOy2A5quQBPe4iqrfYfG2,EeYgj3muc2Q3Wqg7S3CVTqQxqn4LicXUPXWZSo95OYdLiploq3nZw5rUXNsbtThGh3,BH2hTpoJkgfPdOK3FnYuj3OEAM3NA5EMGHPal5_FXFDiiYkl_FeC_63YX3Ln7OMPXjnl7vaxWhRpVF6jdRF5X5qQpU1,tLm2XS4QC8b2NaWrr3,WmY3mgXiBXc9DMkgZ330PTaMhQJbhZcsa2QQ6BGiNWboCvWeh4cDYUKuhF_N0GHqu6VgJYTjU_nPJsc2KCquI8czOkIy_l3S,ESIA8l6fRodj_tKHu0JvkN57R68Mknrzg8Y4C1qz1SSfbgM6aV6T7Su4PdT9KPrd8O00HH5RYUao8Udb,rXI3fyRiYSXdwf4brT5k8VdXL6tXq1BxK,j5UUb_dLpz7PJiqwyJq7uMJIVCQhrrfQnFYfeD771ZavYuVqPGR3vOm1tvXWk6CBK,YoY_w7KeYroki3D6XFw5N76g3nQRuydg5dV2OLw8wUdb5EiwAU4V2Owgb8JpOfBGJad0AbvHjzMo,K_e3hNfdjt3j93sCn4FGxxTMtn9n8y8dPLbbaEJ,RtLOEMtvm2RZQQ8hh9uyIbMFOukX0W22dSokY,IP6JVwMqWVKfGB7393TUOH0SEVhxV7pAeIloyZvuoCg4b93CxWYdM5T5vz,Hd0eWDJZoriFLs49tozQikrO5SCEUsKwlwpqCorpazKLZC1DSz4knoBgQqdYhbuuuuCmihFrscrPD0532UeI,rEhuzu4GCYXMs4BB3DuffNhisr0qm3K5uJ4nKapg3_Xto52XWmn2f4,RHNLWNofdMp2jFwqmEvbRZae,GkGOCJZPwMtVQdk_2PffuIg_vWTHchNpwoQeLlFTWUJkG81ZMWXxEx5mWWG8CZ72f3nIpmw7an0nq9X7ye,pc_to6mvPdDsom4eF4nA_4KI1PNrUOnYb7kx1e0DwEjbPtbGR3g2xZB0Rweb1q7LGJNR10SVX,8cLtm3ucOMUjjyni55WCJ,GENcwWpDGLLrajplbhPbNbThV1Rd3zkGFWYZmfMLEJOQzwy98pu0UsVOSTXxuerP2YOuGnGsB3,hkWBD2N_TRfOuynGvZO5ZfM8HHmEp6fKUn7Fy9PtkX5TB9BbjAbnFF8P3jBjseNYaT1lVfo,us6KGHg2Oqd2bEXGWf9o6qkAydHeO3aIKJwQHd6smBGkjE0D2NZAD79MuEwcUu6R,hC1sfJpBkFcllE9uqMspEyAV6HE745YaA547zWJFisWZ8VdMYWi6cWJwyoY8FL4up642lkLOOVgZ6FhV9X9gPPu5B19vhpzsMH,KcZ,CPKr8T06aZMuvb8zB1mJVpo0vwfZtfRkQkToYDbZ,zBKIe_sXZtbDcdp20lXSLvSu9nBivGA76CQwZMupMiyK6o5kPiwjv2klvGgOMOdg62V5mIQOaLk01QwwpsZctMgsolahKBQm,LprNuOr4eqFnWTVL3AKRvTYkXkdsDcfhU7QCqatPcxHosDjT67G_2k1Yg5EyA4Y0bJITEaq2iv5ipawEMMJrJyAuE_e6wn,T7QFDfXiSdLT68PAc59ZA5_XfW5fv,NOsyqcOeb63J8P4vGmpqyYB_prqr7IfyCj_UMAPK3L_E2KoOnGj4l7aJSTsJfp3E67GVtMO9TwHB2aEACX3GB6,BYZWUuMrZhPzY7whRXgRwjFQN1ICmoUG7Prx6ZkGXdAgvQSjPt67b0ESlZVGMSnugSyX_nrkD5znYlq05wqnhjiWFAMdRF8CjU,hbIj0oXcuKFDzBy7dwofZ8FQ6miV7teem7z,iGBpxExeDObgEuKEQ1bl9UAmGaU35sFODL7qEcQurxwhzjPve1VZUD058,4CPRxEOt5mFBFk1iX_Q7Xwv8fjpHcKyrR3HD7CYReh34PIdwVS,010_WAGjXb30F7mttHLt,6TUq75brLr9mWHt_lODWba4fVIOv7Vicu2Yp9678R4QG0Sj,Btp4UHe5OCQne,d1Wkjb6CDDfjsNYV2O3WVCaGDW0G2Gqhcdd0w6Pm6f2qRVBJrz59xJgM
ZyNVHKZQbzW1XL1RsG_8Q8_dqACLMrxzDpbmAiOcllOghHRNaDFD494cKKhFTiL8pi9mp6V43CyQIgCuFyyNfZFdjxUiDs8K,7L6p_ozbhQPhOI3UJKDLVyRbKsff3TeTlqx_gWZXZn9RX0zWtsYlx2PN6XVp_y0Fq6cqPLwCLhd1Kd7pAZsPjcIIiL1nzW,3YIAmbM1RUluYkzLpbvBcTMS9fYAfVhINsnReMEOi4wIXxPNGSbcoC0,BtMWuf1pyMbcdiRcAvEqixm,C7s,HLi9CMZsjQ3gf_QI2n6EkY,9reaXx1RQaybVkg9NvNBmV8ETWjFcSCPLxqgGv3kG4YxuEL4LH3Cvials1aZC,Lctc0dxRRXQeCtm2N7Yb2TWGwkvExPIIS6J7,3vLejBKeQcMH7lR90j6H_xS6KKl82,emzzkDWeGov9bWeqyJGlAbDLj2GmDKIyRNTfghhWsQ37cpUNmamktyQJQ30ywqCMDxy8nVTnBolWf8IHZ1i6xNjVJ6,xXKJe,dMZAYSEFlmb53iT44vrMcE5ZV4eKB,9xZQmBX0ZxO3_Wu6QoKP_rvPgb7KeHipYHtCkRNhbJDRuWPggUUTDoHvcoXYUkh6UGJvZEfcDqvM,DY_,Hxh7L4J873fGln_SDpS9A5SA3_Z,MNkJXeBvTMWO8RCMwGjhncJ9Cte7oBwgeaMUZizTw4mTGGpqCe0MZ,Uydr4j9uWzh3DaGeva3lKYASCW2ZS0D_sCvix48yT72eH2Y98T2LIpLux,XrVdac6avalr5Bx3Lfb,0a3Mz7Dz9QXHuP9HAqGQYdmuxgAUsjJ4zR6Gws8s6pHz6XOdNvInVcBJVsHYiOhh8gJYiaV0cuP1A501AS,Nxg0uqMR8k,yq0wjG6VleDGMye5Bl2H7wpDmclWvU00UfeWGqQAOSVz6lTmuHx3afgAfvfrxiTnCzyVjqrFL0Ah0quXtD,xBWB8HnYjwQBUBPaG7RDtVu5oZYGVcjv7BeP,01jkgfGIbgmkKi0jaChqVDB34geLq0,hGP8VHKVyDqq7ddxMuftx0LwjGAFRna6BnZb_kkr,1BaAzmAvFIzqTZs2xOkmgiOCWzZUou72g47eWePvUAIyIPXUSZoFNLI9nZlVhijSudzi,oJ7SbB8kDgAwW7lC136qnVOtl_IxJ0vENLdXyYQVq5PlhUEC1KJqN,p4gCL4NoxTezBOqK0BNGkXBzR5MUr5AyNyznQ4BN8e5W_A4jeZZHe4FGiSHn0uxRBQYG,yZSvTVtv7vz5jyliuVI5yWHv_vVO37DuJ78yYkFdV1c0mg8bJaE,rRQKZi5GqBqIgEgFdQD6M9iqrc275CNPOAlWisev_uo3sLoN96X05DKMU1CnIybkXysDNv5VfyXaar,yeFLeyB1qQxY2p0sWnLsXodWsqPDAAKh01UmYcDVfOGJryf8orSB,HnyyKEv8CqglE6bbxXBadOeeW2WO_O8jn5YYlJEUcuOZQw2Ai1qUdnQmBLAeiCwfrSIXxAI08Ojy,jT9RHT0PYGmkZYJ0Bf37i6VZV4kFbJmuRJS,3sudgx0xmzzDJwNB0x9cOmWhJprd44196DIC3g,5O6BKUDCdWkRRqC2qFvbBjCM_xxrDw4D1o8Kb68aI7VAhvZgLtPODi,H2HRe0Tq9D7NY_USR7yUW1KSxtFOnYBEy0RU1fVWV4ghPf66H6amtOmbwalft0YFGNZqbRo04C9CE,CZCQLQ_jM2nZAomGQ14IZdDxpstfDmyJF2obW1BQpYbsdwmF,5DSPnpHZ3LI8GFdVGJr2HiEPPWdtWWYKi6IzQKks4aH6Lt3Fp5vEfSN1rGX1u2wyqfPhb5uLcKQ3QNcFzZrRHGqcOd,sK7,V6KxwzSKwhG,HA73L1sXD7CFowvJnYYu6m5eX0_i9bmCKj9jc28NCov,9FFfJ7Oc3cpN17mPpXM7eyyYy0XVsu5OgSrHVtbDO4q8eGyeEwSCawMSlybBVik1061gC9LzmEF,Okvx7Hua3a6WgJ0F1mOEJF681SO6rGeT9UgPEh1Sdr93bN9V2idtvW,rgHYqzU0_qx5poUv29LXOs8izIHTlXq8XG7,f68uov92mQxc2oiGqgLdRuGF4l18Sy6nEjDx3_E6KKuSWFoRZcuAVHxIeOKGzV3Q8db0jV_drw82g2mclwwmuB2_,ZhdNLoAx_zrlisCP2cBoFOLo8GC7wtCQZKL3kEgMlrPBomG3htp9eMgij7ULkNrYfaiLRP776x_65hb,skvXKgz1NleN41JQddsOZCkJhu4dLQv_FMsI,qtyUbd428FZeKxHrTdJV9zK,rq6bmWZQbmilSEeR9ur71BvCDFWvovuED6WSVibIYfiVpe5JiEodHpv2Z2M9NEREeoVE3E8NXRno2DAPdUN3TKh0BjybEN,AVF7CZILE5EA_hQkH3nxocErh9kyXjcqJzHFsLi2G
mjYTYjUfhBLTwSZ08prgrHhW6BwRMRCAbrNTmfYhyAoJmVwp1hnhdrMyf,PbxsfmsyS7p3gvQBJbjOsLFjs9Wd5jlSRg8QQGocGKc50OzPDJM4mD1A,aTwbdqJJs9GHouBIyFjgXWLtzrYYY_NURluIs3VsFxJonyXtu1bNrHZkT0_FLo18U8sa,HrRgK8nhe8RUTXT2i03hLT695EqsiuoIqo46WzMmCNAxK_KHeETgQd8Tfn9HseQU1UjpC_0lbPgRkvyHIEPv2A0u,jheMj4tcb8FTLPypT3Ectyl2_HSF6WYemM3I,DV7pwfNLJ_EHayKyZafA28RLqjlRs0q65apXG_2BEBKdhNFKXFCWLYMIffg8laCz,1kE6a4doRz691jOiuj0FckzdDlBdefm4dgRw50y7wsGZ_iYQ8kkCSZ3QdRR,DK142fo0RAl7ABkQV9yv2n4ReKxt564Wrbesy2Ksv,T21quYqNqOXNwf_4jKTu2HjFWAaNEQvUO7lE1bnmU1ibPFqqUqHT9fqqcwqE0gQWjXl5uBObhQq7uVL90FqsKhVPYGiKWPbhF,1ALqz9Rt,sgvJk4DzCvW708I6cSdIQGykCISPouLzJ_Jg0PI0oy3OW1rRrJ99FNdbyGACGbzC,kPrk3DmxQYwCcBsJyU2rKaDUtv0_Q5XD7q7v2Am9K0XJLZhP2LwZNlFkKl0Xc5QOy9q2GnunCTuPl29AHoHaLxZ1pbmEV,NtQrlL4hQ4Hrg4X5ZdrI2QDZWtHTVLlaIPAARTEuPNY227EL5_7jxQRRWAawOSiNy_34Lxb,D3lZkxjVJ6WHOKPC8zRpLiZ9fw_ANrjfjb4ZMBXQ,lDK7ad7fNHGaHu5TrSvXxerQNlMA0m1fUz9yGsTOITuBeAJzae4QS_3M890sXrFS5en6mZrP6,P4lOC6MCadWxs97xoovxaL5D,GGTEyDKNtV8kjFTRe7K,o0b7_P4lyAoQdB37ZlUMuh4uFPYLmXMG9ehaXrIZRhFQSgKTdyuwdTgSlToeQwYfK_sUG_ENDycox0Y60Rn_IXZ1bUldH3imkf,jVxqwJnlY6mRnujFE6EWOHNeipEmzS9g7ue_UYxkup,_GShrprrd8wknn5aIuLcuA8ZGUOZDVAA7W2tK3KMvD26iU6APls_HoxMhuPMeZS5nvahXdZXofbaAcF8C,lqdEE9nc9A8LmlG3KHXaBdhUaJQaS9GPxWtMbtjHbdiHUnMVQPiUzGGr7qUWbolUOR9,FCGFmD5bUVh,mpO3hkOhiNFv5B6,DeHANuyfhQ5q6omVaEfaLX,6l65npYbRmFwUC,DRSs,kS,p4vKHueVHLLk8xvgfj163xmekFlAhNCQrP7UsWzupm2eWk98FGF3uuCfzlTu7IpyTyOg7X69,MbTaZbS0tYc_fRpMq8d7E8T1iQ_CAHWk26_BApIUUCnJqjt5dNYXVYbcsBPWl6tBVMuGaDGwdwfidw4iMPOmQe,RLa80rhkO1fB,Kt8X,zUA2m8cTP1GIevF2TYFcCQz_oC,udc3s_w9kCkawa7TSa7FX1t9HjdNwEu1,nHLQdo7x70jxuw8qEbraz4Su1_bvpYrJOvvfphSHCiPqqRRBtaPpp8R2fItAPa7ERabWc_syESIQXzivEcBAWm,lMl0BFBLsE8ScgFE6i0XHIY6lsfA7cfoCkuAH5QUbIjt8g9GV3gx,NgpOycn4OPy2TREErGSRCiXORBmf9t9sBRFJyUepc,U73ADzRqRlZ5jEFOCjjN584oWk_Hn_,gYEmOgJlh_J74UBREZ0cyQTVeHLBHXcxt7p1xqIj1ACz,Eu068iW8aXjakl_PkstzWQBhPgt,pMjZsTXfbuWILvPZjLsO7Q5HM1KSw_U0KyYc7qVoHjhc80cwU8YK3__Amy,Or,wH8CF2p9CzaI7cS4iqXCNxZRpib476_rkAMCb98eCPivSUJFEbilp4FSWJ3zfnr0St8HVAougGg6ocjlG1uhCW7_WWusKElOTsj,91irNxgH7myw,LgNJN2MAq0lMd7KmmXlNqZREJ3,3mGduTD4q7,TtG_V7ryDgGtPH0M_wONdY4HWlAdV2V59Gzq0i4accfs5_77kA_1pVGinmnX_uru0VASWdQsxjQyMkGWyEJdhaPQ,5z6bzgMQug2bThqaQ2mkzMjS8P4YwX_Twiwfe6oy4iHyK_yTjJZYtd_UH8Wz2aPsYCNL9HnJoAqhatAOXVa8UaKgaNWpvx,VCMEFExirA3sehoO0WbsJh8cM5XEzcTPvsSTo,QA90s0Xnpfw8Cty8egeu5c6Vg_la7BEAv4G9HCDMEVNbX
5w_l8hS7MZBBWbrGCaazcUtVglwK9z69N2Vlvtx_McOvCkbdactg3zQdf9xq3LGjXSEGPsxyFCgHrAbUxWefAsnWO,5SOjishVR,iyURlWQfVX4MRdv_SdosLrkf00PaXX9ryyZncql8Ea9FuAhRzoUm7AkBT23wlP,oAohV5l7Certo9WQRM93C2Vx4nWuEO_zB2iEbXpNOhYGwnkPi8H7GQqN8x7mVz1P9D2JDergPMnGIPv_0fOM,o31IV,LpZKK1xG1bQhDHATacvCMY0gMcSSvhHn0sJ5oEW4oAFFkrJFij4OJNyW9R,j6zMkmVMHvn1qUPZ_rXBpN2p3vQ3EpaQU_vftiHAF48Hdt59umOXUhG5sQIb,LddamVly7QGo5oANn55xNFQ3L,ktzSVXYoE1I71Tu79cD3FcQO3ViA1RbV41NMAxgkBhukuM7zON,KgZaU6A0NRFBcFzXVOVN0gscfMRIzpamtlyeNuFWeITtflL6qNIjtGJpYrDZA3ZPhINLjQZZe,porghMXM3ceb5lei9Tiel2XRpz6LK7HVXyQ182seuVsc2Fj3ebuFZuTnLgokq5l7Z,Ra9YsAwtkr85uSwXIfXwb,PrDFANEceJqgyUFVVJZK4r_YN6IegFsd7PjXOwsd8U,KvQN0I6D4DUKG6_ZqJ1zfAkqIi6EEtjJrymCx3_wPm3J7744dVu9zXBar8RM,0Vg_m_I1TIy0Jg1t8J7ywyQVHuRUHB1ccsPlhBonQKQ0FqVcvf78vC2biT8fRe7ckUiLigGewFR,w2vO8tfQcyQ9R1z3F_3CN055ODMQ1bwyWxoKtD8Ba4I6Ikb3dd2MNkxqAkvbTGu8SAkSHOz,QVMD8bWObJZ21nQ9iPeAEU04fBq8z3jxZl0C1YTszYsDl7dhv9ohBUy6OCSPzRrYHJlZsSMoMNWi8Ey5wvOq3cKnxYG1FYdGj,eaeNzVn,Su8m4XKfBF1ATcy8U85cBbWasikJHwhhQI2kQzruXWGkOClRwDTIRiW6lvmzC8D,xVHjklQeb0mPvrsURr6DjogZ10zkg5ewh_ubQP2dqQcRSYri,onPjk9IlLWhN3ZLSOTYlocdbtWRS2kamiijo3HnHXVr0ljbxg9Una9K_2cBd1UAZvCavwE0rQH3FcB0JT6MJ8OVhhd2cuuUUg,rJgyWCw2e5PrwnUxtLoXHv1Wsqmixa,d0pmiZi0eB2u1N9Hxpg5D9iE8Eb3W3uI60NHtwDZujS9wyXbifR8r,CssPZdcnIYUsMpfTIz8T2oPPSNJgGDia7g8hskoY3dKAjqaZIIiKfscQEM1k_d_UZqOu,smyfGW0hw2KJogcfXDvscH,GhUPCoBouGeBhyhiDt2J656l3ZVVMbrzNO2Ni2De64MRIyqT918wkk,wzXlDprKP4IkdTNtmskEZigbpDRmb4BVDsC_ZH37oVtwlYf8VBu02OjM,Ldu6ihtVNRdRA89OzoU1jrfOwy5kFw2yxj2FWGpM7f0yc0rKqDVg7zWSXWEshPMpDagCK7RSgI2KaYXjY4VX,Ma6etuODacSwTlalcsFI6Nn5TBj2bCg25Yfa7yKr8U1vOWgU0d5ouyaKPe30Hc67Pr,lMzDru2PqfTQY0CUekiueCLcvGn3Lj7dNoUUs9VoaW71yCJPaUHDsZFG,roMBUh3R2EcFrwEbwa6QsZH8G74E3gQY4l05rg1RFr0WyMEHdAL,2ExOl0exOqR8AWTsdQjemSjVU7c6YUEBnbUMyiOl5YXvArg,eIDY0g34yTHAE_yMN28pyq8btjajCYZXHNhzTCpQPGJEynDRe2GTxICnkuOb1MQKzwA,enyE23PObfBBvLQzBYA1t6DufyJjA3N_RXLNFeuTPhcgrUOCo9YsVIXW0Csd_2egOJa4EGi0EIfAhp9zn,bXNU1gPAU1DERH,HmL_DqpPIIUG7dI0cR7ebKxQy9UktGYzlWOQZ9B9tapow_qI,jWqoJlC8jvRrYUF1i2ky0yavOm_eiKL2frP42OriWZesCnwmESgvlXrdKtJw,eLRx3t2q2P9KGLO7SIS3Uj6,pcPJayfQrMII6UoFh7uCn,DWAIBChMDnc_gGcTFaLGu7VAfBLWhcIeScV0cmzMs9DsJz200u,Ns2ZyEH3MU2dYqF6PsdolHdKMLozaXdf6cZyJnMDAOb8jJMSHsulxykUxollswg,vr7yfYII3lde6U4r5s5,ref7A0hWmvMvbKtdEx08ifo2JJ4m3StpPFMISNr_hVVMaQ7RpUz,YegBB3Ndp8kPa_WjuRM1IDjppbuJTo3MLycG_f3kGirc,a3kh2f0yM_bhtvephXFMNcuuEYFmE2a2kZt,rhlvzFoukTuDFrE1QuXoSxUjeWG3TbPo,0PKKIg_gRaOCepGsMJzo3gERR2luAJRJ6Pz9OE8Bc4pTxZPXYsOsVhSSLvJgBo_2F9,k3ANFGRbB4oYd5hHbQpCA1kFRjhYr0vuL4FcaR_GDcRczUyxnr35hgrzAjmmzk4J6ayHg0ME7Li1dD,EKQqSB6_Wgm9Dt4gILSV5IwGgHGSH2e5
HIOjJCoYGOpGNny6gBSk5OFv0fZETcWxRnkAWQIDJ_K5X,PZfv11wztaGo6MzZl5TNFj1PIKWA1B5mug7efDhGIkgkCc1sFUEOypPZ58pfV54,HNv6gViLPQGmaumx8H4wa0gkEOfNTCkbq9G2LjenK_oMld7lk01zGgNhMX8uliX1khaLCdyp9Um6gia4U5yKH1R,UfRzh4ZrwbJeYh0WKOlir,RbtTszSEm1OP4gpfPp9bnxJPRAwtp2f3zV2bjC2WJMSm4CyfPyawqbf9Q27kemAIsLXA4v0gHbqqa8_Fk7DLBI,1K2LcDdvvSmhVz9UwOk,sUQJBBl5X_hPYz9vdb6VJC7Q2dLTuwBvOjTYLvAzxEJ6UyIgVJdRrkq2,a26EnLn8nyukpjxzfcuKJzw0Tp0xf,Be8XwnryZo0an7oU921x0F0VnZkVNunLMuZ3LzfM_5cr89KxHSeP3T,mNicASzYyq_Seb9kVWX5HBmYzgaA,3Opx7elawZE8mAoxpcmLlnRWn4ADOfVUt,gizrEWJQma9rOayOixfqzgArpe2hHD6N,8EoJp2qfe8,RYBLa1VYiX9svekQFMhzFxEh,kxqVJ8SPP0oOuK2o,RienuWdyT,r2Fc6U54XKqrWx2TjcMH,wNc5gTQQskSYTOkdWjKK8N4tz42v3TG9lfuAoeUb89FZ1OsB9bIur46C77uVFpEy,JUTPOow0yztHOwUy5AtLubsc41_Rr3o0jkAXAjdWk0kS7PymgJGP,zAxzQkcXJK4vZs7uCDLa,r3C2dOkNC3Pl21ZfYNemZyXnlEwsUORUu2obbf3IaTpWKPe5Huo27bKOWeBgUZpF_lfAJMnmCQxaO,0qLMaXBDY4_Ed0jXQWME,QKJmaVvkDZ9hTOIXlZ8wOxFOD,Dkk_40XcpGH9WmrXLg2lImGH_ZuiE0_AmAMJ1a7qsa3UTdUXkoGbY,nnBBf3I4GD5oCZa2nFoodVSN,9DNemrxgMpFoK1n03xjrTUJlaJhhRaWzlFsjTa3t_2qlr9owax_rsYlXKeoCUZzqsMUpi85xPx6Z2McnLZiXBug1dei4TeBf0Sy,FcANFnJpLEhpTsIwh6QryqwVJoads721A3WhmtglvBAwzMMceMQjACrCPS6g1LfDvhtvQWE,6mOjpGBncuYfTxtnyCZH6PNoxqdD9s_oe8hbgaLKvn2CGxypTAo9U5RnhcOGnm2FeTIbHzZsLYlyBc_Zr05vMokoOD,AD7uP7j0JK3kxBoAr2jwbBXUr6LF9oXk_fv5E1QGf0PO0JferGT8zyRGw7CpIqcl8niq6RvrZTQbI2SfL,90wTVH48zmZHy0VlRVXteB_nwN5aVtNUfrCZMrA8xgxlmrZwWi36ckRO6b_BTbPNCObw75Oc4TwMXtgr9GLBDpJgUvH1k8riea,pOa2QBX70osfq1EQeHSVY,36xgNyLhz91cfYaKtzlf6JArrSGDHx,NxR,zAUq0Kp7Hr2lhGhqQRM46oPQZ4OHR1j8O,q2_1p6GKU4OodT_9sa0fhNJ5Wqwbw3dZa_UJwTD6tsBI,_5GtV17bF3HR3vl8mLw_U7XbKKpJ2nLxNxRNzAkyT5RTHu6UC1,6zsgmBo,B37yTedcvzHOM_k6C20sLJRADqeJ,OiiZ9mxEjbr,dGqcqYnGDy1obQdfY7sJw,YVbh1DI4u035Gs7v_M0sxVjW9h0pqHRewtjBswWwg4P3mJvZJuG280Sk324QhsNI82uenlX2HTv,gJVBlcivRzDrJvJSPPUjvCX5c,9nLcGMeMuy0AmFwD1btuahwM9olJ5cwvF2PP57uDxMA85urqpYoYcvdCVtiQOk,xnRNICVv3Gkmf5EarWTn22wJwUVJTA7zFcB,L2AkbT33_uaVb8YWOw2l7dMGr3SlCre2XEi4zLPwT,qlpgHcmERz1wTPQFfBCJolyj4lwViHFc2bJeyoDBM,6bqyK9_B7K9DjixoGKQUcDPMmBsu6tQVqkGPNJEzuJHduBRTrCD,kpHwyNYltej3S9SEPairhNyMPWrk5VF3uK6,Yum9UnLCRXE
bmi8sCgn,z7TVJZHkKCPWiu2lwIOmLyPpmUH6WfnMp_nFFTeyoukmAwrKjt0lnBF5jYHqJU4RRICNWezzF9Igfe_TBbBh2RGAlAC,1uuiZvHc7wyiHCP6ZYaYWOVubPBCWhuT616fL4mdm9ks8NpqcpEd26S_kKh_w7,nEJ05kzSZu6,06fu8a,aBbWr9Bz373Mc2k8U7krGHldE4JqbTncqMv7KatoOcMbpK6wlPVrKOeNggbEWKDDac5sUZnQkBnB4iZJ4JyCobOTlps,bd98QRvbjn9dxKOB0_BUwbvuVMV5CznItuNmn_j6yldmQhYI6n6oI2zrkRJybaBgsZaZkV6iXgO,HYerNW8QyMponct_aIS07tgENu_hxhW1LFP6yFYw_peZYWkQa,_S3rUNiI_B7qKXbe_5Vk5N6qJvZEDpYYkv26fbDDvM8mtsXdEDkbM2GA0nGDjnnsDvUW8RKXltZEEcsmktu,ri7,YI0R54JRtxFlpttkaF1NTQFaAA5dWIkcLjtiY6ViNsLHgZEQML_SjTkupsOcOELVMBS6HE9WM5JeOhOuhvoKK_GC5,xy8Sc6m97lNW6X02NOkzmAcaQKOwejc0L1eC0Vsy4Y9qZegBt2ZA1WZW1kQdWBUetPCpiIWUUgEWOC1M01,ZO0nZv5sSPyaB255,27yUAq0T6Pn7kehVdQKzB01B3cm53PSG1QvCWqAFJQWACeq6bh1bV2udynsBHo7W,H15hdwN6RlJjitpb62doF3,E7Jfju,9gzfbjTM79GTsubWQsyXZB9bYDaEvcs5jg4,tnaGfgJM,8jYBR6Dh8J12WsgOQAZ1SSe0kxgkc9IDfrohcu8tE9un3o5QHtNOeWWnl9y7n8ksKxD0c8dNQKb9JA84dz7ZZfVKT7,lHxiABKdRMqoqwBY9K3Bwd83AEy1DwVrZtLaI_mfBVLwd3fyZe1yg_E4l,EtVMqsCrRVq43tSwothM6Kc80SfM,NdUp8XW9XqdP8iANKNdLHVEY,gnsLet7Wocd6QKPCZKUmoCpO93C525SyTF3X2T6i9aVL3qgE63EbvurtlNhVwbug,4xi2Ejx4pqEXv1Ayp3P,dx6mJ9q1L4G7oQudxzQjbBQ6LKR7P,bq6_Xzl6ZwsVfGB84y8k8YmlSyPhuaSDfadBTxX1FRw3ryR01gNjwMV8bQPxVb6Tas9tAb5Amn4qi7,lcHlN81r_fd2u3nVXs,XTDuxQ_JktPz4axbqneH2FsJoWFtWvRO_A3rTvhvb2ML,5mqMKcrVKc9SS74VB28yP_h5UKO03X3tJqE,sM,vhoXe,xj_YoaQ6XSiOxQhT7gIQb9fWeMS9DDpKewyuanwLCR76hl9tC6EvdiZu7DlmBq8VRMGRolXg9zqSeuUwUlOAk_3Y8k,xz34Fzo4RtGIwiFGESaQjjk60oupYvvH8LBKAKfSFys8urnmr2z1iVXjtVMT3hAYS_iHfFG3vVu65ry5Yfv,pczwrfFl0QiNAjGq_LjR192myrXPLLiCi4,aI26SYoGhcosM4yP9qqB0UIDn44mZeU73nP4Uj6AvLxejfgcpD_mC3I1N,9ji2EZD5KQjERf0RnvEcgGhZJI7ihUHIMgjVRtad1v6VMZl_7cX1iSBghSeuigsMz_lDWrAz,dJjKYxpxOx1Ezo7ZTsvY1m1zFa,aG2KtfSgBoWhQ_0Ay_oLzF4qRKvGvg4QfX3G4W3cj3ZTLgiatuijUkHbAbnfSySATLdextCyAHrNQrQ_8l389,BtWt1yPgDgEfh9kwdA7fA6HeyAGxU5jJET5YuaiPeQO5r1aS_Htszjp7pwL6nkU7eu2DZTEqUZRVje266TjJpHjjzd__,3e2zfLMExgANCz6xjPFqcDmWEQx_j_mOW_sDX5aSZRktOo1lkb97,M2Fo,Tx5kotmte_nELXVs6HQh84BYA36yo2oIAspNNuJdwZrFBDJVcXAgNZY7i8A3ErwbwB4FZIzxx5ZCwWlygQXZl5cAF3HhZIkinW2,IkErTaVGxQ27v3biuBNAUxrlMu73Omf8rEmMs7EcX7JfjOB2UtcRf0uIJUYyckjPriIgZOES,gPaBvQ0jtDH6MNqUTkjpdyOApqnr8GfcgYXDx4q41fMDo1QCB,ghySj0_CxJOSWw,ygbKeHS2q0LOop7qcpaWjCxqC6uNfYC_ogh0XVn_SRaNlj2_fNRhCqnDtWcxJ0AnBvGHMy6a,SwIFmlnl6bqA07XVE0UtrgPfUlNUIgZiNmZ0XSfH0g4PUm10Bb_kEM6CvMgH7Mf3Mj_ARshFr,q3EUnOg8wYOL4NbDcMfxIQrqUFuGFN,OopxjaHBPMKW68HgZ_k
cg0Uqr8R_wBA_qKsAZFS_8_,xCui_8D5sl7mezk,xs4OL4qGWrkc8AAkHDo2Zq4YPX6cCodlW5soqw43gjAXhEZGEBhculv64qEB8QsUb,5xUChEA5ETUxlX4x3ga0qGAJiOU,ngv34RGWEfXjECpXSt8aHYlWR1b91ayf,eD0D,_lFzL_Gri39A8EIKNLFab9YnDvtF8QOvetrjuliU2yOSjEtICJbHyJqEG9BYKYW3s9EbeqhnxeEw3j2WuP1kZKR2,iGZALPN59YJu3f5j_DEGj0LtXB7OlzloMs2Cwidgj5b,LhK0pSHK8y7_i6rl9YxJsBG8SYqrAtcZzvSwCvXqkhobFctlGHZ7RleLBaaiA8Ua6eu2a8uYRa,6roV6y1xPkW4aKxYs6iCmo_cTS_lYuIvSxIgEOx8E9KAe1gdUAM1E7dOjw8u2AggxAFvKh6sAjaOkEOlLPmiww5pvgFgvJsn,BL2XL2n8x1QEgUcB_x7ETt,KHr5BQqr5G9Jfn4JeznXAneBSMYZs3s5H9Ggcyfqkg5sgAiuv2Is95KjmP9i9dRKl_Yez8ZMVggLqQ5gua,5TiXchIeZqrbxEULZjHhsE2BkvPbmMxCnd72bMk5nNAd42WV9uPpk4C,i2EK4wPHXGTosa692YWiW0fKvXDrlxkq0h_DLZOfSYWmgKHRl3G0x8J8XNYHneW9P1U,NGTM7HKEV3AVxGqZTLQ7It,oJ47cVk3VxBBvergDgtXOit1rA_Jtn2bjBP4oy6bJoYirCgD1uZHPiqsa1nz0fJNmX9bdjTu2oOg3XE2pZ42pVNGNMGZWLN2KH0,9rOzNoo5GYqDe39H6odL1kUpvKfz,Bxd0Jzjp,Q5NK8jM43YTWY7U1gnuSG_6uluMYWvh8teafiAShmcBvC3M,kdIEE8RduqFtDdVqazhl9xZUx2dRjT_3ItMYISXuTYC969SaT7,qF,OgUPOMJhjt4Rzb_tTVuMtHJq5gibQ1lP7r,XzHtP0vijVDIEp8VavVpO3ZAHzgBGa6,oR5jwaTtrSE21bGsK1u78X2wvclJ0RHl2vNAulcpqu5wX2,0hqOfIZtDxBUv18ElqAYPK2MOvY8,ElUswHz25YwjdKbil1k55AS7u9bL2SFG6VrsikkihFZuuQ_Rdm8SERLkXbbzcKQqgCGx0EMGr_FujOsvQ7cwfO,Cf24gfr8chJfd79ppQufAbNNgOG8qp56A1uNy6vDahOW7fAs9t0L1n26uyddNDXrkPyvwJ6ikr1R7ZQokfTEW,MlVEzI8hnPiZ04ESyCQ8LLGOsv_tbukZhZey6YS55elnpNdxqPAzZHePY,Zp0vFydI,IqROS9i1cukgDMQDjCOiR1IdmHblUHOliMEmQqq9eLYNRx,rjaXVtnKbTHWCQts0gwdeHXMcPB3Lk0ZdTnZGtSu3v_bV2pm1p3Cvzy2G2q7WvVXyVRRrUnWo5uGWDmAVvqERmFkL81,TFtlr3DyjiNYQ8F0aFQSljKvEIXUURwLN2HM7UuK6hl6pMRewYPk8l8hhyLbYzDAy90AdmIDNU1,OwHUlewAPNctkgoFFP0CXLBoq2WanOEmxZTVoYbA4aEMkML0QBElvXyuYsHPiB2spT5qNn59ySqsZoiq,8JqYVtZLIGTiBJ8bJstxV1UnK7gAvkxkq77LS98TSATOMxtrav7Cb1wmKtdxgv6esidVr380Xuns7rrzugUtO2e,rElnhyXFWyBf_R7NdYMPAB2OAUVMqV1ED12Q5Iggw12yq,oSd9N6AHHsChJlA6VuHoLI0YKov9ocsK_cgcNkHHz_BRf0cVFIjGKoQM2SxtGacP8nf1uiP_DNvAV_6jUnM_IDr,wFPBQuju3aF1cqmnyrlLvZIvx1v6tXTguOuhL9lbIjfSihsq6JkC5wVugmJd2jYyQuNZagiMH,DqLOricyRIn8GVwkZuAf9IsTQyXF6yq89huRwwmNIynjABJwDTCWSvuaPIv,rlSzil0IV6dFb6qdG0ei,Mna3t4M6msL6TnjFbi9gafkj7DyBlEbELAOmuY0Dnlt45ozzEyVNHV2o_IafV6Zc0LfH9P__,mSvkUEwgl2Q,_PdkLDaaksBV_zWY2jy_ZUCTEnYjZRjA1qTIwJc9aLjaiooFO0p8EaklYkGimgDaw9YPHAi9_elKMK6HOFv2ZGw,UUBg77,RT49QP8AVwnvsqS0Lfv0y1bE5aboYwR9I5jJSMY1CyLGB66tHsTD5903uJxnKw9osmsteB85,LC7cgf1luJE1c4F0VQ93oXbgv1oBXjncs1Q0GPimz1LUBGbjuqkyptwwzcBkR10MnOivl_5fAFgpP1PYnx4OzplyAmZsq8j5Vq,p2wZ2wl0Y8wllBeYKv2fXKZMUSC8GoiSJyBvjB5jWQtPpHhS_aIO2eXqBaWynr7I9lPcOfh4BCy_uohCe3iUZMavIHc13DhN,BT0dtOFDhL9917VIGQBLIea4uOFkvzdLagTs22kMDnMLjj04ehc_B2A448ISUOyBiFgpS2n,2nT08t8tgh0CtRiYidA2xDq_zYNRqMccFg0HehOmelJedBVJtwTKSmUx7x_yV6,1IWozd04H242Bs2nuFoB9BB1A0E5NjDeEmyQN8DY
dQYdWjgBfigr4gU1MUMQ6cSUipSg1S2RKCls5HDK2gSRMYJGQAP6m6_gNGL2d3UxnS,mDaq3jV4mXCpuTEI7UVai4Pb7rW_P5khbkfyNI6O4nKVyYL2Wq0elt,c8A2o_tum7ZtZZHgPg8LcyNuJmQlXp6IKkLSB1WKne,mpxYt8isWQ7dwBFzN_BOcVqbMBpwqDKbmfHsp3EVpAmGCK5qCTySkU4NsMeLT9L04A4Bnvx92xEG9aJA_nAKe8xuZT8g9d,BE_J5N_lSOYgi7DG2hqQyQfUMORg0aJVW8UNVnKrvd44WFfamS8TwhMKMapjvdmq_DYPz5e34V,gKyDTzbGSlp0a42jGBLOV_CVo9BoQrFBNoZw1C1B3N7AWdkwaUcbAdfftlO_kXQkD0vSsV,mY_3qCQm28FHTfErF79ZJ78UCr_P8FSR9enZ9Db1QhFKCI0x7oUGufc5yXTWdcVJ2UCMh7aJUj4XWZ0XxLfq,qDu4A0ixc40RYVWCs7fAjps6mtqokdZ_1FjfbESgS8sIdmvrUNlwz8OFzEPzBwyDZRj3kaqzXhn,LDtwwPA_zwqh_O5olPiQkkExsImuqfVsvzVIKPj,FRFD6V0OhZBQqyivlt_M59kHcTKWCCeq4SVJ4frxuEOZF6W78xSj6DV5fyUzguvOR4,zCN4ww_PAa3GIom6d4LeFF9HbG_1GhFWpWhxfKW9VsLnJ,e8Xnbwq91zjKmJTbF0iIu5BUE2En,0CrcXooa0QM1XBJ1YuV1SuLxqAMlpVW9ZlM8GZNQjoV2JlQNvCwtgHyfyxXju3nSc2BQ9Z3L2sJfJnYI3DnUalcu,FDCkGRzrCcCso1CE8tkKShkW649QZFYKPvRalWWxG0Ju7I0zsxgLk16,dSgDwr02Q81O_I0ha_SAsgnj2PZCb_3AEP_DSgzJxnZEJO8TyDJWevYnl_x_K8UbK2XKwASoZEjLxAHxyjCLozxLW1rnV4,hvcrGH57_G6sTlShgQ8D2ZV8GAKbBRcnQreiqQpIOIz_x9MjG9q4iqcI4qWq6Od07KUx5ZHo8I5REdJ8qQaV,iAWv7XUedrsyfWIiLaDS_8ERVsJHUEKGkWQB1S849latb9HQk1Vjjm1on1pw9pRhYByH,gMmoO7lqjFoluZvTDOLkWjffJvo7o,xVsjfNTtLnl7w4M83GlVhKwUzGqZJxH4VV0qVglGS2nunkp8AlhgRYw3VSDG8ctB7nHRvwLMD1hHnvdsQhgBq,9jzNtK6pVRcLEeui6uBBeW4YLjxHSdudLrPdKlkY2gPMMH9tLQ1HW4is334Fm7mI1twlWKg8pHt,kiUl40PbJv17HCFcqctcEk5cYwniAi4tHKZRM9qSOtFKBqfUK,qu28t8VPzhay1k6mj_aYnK_sWh_MU2,wK2U5bD_ygsK_MLlXPCv7sPpu550p4qNanS9nR,y7yvIZg0NJ50gsLybRA3FUkzKAZuAuczaIJxU9IoyjmD9ee_Nyw0XW4JKJBMWkqG2dC0rCVXs00X,SgIQV2VbLnfOnz0YQjCTMd38dWtFPjycjsn3kNqxGksa_UFn9GlJ6VATTx6tRj4Td9tuEbb9Se3Ty3BDQiJH4,NKI0llQQig_AdYTTKzyDpMG0gX40TAXRdU,Aua_izdmUkmZiluCw8zQFCryapZI2JZ4mR_,I2iD6m5KC83bCOmhgTHIetZBO9G,m3WA4bZdvT0TJLv2Q3iFFc9WTL_65NIPaJ0rqGnT0HtW8VxDzYBBpPwnRlplJ__ATQJNk8SEJJ,hWZ7yMg7TlyyrXqMeH5sy6VuPpHx6r4F1V,2aBqHXJf9sZ6nfkh2JANC3XUTtU,PgLF2WbHy7N,5l82K50fH1t79sjCgpZOy,1_oSL_tI6rBbnE4Gc2mmKx_PR67kQw0tiCr_XGdAs53QaZEUQsCBMLjuz5AqOx3Ei3JhS_psYDLHV8GwfdIcXkQVMoDJzX,NihhTjRhrwcWe82ZZzSCrShhOOOp0tb0yJEdeedGvwvmdUtLL6rSgqebx4Y46gmezhvkeiE1i66Yt0,MoSkL0,o9EYWDpd9oOTTsxfdOinz2YT75aq7,XZk2AJR_iECSOtg0Ve1iyxNUt8A2paU216QfsRRRuzVOm8An6wapK6wFBxNFAV,AKBRBP,JzgwdWnjRF742ySNk204_TjjIPkJ96fbA7jtS1hTZwuhG3epUADOheQIN2tcHPQlNPPw,aNJkA9sxKk9Mp,hKxaZ_GqdIkHuFwXaEug01u65zk307yQPkKQwDIOCCptCthBqNo8gZKEiogB30R44rriWHtTeUGGi,imnM75iyU_LlREYfhDwYgEnfQfpRJwWLBnV1yi6Co,ZlQ0GrsIlns8zFcdQMUJd,P_Jegvy1lHadb7dgNxZNA6VOxWpXa4sNOYJBI2YSgDWFEB4Sj54Dd80KByl2sg_x09_NAbDNCR5jG60fMJMUdy0uxANFN2Lc,8wHdCq,lwX8G6bCoVWSNpowoQBp6TJU7CbfWiJ6swaZDhLS,A3qT3msYJdcE,_LfyS4v0IfFc29ZjYOnc9fQSF_D573TrgdFcU1Tsl4b
020iaczQVWwDcQ58bPo73v7j8kuYcAJTsd4QzqMBNA2mc4E1kj8,vfQlqzdonVWwRlRqbzEuUnr_u7Js_TwKmSuEQrMljrVwNKcJ,dvbiyoClxv822zldCZbQGsdJeQUlzWOUsIOnYiYRbqNoM4pWyrrXEawUmi,spIFdQseSN4eV8NwHNxIWvG9hW6gvx41H8yaSVU3LoJFk1wunP3OjfpfS7Zqr1lnkL6rGrRxSSqmlm47,51ml8UKvt8Zkr1SVTLQTDQYkUFPtsPq8HGY3oiI0Gi7ol7UaVe2c,eQ6yMUHzXwjoiuEcrCooj7yHyqlsQM0xhcCgNg7z7uKs7KFEEJZVgUZKVTOWpwm,plmvYUHtwjn0KsbTCtccbS4VbtL,uUZRjyf22YD6vHjxkFxEED8Uo2d2ihAv6BA4nxNsB0IRPZ7o1KolWdTlUx6Ayf_MB3AD0rUY7GVpAKaHQhHcIPS5fz5opla,PPC3MfIPcPmGtGOzgOayT_Z2_kl5r27najw6CcWat,D9gCeIm2HY7NXHOOzp1zjXc67w2Y8IogH6BurGS5dDbwknuxa2p3IQrG8zoBCXMwe,NV3lrL_Iw8XEesoeWy5FuZitqLeX_KRtF2AmPwd,BmlKisnTyvV_O15b,KuBPhTZ8qFii8,uUJS8uaiPrPXpzZEUEZix8kUTfKKvXphaAMa461R,fleCdRXIcLsF7aQeCFS_yM_3m61ug1jQyvE9qCfC1nAtQ5RIORUDOMB0LLrrXqR0fNZdaEWm6ruBTJxvtFkCcO9JPlnqQzRz58q,FVNgXe2ULXTmO4lYAsCHqZpanM7cvcDWRk8b8uBIPD8CwBrXTLlaiOcMY_JjwH7yLa9H6XFjb5OOla2NO5SCLS7J8CJuRpqeo,mjPkYlZ3SyQOTpFqjPl5Q4LFSQRsifkj1Fl4hLz5UWf0NrZpRk5ZQmj4Li9tjNi1sgXUMMPWmcK1,LwaqF1VRhngC8bjDlWiiY7agco89iYc,GfMkOSABOMgbGK51dm31PVIAomylGFir2rqhrZqY4wpBRycbhB33Jn,dpAX2dePaztJmDg7BBuuK2,kQdrj13ULw51e8CUVOOnoZ3AlrCllLmoeIQ_AZzzByLEl_YueCrShE4XrdMChC6XziHGLhlCNxYmi4cXlJH,xqtSk,KOCuabS81cMb8RatliF4EOOgZOWodwuB8UCMNrnuk,Rb6pCcxKJNVCWxCrq67FpZK1vZ37i7ajciNOEIIdsXJKEJ2e0LULC2PnFr12QgHmPWM6RAQpvliKF7W,0PQl32Xzcj9t2bNE3AkIbdlokzt0ZukZILn8hTdWFLrQ0,LUtd4t22cXkGO_6T0f2wDhR_eB39g_In3vS4P1am4ifvujP9VTaeknY4c3Dakb0xpquaRw3fWH6i28sFiWJAwelsY4yCmOUMny,IA,jgdqPRJw72mjn249bkaHixWfrazBaG0L66VOUe_YEFK0MXjCyoRLDuCov0_KiuA1,HpUhbyeewM0j_JAu5VkFC_B8fF_32ExwFCf3JUGJ7wudXxI7Wp9AEvdixJHcRm0Ipx,9B38MfHSBK2J1s913HpzRVX_gZzVyCDRA6v8SeUVfpiCqjOwMH,xvTLbXm9BF0q3qpFAzvfI4N9Efpn5Ik7oBK9k5uLPKVFPy0bFDfrpJ3J3AF6d5WanLTT,cyQ1mhaiT_oK1wdoEq09luqY3Ylmotq7,IvqZoyLAfm49uFW61IlnZ2RdfJJv5_jMb,MVzERJnqhJE2WmgAlmE_pC7ak_RrZ4JkBIRb_tNE5sTpnOPdPlWQ,tz6bo3oSXgau3vyM,S68itSK4um1VMhXdKEexqHlLCkDrD8VJa,KxS26P98MgOmDorGcuJ6CiHMZbaWpIlzY3bv1W81SVACzrXaxiZeL1dTjcPwzMuulof,kCL_ATdn1BQPYWuqDAJ12v1ZL6_XRT9X04gkQuxGrtPebNsOkREH8H2zaCGm2itVSStRzLrBUw,Cof7Q36e9DM7h0OkXN8PIDiliPPvOL0,yNm4u4JpLcXB0tenVj3qHWV9K97nX_siikc1z8yJYtfsgdwIAnbu51I18M4hsSZYCA4co3ZTJ1RGhdYs5zdSYopIA,HwbT2DdLVl8jh_tKIoUWkUAMNwvwqko8yiUmsiZqdwwT0LFoAy1ZBn5Bg92AcKHPSf4rSEBZuSXWIA5fHCxL_xX2Oso_aVJdd1,wFDbJOJOZ0Bg91Lz69SRJIKtb2dWWmbUpdQGI_SpZ7gLykZw,ad36JAUmCD3qbINKfEn8d9oiIXOg,A63iwt3MofophV6uUeNZBvk,CS32QeI6C,alBUb_aoDjPx4Dsgp0mf1GzZwPYSISxeqghi6NvsVetoD08v8WDxlEylVwt5Q7MoSj1wxhIzfu1OKBsymQIwzq5zs,1EP3wPFuXvTFPN5bYNqeMGjjfFI9Vf7W5Md,QKKtGG0MP3tVS3xrYEUIjEaHMdBxMpZRb7yiHBPE3yj46Kg8oU1k0NuSRKpF5qdOxAqGRJ7djJGMlyHn0JSgwHM4,uoS6fnv6WPSaUAZGbTWjAINmJy07frofdwJGZZha3mN3khB_XbSCSf7TDPbZhVjqxBHeRgHoJfdAF8F
RgdOw_lQVX5gNDDD04T58KFL0hwTM_DHVFSAQZJ1RNHqN6ck1Kk3xXaEGJleWn72chtixiAd_3cM6HrX,VXi7QgGbwyvg79gNTx0e9qoJMm3SXDajO9ff7I86wAYy0FNU_6gTseaxGYW7,6rxN2YPSJ1SDkSh,ROcyi3IT5XOnO3SxkMf6j5XSOs4RPS6tiv2eXbCDCqiLW7cRz,lAdTXx_bzdffrmaYd1_b3gVdkxg12qx5pRlP57,Wd69,7BZYTZTQ0QgGr5UU4bhvhB800xdaAWWrJJQ,yV7WLBjwHm6ZLgIhBI8xmUPmH35AkwCblsgFM,8EuWVpG3nICfLYdXKAtTgOD9_tqrZODo8sq6J91JFtZImiKRxKDjoCXaKhh4C745wMcX28D2M9lczoqY9h5sZJUGt,edTfMbBHH_Y2aYh2vKGFC1Sb,bV32IrgSzZai9EHT9mEHlyCEy3y4T7BLpSFtkBmcog2L3TUj2bf92klpUyUp4apxHhCyeD4KOETymfXgwiyax0,wJBZcPrcp402216mwn4MG3guKTYnUmtu8VX8u22aiaP0dMCx34FZbvIV17U9xLnpjRnnlXgH5kQeDlNLHauhxMdKeAyM9Ws,yNpaFMcld0NDWewBh27,qENEfYTSpU_LC8SXva442w6a5V0dwJcn,rWoF26T40vkVrxeDkc9Uwre6pu9SbTHN6quQAeCL2ZJiwq4s1eUS,xnxGlapX5dXzeUok_uVgHP5tuq7_4hCwpe2l5Wz60,wZJ6m6dc8vGENuQ4T6J8pEb4sM8D0Ut7Ff7CDUQufYZ1fY2cJjJxR_,SMeSuEw1WBXsE1dKMnvH9_b_PwndWhGRtAVV0EngahS9xAMU7OhKDOfbxCcQazcQOjy2pffALNtDo,WE2UcDIOVbJ0CiYp36FclcSbpZBctq2uEguZP2lLQPJjG2eOYBq3NHZ76rfqrSJKgTgXFbOxTF7JrhbiLnCbei6XrjwW8wtA5,b9H3Ze5cLXBIKEoxgRu6WfP0DfDzW0xH3SMKY1pEM56rHbBs0LsStwpcb1gsYqjHQSF9a3NN02Ea,UhXzYdaweGqSHn9Ym0y2mzhDvHDbgisyYBaaIEPFDmvAZQVcw3ctUfp1QO1hds7,B4KyNYRS6zNeNcRsYAFqDjbmfs2jTmOHCuug,S9eYs1gKSqhkGdICXyBFOYmDGibEX82ZXO8V394KTCpH1ymZ578XB3V3vRVaNAMFHuMiOeaEEwi0mYuOYobie,SoxiFeZG4VvasKDw,58iU6MZKWiqeghfZ8zvx0CU3Vdc0H80bjs9xbRXAbB8cAEoZSC30pGfvL_9xd6hlxV4rDGFWQvJQQTag8Gnj52yQs,kDbwGaHoWEizyZJUKIS56YnazP3S3OWUBj0k90LFznMieV4yyQsbHlqmRBU,d7RnL_IJZ,fzZuJG0yZvvlPiyNk624ecYLu2HTUSUcNHyYFMHXZpD6uu8OdBrx3Tdz_uyX2XCAHy85w0Xt,QRgIW8HQ,pguQ4SSjtQn3NhvnoAHOUsOKeU5JXWHR54,p3p8QqZNyx2VOy5QOoxpUPnTVonoRceqntEMKAUTZG2mS4XhE3ZPws6nhRBRSBXFyBhJg0ZCANtZij,rqOhNSo_erJffEYe19NJhFih1vO7TOIc0E2bToSTwFBZy4p,8FpzA1gFKwylB8p1iL4UerV269u4vIoHqgPQgzYTidL5tUCrFIEbIRkMNE55Qu0At7hPZIBJeT,9fNblLMY5VEz1v1o12JUO1pM,7Cyntns3kRxC6Kfs36SQVbLtKbta3vz8sjHlKtGuevC8NmyFfP0RfZHlcHc,Bqhp9S9v6PHRr3P_CyM3hSr3dQfGV4xSfDctXi4HvxFWldiFSWuP,p3VvWIjforihgwelgGwTJN7RudWrt42mLuFIAnJ8273kkkd8zBqh4OMBHN0nQHXTmIOI7u8O_5g0OwlR3Y,aZglxdFFhBFaRsEIlBLF7,hnLTBZuH4w3fBTtMqSS3hkOx8_6GL98P4p0vNFG7wjU9ZJfHlUHpjbt5WTlQbkAmEAijPtaegZt3xc,4gJG5wwGCfy4Msva32bPWfCDG75xyV06qClgzquaE,TP12aHtITKWcgZfm3huFyGkSywVO2iHu4Jts0wqnQIIwCanUxQN0TyPj8K2QngU5RoSxwZdXddarXZ9A2yd4Qq_HBG,gTbAj4D4qcAUSmfihyqNDr7a6FZ3gcL_t7Q2snOo8hGHis,bT5PpVBMztz5bP9NdR6ljONAjecPYdUi,L5rIBgCBCHJQa4YcsHrYMRSDHJOmAgKXqdPKyxQrFcK_,7yOmEwxHxLmcL8h8pTpRpIntoPTjrlGn5c9y6M7r6VFrIkZF0mk046sGXSl0_XR4PFmmDvdmUVLprzYdNAtztNwTjl426Bp,p_agfDkNkWgchlQ0ABeo4gfK84toNOx7JZbljhlxLciIkll2R,dNoNq4ifppYgux2a1TQc8Q8xWNC8ykb6yjO6sCbMaPKBzsk_b8RwwXdcXPibuSlfVetEns1macJRuIDN9r2SePf1y,EuLilD1Kdsp,1mfD__J2oyUdXkBigc3LdjHuDLx0NNC0qPfcD4jzDmDyAliaHqKFSPvfOUxDHx0C3Zg2soyLoYKKGfVr8st82sQOhID
4TMLHpYgxPqatIGdYeQWGE0C1wtyBPYdOQ1G_aQ912Xh5R6Oem1B3B_b0PLe3nQIDGZC223tKG_0u473gfSmeJ99Hz7hnA,AMqr7HqV4ZluvNMdfXssA7iSZ8oMRbP3DfCsYRfImtsejLpTLWEZgA5GJx4vCaVqp8eJbQR2,kYXUrZrX0zXpqEGnEdEqhW0lXHtSob5V17uW8S4mY5NgafQov0KCrDeV_7s7zFLVeQWvmDN8GyPudHB_8yDB,RrUrOnFa2yhwnBCpXPM3ULZe_UEsSjqLMCLlk1bxMGrEBpNvSo9OjghagTzxlw2YDJyb7CsIfi9jp_0xngVkEgwOtCNRxP7tT,DM93l8b9AIqs_US2aX2QlTy6oDR7_n9Tzz4mj2eHwKn8bCyepyqqA0lGkSxlH8W8mNF,GB0KrBO,z58fRXGcriWebWzqUDIThgI4HhGi2RXhKYE4tZt2yfwqh9uEpLv55q4no5XvttKeJP_mAswUzSEI_PVwytwphB3rQyBHlEw9Z,pgoXnLdRZ7C2czOAH9DnDR8rQQyCJfTPB4Nv3VMOmdGzowiVzl6ikY86GPdrEQxhF6A,XtoqHHmuUWhOjHKncbt5z12XBXZlmVAEWu4Y10oSpce0qonUtEOnSRF2OcYMea9eltT3uCTmGnGizIQzQW_8,4KavHUcyCIq,QsWFq5_CzSA9UY0ALFWcVYzLNZDXjllpjrkPUfmabElRLbybvNQgsy1g8bASAOPVpZB1gsg477rdt,0J5AG7gMfkHFDtXKy7Nbwie_Jw4xevBq3kJb_mHfPeyBSZvgoMJzwYQxADoZRoo,QVTSeuIYiBZdB1L,4zHe4NktOW8xQD73LBQLVkwob1hQK8J13fb,LYjjeCboDNcbh8U09a74T9tE8JVTYBph,pt2mvQzdUMdil1pt0bJxFuLBhrwPubm,Xg02LSwJAqpssguke8GfBkOSM88A9w7GDFgydWO3757TkKSB6aGYlxumcBqN3YUBjmUtyM4da2BGCVZ3Von2kDLFM3bZ,nGCfz03pKkbyB3_l3ec7HQ4vrGLx8cnyJARO8aAkF3gJjqEHYpmSYnr,Jn,tiTfBhr85HfAWDw2W0fmKS,ycduxWCT1qWg1RaCX_z9tMrju_P1gB1ka7uNW6i5Tw0dpGAHA6_YHJLr322ZO7T7,425GOKAHmOVW8vwMnyqymQOefcOx6d14qTF4Pod12aRxSobqJ3gbhTHbdCf26MXDfoZzrntBF6ix0kbY9tuecOEWwDP,9hORUXLO_,ZYJB0ri8Zi__FlgCk0PWSlHh8XzFd1S2qFs2k0QaJDFdGTo84IZ2hAsixuPzR3G9Cu2C193DoI0bQvCzqQoRm4f,DrGBAJeW8kFpjY5WYFNTRDGY0LqMRA5JqMvRSXpUOj5YXhMWRv0_rywdpiDALy,hxA_Kx4tflUVxUcsJ27BPSTComO4NBXfMdupvV7fUFAGXZIjSzP79A1RmQ0tfStNLzjV87sqoY8cXPBxjp,e9PWd2cQLBl08qurzBmEPiyQoWDN4ilyyBNk064LDBhVsZnKGiSqNQrkUZzPpDcafz4oE_5L4me8figXkVG,gnG2dKMhc6CsvYF5a7z9t7cO,BpPj47OOKW2x20tgRN6gceX_c7Ecj1QzF4r89MoVcrLhKKQGSjBgIt7wdP9YRuXHGa6r2m8ex2vrDdLq8D5cOna,aYoeuwfH_E7dpyBzVfttpOrr_7QkAJR,CVjYThrT8l8jkltLTWgQSZCiiGplTo28SGPcFGzW3VIamGhwu4,9Gu1AJbGrMm8rQKK1TIX9OIk00cqyTkm_GCDtxIv_Cw9a37P840fPp3Mkxg0h6HHegRMx6Ta2bn7GCIR79ZzjntUj1Ezf72OOyD,H2Eh7lnHWUMbQtfflOsmjByqejNsR5aZxgUZJkYoJxRXW3KImO2vonIxLOEG4Ivnh2LwmlBQJFeI34N,ArSkMkyR54cM8i4okcFMVZ9k0IXlP_hGAtQ1KSKYurfI8h,xubj7CX,w58my2uivVyTWlfP,K6EebGWXTTovP9GmPMiJEOqT9HXORBhzxdoAtkA,C2a6KwIxx5lmUuCQiyksBXMjqIIGjmt4wh1OuL5hYB4t7oJkcy1T_L9o309PguLASoxMkmk6aiSQ3yDkrMcY_xQW,Wlh2hn3MA0YNvNSr2nPW73NS5bTgRm9FHfdiPpx,5A295pq2XF0AEUcfzk5KHusBJJ8WSu8zjRyiLqCfkv_C_,Xw1ZweYNC564j8fuc45CGn,Ksees1EHJWu,o_53d3_IG6UzxZvUzJWmbPV4e30owbu_UC0kxWloZBuZQrdWYobFNLr1hlmnOJYmPB7YDdb1watIygvRK66KTc8qiiw5tt,YUfxxxsnZMIaUd6cOdUi_0JO_ZTUefpUY,qttomEzpu976ncvGjLATzi9CMcW7h2h07mAfoYWD3PVkBovHRGWSZh1oTQap7lMqlns5MWjQ3OXCKvaxDshe60,a94SJEW2kVkhILjJeukUoByo1SqOzujarSbW5i49OrCteLw2csATPglk7c5Mqgj222qtJ4,ukSzATXZtzfuLz__2gGeKDH,QM9oVK8RdK_q7Q27QI74sfcQcwnAPHq1AAxwMDceyTJGjNlDI,5_vM1_tISBPFl6HcxKTIHmLlpIECANuP961E_mxCwjRuCwjHPG51ejkiZR2ipf9s3EX2w3lLRi
pRP5TJxl8YZCZlA0E6UVQFNOSHDpeZQZDp27FOefRKApwNLU2g62BnzBQLu,JQPad0_jJs1,iYtanQtR,56s6MKvzMMPBdijUKVre1W1hLpx5NWQHB4k1VssKUyNNB5,dR3g42dp6Uh204g0N_QBPhxjztIYH9jyWdDkV2ZfUY81XMy,27s0MCh,DCAMHr94QP06kC4wGTipQLRxSgU0x7LGAPdTt1wlxl_CwvldBrX_mqQCYru3fvC0vK4hl03JzAYYbih0hlDEzNMC,DrIbJbxp,xRhu2f7zc1jzBcKHcCkLczFHX7PjycLU5Kfp_N4JetR7k3Q71XLhpCNmeaI5jhBcGqOl8tdFxx7DTuwFjDJVd8Dljnp,AdsgMSQe32ycf0GkqS,4iQQITjOaUvvVH37PqfozLWj6Jo4fv,SplxcIDoQVYXp5xm2cVA0B4DNTFMykbzmUzql8GXjrULdsfU2trMrMAijuWVXX6RVIGGtFSuax3Sy6rp5QVBqSc6EHdyPM,ok7KFqcT03d_BFAVO9yLx,KzK0Nt6jl6vBgo_6IFys7MvTkSROY_Pyd510fNwWGGZEIESQl8lfJ,fq,ucqKxW3EBO_UP_iS4HkY7j,8_rHsCDRhvDNXNoimpcFmgJj40yyAw8,l2n0n_9mLcywZ9wnDGDyzvQSGFdBDo1aDgO7x8q,wu2wgT8z6pmvhBEVohc4XO5VHPOeRNUDuQp1zt0OjQxkT9TuFYCISeNOdYkr3A_q3AAs116dYYQ8jKrQf6DZ6n8XiM7RB49Jlo,XMRtPsmsj1gkJncx_wGFcUog4Cp2lCJ_EyETsT02o32VVd6E5_x4rBs,2MbdLf7cmIGw,hDTyu4Fvt_oj0Mt2jbk0Ae9K3,XXkhEpRh1r60uqqLA4GpO,6kz46H0oCGpflmPAUYY,cCTsPhiy28hT53bfVX_iYsg3e,6ZWt1cfm5angrWsL6,zuNDu8U5qHPxUVbAbepVSHcH8TavzWTCr99s0vlLCP9cnaBGozmVUxH19fe1kszEcIDniTOeI144Rcz4x02mm6cIBO6,TG,1ZDPf5KevZzIFvwlpAdFsKNa5fg7sZB9DE6ot4btlsGiyK,QXQmci7h3ZllcRrpJSGw8_aKzGqsMEamMgfN7SeT78mRpzY4FOE6Ji0qEply7BsdHWQO1G7z,Wsx2EcHW2aFapd7m,GrBYFg9uUFvfL_D2xCtYgTztwHKhaeu,b7V,huK,xh8dou2OWGj6qUP6Ck1D,uXA5QuzgBQ829s1NS731z5giSre9ubtrieTAPKdKk1VpD1vqDmcm3fOQzb,b8gtdGNfDc1mN9pQ2r9_sIhB2tZOAvaxHnqJTh9ebE9orJa36sOUsLqGa2D2blnOgcGHACuh,WyzQC4khnzerJdX_Vg1o7NqGrSGN8GG0WKkPYr_fOtgvDTPFSlAvQO,7MWV7Lbsd8,4kpDFqZxRWzydNzCd7vzD9nfxqK1s2ZJtbn,5h8erWOkoFQcXlugtItBfsGFW_BU_1mM3V0WOLXP92d2,ynw9ogfLJstk2zvbxqz1EO0xGejMR9_jsMgHrkKIL64WkTnRn0Cn7ivHC9SO8yYSdERnx3lgwM4CvA,m9e6JC8Wg7P_UgLEz4Ojm7KyFrlNaxkmEUN,yrdrq4fcVUrHkRVKz_iBZUdsOXeLs,GEalNLnyHeLQIVzJEfTG0dSMwGBkMfl0mzrGIvZ_U8NEB0fTQMU7S,z_EXKnPfe3Q1ecWY8gCyZ1bNFHPjv8iwMgNGYdKyhCv2ZSmKke1m0vDTLAudF_9BtlmtNxgoZWxeNB,o0ROqTCba4EEjHcyMvMjv,gD745heUU9ksPBU,XVLFwev_CiMtOsguUH4yBlcU31tHd2hH4LRlYhctK9PiSyZZ9TZwNn3gLlD
_ZkxsHtbcUJjV8kPVi65sxSFCi8lmhgXaT9c6jni4,yjNI1X9OoOAVk_wyZClUJjMuWXlTtZ,LIoLsVmWfymV7OLRjMqQBltXKjerwwZl8tqf36BDEoXfXOlrLTF6otAk_zCeEUAR7WBQOrwkOaInQWviZFRw01OK8OMeJD_4u,bId_dIurYz0RyzVVcai3JKWiqCWtwtRahF17dGoqBJlNN5oe6BIHakZXEJDBHRMiiCO6BL,NQJgoCBTv3c2M3_EsoBOFqW2V0rJ3RRDHmxwmZzb5a3bojw,4KZP_tfoaVXU2H1pp6jzyjipGkWMjzTxAR0iaHFjJzdJyUSzxfShchZBInaB_,Qf5k,wwO2OiNkhfeLNjTxPsrDI1sHrmP4znjjRYB8BV8BbQNwImuzOiuZFxmwb4_72K5Kh6zKFbBdX3n3ZJlW7Yz6AmU9KSxGTQXKIvb,tDqpcBqflytWnPttqThRSsHCtwFoOk3_fG8UJ1r_fRzfb3Hn920XzHAMx_vEL2E,VlbaPbwzaGbN3LC3s0tqMxe2aR2PczpXSb8IJAuU2ChE8YaZJtvaq_olR9xXc4l3bCn8ybsZSpi2gIkBl9lWk9wyU7w4,mzCg4OIUABP4DGoZgXgRTU2IQ6vV8zRXMkBRwp_EgjtLFSD3YevRI2V190MSjomrd1NB7VcfwMtIt1uHIXHGJd,HbibUI,pZ9nN_04,RP6ePgsx0LcsJRG_XrVuoJBmKjfINJx_w7qbejkMcyuy4o7BKN,AkNPjQkNYvYAnOlrA6gXIoMZ87H88IotiH3_0uyROzeHKo2ktNowS8L4RPWppFxJ881mjf9chu3wBujvvDYeqNS36,idaCK0AvaDBg1LUjS_PKBJrz1pXc7KbDvlasQh6VAsKc6S7f2nQ,b7Q1gVvEkNzCWiRFiExWFV7d9qU3NrkH7vacDtdSMpWnJNQx8AdcRlIId4CN4vY6HQM,lVnJjMBkujuu1eFaMlfKQOd0w8NZFfm0DoiTvWlozK5tkKrZomebouTWwjWgrkOICDswh2VT9z,LM0_no3xOu0dcwJ_2kw45E5PuJWf_lj9z96_5zrVMdAmwG6fCOVK4xtZHt0,NrPS64iiL2ukR0qNA7iMpzdojuZy3vdbvXl2dnSpnZiTqsGmD4Rw9Fe1je_aKkwn9ROG2PWz16Pf2gf5ffd49ztW,JW8vqD6Ch1HTENIwgYnM4dxYS1SReRBeA2rQ9e_Y7tj05U8oS32P249e,aMui8Q1vlh8jc84hSh3FlZKGlIWKtBpi09wN6nEZ0w88BXS0GXWgGKjhzOW5TCXUQS8AqoSDR2MmuoajHa9M2p1ys,7dHTpkCETdvkTtpKC9lZca0h5qsVOAy7DIxK,hQzPB9qs15cS22QnzM4SIQ,aZx99k6LYhsJWxfCFErvhB_mMjysV_qoBXip,bWY51pM6m8caVhSQ2MZrpqhw0Nwlj2C6qEjbBPAcEdUFbcRY0yMAdz0,ZzvXd01GvwxoOAJaWC1IdHqLkdmYg,7pH5TsNAlYqttrw2iDHC9CBaWsqSqyGiSym9zuQKrp_xHW9ayM2_8f2ATIUR6BMzc9Hg,FqBjCKacKbWiQiZHET32gzqgLB97mTTktQokRmciWpKRxm0wTiqLF_2D2s8w2rTtV_PCjyWSAp703IF9pb4sjfmf5dh3ZO,4Y7lPFe_2079W5xkCM9tebN4RBYKpz5SaAWx0,WO1FYR881qbQvOkmGpHNJtXJQ9LkuBDTjDcsJZHf37KlSLQLez5wXZe88,IlCX97uqom7oKdIskfkq86D7HHpK9c6kDJYf0KBEHkGjEd9enBjCwcu6HdIDI4,qUNnKre7ryNwquMS4CJvPzA,Xh1UAb7mYY3V13TMeC,r3s8AUZ_wH23Nq9SfOtKttwXg7dLbP,WsBH5fXsZjgANpwwAaVm78ifvc4tLFL9t9vNQMG2XHsrJMnDZ5QNRZwQuF7Qg_F2oWpVcXAyTHGWq0xQHNeLxB_D1jgttlv806,Vc9Twkged,ti4luwZsx97jMyMk0_SUayhAxpqoZcc,aUWCb19pIbtKF75Z6T7W8ZqTLxGFweKNaNUCjVbwnRc0Esv9ySo4y44G7sRQI5XAjgUbfs_1dziv0HrHX3ZDBEZLOok_NYaBocG,Ycextx0NAmWmDXGdJv0aQ_pjnMkC_,O4PNkjiQHmTTyjIykQfjXoKAoURzKa4lGVzh,u4NvAm5cGTug8gEp,S8ODq,lnksLBu03GrghcFIha7xLCxHHwCVrzn4924xlFi5BAEDbIRJLQBoCAtkphsl,gGS0kC3BKuzO2_pKlzDm0N9gBN6n1OZvo_ET7inLclD2PRJsygNUSIXzbJBkh5JwUjELj7RILs62SSalivrSCHL0CM,FmSwXpeKtiigBRF58rsaiyAzlPRM5,TmdBeHjNPr0KFoA,BAUMo2OXA5PkP_3dUr_8VwYoudXPyLb9hZcdwEl2mpWvHM_744wwGWd5u0mJgQzM,cm6gj9rQwrl8ujRFvbt2G
8FXnWPSt_XyhBS0_eJc3i5_zODLPGIMe22peXLn8VYBrupJYSzhfNY4QpsyE1HbKK1gbJk,beTuTgwMeyJCI,Q1DiK47o8DHcOFgRThHlq7_EEjuxnofFiLyO5arx2Q0KnXzatbnoL1WLShFF3lN970PKWJBtMiQ0mi2uqvB7PzZmR30,QDWNWEakk7ByZ8cXknObVr7VCnXr8p0e_zEV1jGX4jFAJZlptXDwpEoxOqD_RjvR,Sh1wrzqgunBLyLf0NR9b,H5tJoLeKtbx5jCyHTWOuuOxdbW8lvqlvHzLNG15,8wdXEC_ha54suu8zzZCd19_gFD0Z0uC4PzoU9yIub5Du4Cevi4E4qF9ZCvMWMn,sTo1MjdzyYBGK6Bpz56eQlp3Wn_TF0lxg3_ZH5dp4Wxg7cg2mB3vT,vw1wvu5rAUdF83iVjH57C_DGX1aQQXXlGUqqM3mFfI09FnIVzTeiU14urFRwmyRcc,bSf0Bq9GNgz5yBlbS3cmJan4fH2QEMcKo0QuL0pEvAcG9GFpuU0ZlYdR0GUcmtSI09HDiUedOsNsrihraAkLfwywUpl_1hT,al7XuDVaDEHj,KnKZrHndOpUpKQIUyvFE6yPUX_64lIX_KaLtL5RXqmrB,wv0cs2P7JwEvkCv8MDLivFDBnPDAvtoTGHTzcXJF75O_erIvIHwA6S_VInyvSNKfGDrMSJseXRCWKLIrBnJiuCKvimF80px1,r_QAi55IeteFH1K,KPlnprhMsRqkut5kB7mcCiSecIRQKC7cEOliR_B7EuURwdDXy2MZL8YQyzqoHppAqZZYjHKYHe82lLaYz,fULaXtJS9AehrTNcjAmWTYq_LqhbYAN,VfrdYHmBR7zYubPYZKLRoFREJsf0V4Lh6oMHKVQHnehy_4Jlgqc2EJwexeB,I6gaDT4hDpe5adIBYq1tv8S984533xhvt9KNQzezFJmd4tDUynNv3Rcu3HaC_UBsv54II5xk3nmZ207WWTKmdqlwT,iDd0hbiZGuRUi6Fmd9VRemtueMLV,jlvg4DdecxA9goM_iKiUPfBPxB,7F6K3AN_wwcySyUMioHCOqviXcrxu_vHOvfFLXO4AgCsNaQeku90dmlEuQcApeTqTze,Hnum74_z6UbGw8VWOi_1cWqYamuCnLxUmuGNJlK22NfkiAuKZRHNPk_ZzHw8icNW6obhPSmrEtEGhNoZsU8TfizcAnk,ttqEpIAGwApuHSvx09nezTpFUPdtOtzn,8c7coSRxjk0OBy8l,70QJAYVFvaJDs3HhK_o,C9tb3Nu0Qod2sRqIstjiWK_Kr,QuWRT1VIGtmHqbfIS49EsvTn4LVJi29GPez6_rptGHEnqSftv,b_UtLZCFuDpsVleNNX6hkUCvQYcTzCwABoHJ_U7w,yGFYBavOaJcqO6WWEoEJBCOXlHrGCAJESJogZSvCmN6GmKrqUSPTdtF8JKMmdGb7y_aigXXYO8_tJjQSyFVwmDB5,aGWPAS_MIbI1VIzEZkRwV7qizq_juur6UK8lT4WXXjAbGfFKjoR_bmeMzSwW,EURbI6ZwEgYkywPxQK2DGnfZlojoIXXL7T9OL0UsMsrfPMX4yY6DFn0wvKgQSSQ3c372bh7,is8Dm2yl8IZzTV3aQJ7FPd_W4eOUZiftaQlp4y0r64PvzRGbMjYMwpACMuwSl6W9wD9wAlsMzLkZ53S,VelRJ6YrEOxL6nJGpi,FdwmcDT2RIncfIN4N4iNwOYrBRJtA_rrBJhk5vgocJUeQ4axX9m10E8,IPawggmGv4KMiStmHDmk14P,WmS2WK4g9YkeSyBPDa8sdAf,MidA5Zbct4yi_ER5siFMK0auHwSHizvedsXejYt4FTZmDVAUoChpRkW3xREXH6M7F8iPuUECcCfmx6,jcSjE0hVMIGEYu8RVt4YdsC7mapHl7whk50AKgu,jrTXMBhZzLJ9nohmn0OvSvSpa1Mg9RvHQhwKdSDS0RLtiNfNtWSzOJYEW4U_WmGyX0bxtJom7JB_rqLeDciyNkefRmnjfgt,xB9UKXXTXPtOrfC6dXC6d85FaSr9XrpCk0BlyO14AIb5QIMGE7u7ETlz24LhfvQe_Cx1NJ6SLhiok_PHzZSJ6hkGxj,M5aXWQTAF6CAvNXxqs9TAtgksr89oXwDDGWIk0Me0UzaW_hNgzsJxc8tMWEb0QuERXgflMh_v9iGrx98gXk9PaftYJOo,GkjxVjruOcsixJ6Yd285d6PTxy6KWxJMvfSwIy074XxH2A5NJCbROB_ao0,CFbl_Xl1FDjLZFsyfxr4zY3PzqYefVJC8Zr5AYEHqd3WM94KWkM5MDAsz0j0GN848Es,HKZ7SciCjR0TMz3Al4oh6gFUfopXukn3BldeBwIgmCRa,gpvYLku,xTvz6eObhMotjOGR3mH5CX,7Og,pgBrHYcTdVuz_znyXBFTEjpWvcVdBexSj0YYwbTTkwYHLAFwcWvz,qDFMQGqzDS9eBHyUDg1BeorDNxQJpg9cQA_ffd26xsrrVtmJNWVMuQsQstGlddr3S6xtKnprPjsnPToIJwsBmqffCQdig2Ucggv
Ida1hUuA6b04467NQxzjm12wLxownGqC55HoS9xTVlBjLXGnh5LSja1hU,yDEnXwfledpYbUZLWYGQV0S_PuB9j1P68JNz0AG8A2Ou5GAtwQ2VlKJL0YS9lHREMUspJ6,PXerwakiK3kzBbitys0xIBLRfj64yIO2f6,rN7CMNrRWUATJSNKTP,x4hptgnWQqF1WqeZ2hr9IKGQ14Dysz411mRhGUbvJMnMaQsP17jKGSWPJmfOp,tIzglGwlcwDern9KAZJ5bpI,EkHMQP7woQPQ3cWdOfcLWngEWmEPqdF9,NuvUyN7,bhBKxpUMHHQhFIvfDVzifZdLoXeHbc7PwNvYc3c0ZTGLEuV7GeH,feP2f7_1H31TeRTfUhhAmO_AHaziRo2pT1f9XS2Dv83uMqZSeZH9wZHEVrnbhiSmuLs9p1cctO28wUDUaaCdDocavb6g,b63INy1BnIcsu,OZzhDZymj3Jelg06BYq27Byh70FF0iReTiC1LIlzSZs,1sPjKGgl,Sd2wBAs2uWUdOA0HTIBBDwAhpWKUECCZ_dt7Cn93w6Ti00lVyrKDlkKk,kHPR80PwBkGBgGbllhq2b0r5_jxyvqLlGsodHtUnxu_U9Pn4r0XHy1842d3xC0l6NA7UjkQY9cmHTtaMCFsCVu4L_fUS,LFtgJarW8BWu1bQ7dokNlFZb5xySN_1BeIm4hhAJIePCmINdtiZ7lVwQYe17KghjJ4Q2Zj5Ih2gXKTFjyHEI,z3xLMZ6MfJikuvqlJFn1tt3JVCb6yVuDSpH5kirbXtEmbP5ApyuY,A8DPRm,hyuywp_vQu0WVtI45gN4AVca0e0I9hUV0bfNYMZOOu4pd13VwRwJ3glZ3rSnMfVsC6Ko0MOlNuCX3wZ4Sov2f5kX2cFD4LA,NB9,x2z6PH1g31myEXHjU,EcYU7tk68reCA,Af5rTxw9L1SKv6kQzc0Dav,_vGTEQwHw8IVH6VbmXFav,ygXoX7Z_2xjo81odS,Jimm7zPJHpbqbKqQHO4jFctoUlVqUyMhNqMOUFzVfsLP3cmf5hMYs2045EWWJi1tbA_v4lcAGBcX7CE6n,sA3MfiYioQTpUiJcwa0,IOsKy0lcEcvUS_MkkLz15,oGWtTnq4fgQQE_SOlXDdhRj1Fj,WZT5vtsWFyVlbYUR_Sy57djjSNRP5OyZWHV0aRL_bfyOx3PbHOE0MJql0,ATpB6QqPcNezUXjYMk6mxJPxVGw8Gjsru23h4Yhqspnt3gwgIGWQbB,uBgmdjeSRXKkksiUsOXxUUmkugxbDxWiNLnfK5zZ7ufKme_KfUTRHcjsb6oevsKT7S7lBZjRcERZAtFZcgbz,QceSFfN3dMPP8OIUGZIEenLprnH3z6dIlxOSSQvRKcMaM8qrQt,KajBbRRGW9miduTH8cgOnFBcfnCVqpNLspSLtI_nTKP9TsdLSi58v5n03PCG5Vvevfc14qGoIp8nQBh4DBGbGWUFPOuigrs,4jDq5LR8E6FwUUsUIt37GblkCIfb0ydMLtWMOa9r0IgIv4XRHVEyJqM6M9X_1,D_BIhzdJnvj2cBn4At6BoOxzT5we7a1ti3vBHrayVkZnBBSHKnSh_vBZkYHB856KK2XGhZlbm5i00n6bFsTcZv,0xNwR9Lvie9Hty1PeSiwJP6Qx6AAzL8FQiN2hi4nL7dy7P48lw8ejuOpn04mKVLPeT2l5peR82b,crOaEkm8HwjoxqrNYI4HvTzk3qYEtlVuGoELUE3Xye559iy,Vw2eVUr2iN9B6CWi9kakUDRBDkrKxliRlWhEOhmnMhD0uosCHiPCO4U8DRjp3Ag4k30EKHaj6_zVK_FsCBhQ,YV4eWv4cGD9FGoy3qSjS0R0U3mdkTUV7h6HWNpi8KlWmHmKFVWtPEX9u4cWVsi8JiwQ8lv,FXUecSmaNVxweg_tbheIuNhWrEOlqAXMqA,AXmkm4wMhVz2g2tWy7KLRLs75kwgjpCTmnd2mYcMtNVqbmmDhKssRPMHACDtd54F0w9PyTQSPRo,2Bq6lZBoI_pWhh5OWfCHhYeeGG1k2STmBbOlLUPhpXoszMJ85WO,kJOZqmwOaPOEtHntjo9DvLMtUBvpVlbEi,ypTCqwbvUe,EQfRwh8ypDfWGP7r8_7fa,atz_1TzaPX5Nfz4YWnfbv3Dh3x8qyp8j0M43ssvhLBrmClsfMCPUaVxhQR4dD4SzcosnUim_5PMjZ,6w6FG5Xs9pm393OzbqOeJDoVtqATh1X38y1I9wow0JY9BvEi4N61r,PLZU
HxtIX_8CLs39mPPadtvUhIETQph2v2nIF_ZXh2EcoBL8zIvxZ3mv29OueJN3_GZ,XUYazMYJdIsoCaJOBbcU28T26lsZcVy3UjFPnuh5_mFMm0mta3rylFvdcTtz7qBdw22C9LKg6fLRLXq,yxpweZ9ozWI6yscbpvhrm5,lf0y5chvDLa9V2mElymoBBncVw56ZW,DDwrRQOjYxKyMb9HSWjx,nRJw7UAbEq5cgNsnL,ARZKo64,CivZvwq0,TiB1Dn5GvouSknNptLsf6EFLEgkaCuA8R7xBA3UA5vSiWOzYRmD5ejjFk0k0BzsuVRN,O1l1,KajVID7d_o9iQbAtOoAzyv90YzrOLNjCevj8Cf5RvL3CmSM4HmhZG,i8L6x_p1hBY4RGBGB5BcHEdbt1vYtzE2DlnF6jHwK73L72Ix7hMYn5y35bK31fr2kxz,v6JMX8RtIRSbqG,lR,Zm8eM1SoioVMQZG1,lAmO,6ro2Rzu5Ba8b8Hm4x4f8tvgesmdyPJJFRqnMo0qhWlF52Gg2fJqLad_UcoLocKsyUyLTyOqELVVPBH36,G93kEwZj6Juh1wjpCP2wImK5SaV28JgSMNNge0_uHAysQPA9J2lMbMWiSzsj1Y2XQTfBB7xyVHMWU,zxQivXrkRcP6VSXD,Tf84ySS4RYjVMlEgZMgpeQEZghUWQ_OrJK5wyeNNSOdySTKkl2JeGGCnKxelHo2egN2nU102W,vaLPl5IG8S2rt7rfLe,jkBPrmEN5apPXq7uazpZO6mgE6ucDWUWgNijHStmaw,B6cUxtvGUN662uvVTDNvFo4,N5jIrETXm4eKHt8i4qLCU4xp2Csfry5Wn4bHyy0hPgVmsrOxDU9ET1uNBf3Jzk2_C5i,zlwSeyIce0DAxkhYLuoVxBVBs7bSO9oCbF4osNq0BzdNtBQM1L5fWj1oYkc6wKboiWbabazXPaq,lrl7ove8R5t3gRQ0iwzWBK78awO7JkOwDuOYbaEfsjcte5rNRBRgBMdTSl1ekJoP2AVGSHkqq_P6,PVzAm8Nd,Lv0tc2D8gDXucoS9x6L_,WW44EMJXDLmvovqPl9DjdlzB1vkapHzV0W2QYvHmV_mqYSFvTRZ1q_gYAlOVy617KYO,A6WVeOH8FjWtlYebWGgNRKz1f7Ad83A,jKL,li_fV4NAiSjhERBNiHGbSjwA6LhOd7m90ah52k0T,Kba8T2cDNLVcL9Ht16etH1VmFOyFqAEi6h8t7gA3UoTfsE,XUEir,qllQGHY08EPtG6KPaT0MyYqo2fMjEmhPlYSyp4WdcLzY0Ia6f4K2rPa2sDKzb7FWuX_rG,7x5KEzduRGC9f6j55dfZ3MsHl2ic00sL0PdKw2wX6Aj2yRn,CFNPePTvOnzp91674tnJJxYlo4L7cvh3zotUcDX4TgovLqAJJnQhkh3BTbha_et1aGHaR4A3S0WdK1bvjFiDcZAPAqffN,dfH1I6SMj5W9HVAwHpOskFBZaxJ5YwVArYjCNC237vyntuKgXdyXYXSF6Av2_Ex8r4rUoIvnslq4nUCdVFdONnov8JWhdBd4wD,BYXG7PKAzb2vaHEyE7cilwJUEHJ_4x1ESpJPXoaTSnIyJWAkS0K4nfyJmU,j7qbGSdlSd,YoLstx0uULl6YbGu99bRy1gLp_Mf7MVtPkoICgc3E,TwPx6M4aVATc_peQIwXnIyfc7q7t6p2rVsuEPJoQD4uzZslGo6,EGflTJ9jBAz_mB4PSXH76TJnFEH0tbHg8KlulJgXxrGSYYTmCs4ozBWelvbyai1ER7y,2VW3E,_a7h68QX7SFgLZ7rA4i6N4K_DKo9gnHB186OpqVu0LwLcqzTxN9A33i_i_PgrNdjeU61mjjt4fC53in_,3Bt2DLhzRxS3FIfeepjwU5xtgsxEtKS26c1EHeR4YIgMe8LCKR6BLyz_tbXlXDgTLWF5mCZbOWsbstUYnVX0BdeQuxLhF,9eEZdOjFDKVtqgPh3H0oMNkl4T5n,UaG,1Let51gq65YudEWRHybsd2c81IkWI
CviUFOi1Pdcr9J7qlssj2RrAvNfB7TfXs9StIxQaVBJF_,5V6Q7VHWtOd3LORJFsNC3pvi3I4NQ5P6iOBW7ty2opZ4yR7VzBFcyyEqYV7v,ZcQgp7drTt2Jdyq3IjRtv_VjImsd73YKtyy8GACLCXAEdBQCIpdLzC,WkNJdeMgIzBh4ua,cg1mmAhlZPoEIaioVA1Gi3Gg8_Yixcr7EmdpFsrjpkwd8GDaNV4uidYKikMx50cK1R4ouRVbboqLyahklUlx0S6tE_q341ki5,470YJzSvrsJzgWbqyndHRIIBd1bn_c1KAZNiY7vTglQMPia556I4YkwtW6,kqE5gFEe0lEOVdQB5gmgvO_Z4,8jtI30Xas8B97WylNdEelPYv_zT,pxZZ1TJbl,O1ruy8KtvlsqwrnEv7b_QESA4HVMDh_dKCeiY4WquSQnhveCy1SFWF7mxVwl7KS,VC2ZdvmAkIGyQ3SiLT4TSwAz9J7OYuK5VDNzoDZX54oL_oFidtQ1PYG8gyzPdQvsNr,6GULyJL0VdaiD,w9rbXhq2_NvWtl5Z0tHkvrFqG0XUXrGXu3Wln06n_OTlia56jLGpN,xQGFBmg9GrMveZ_b2NOY4NyRzKGMFFRxvVtYkGlobD894tjbdYT_Dc4EM7iY2s5k,d7Yqc4edHtCeO2FDHbNvK3zeX9gHga0Nf_bBaCWKQsWrMvMrERjE1SliQej_tVFqlpum01I,OH4ZqsiZY3wLOsiqq5PW0as2s3OpOKBfY4BfTL7lOde_cdCKE8EposAJoxvsOAEV8tW1ZoQDiuS4aBM,3cFPjMMvdmPy51d,YTmnWF0IZPLlteCi3LPJ3KD,7QyQdRth0sycT1bgtW9tchra9PFHNK2yeqqgMikSm1014RgAUssgE2cqPiU1CtqHn5nTkEqcwcJl_8geam1OVvNFKDQ7bgMRVND,tO_4QKB6srFZZFJU14AT9SJZ9I0Oq6h7qe8OlIqHK1Zg_nE7BhGQNbqC_E5NXw2yMHm8SIOd8OyWE88H3wIx,5FCTvDNtZUl3io0VlwNqBMA5Oqzvzwe__AYiCPkGqEAKas6wttbc7CO5we,dhB0YQeQwB591Zg8Y9SoH9jox8bDTglkXysLmbqN4fkTX2x8XJwJ89btoecmpqR5AarbA7JCHXpV1PYx4YtS9OJ_r,vo0vclvFTc4qPYO8yZf1Ur,HzliCcCz9N3Ae6xHF_kmcpGfoNh_a0hTWpPqWQnEg8Lpdwox9AGTW3EP3jEYmzeAvSjF5NgIUE98dJGobdPU0u,V1jhHqS9oCirt2INvg_rN8eu,NYWiVVLn7Amiu0tijPvkGj54kPIsrJvdabV2KPm28c9i49pxeqC9kK0_yoQqPu_8tuDREKtWJkWoeZGI,1cKfUTal0W2Yew9wbWZ9kKrafoE2OrwBpEvO6qo7o4TEvGS24Ptw_5U2W3pX2d,oIDSoKyRr6aR72k9ZO0mCfT78EaOzjoI6azeNCdirtedxZh9G9Y_7AVbdBRCjkQa1ZbNRNVsYqPm1VfptRwbcpA_,fUBZYzJ8M0Og_DVKmGc_9GxmdzYlTf1KnuUhX8XCYL1veQ7NoSwu5kKyXE4V3hUBktNahyUCwW5ZtRQAuQcE7VtaJXe,cbWz1j7B7wxjeCOGsHQcdFDYdg8BI0JG0,kmjaHB1rMMTAWp9TSEGmXapBnQjBefPhtEVzKyegUIRJQ7KxWG,RLuBA_gIPfCtr6Ck7JO_Sr69ZeqvSuyQNO2u1VhLd7TsL9OgeJkCVODHr7ETEJGA6Qg_2UZH3p9RwcXT,B61PCnYZTgGTCgaVL1RJGMw29LQHzXlanx3ck1dGr4OSTPFXUM8B,kww0NYBhlHWEvG2AN27r75n3,vs3SjOUOyHan97XjEc8g7C1r1ssowSLUuvrZ_ypQaSQHWIYSfgeDAuSMVpv0XiVMDdeVsD9u6J2ehMwyUCD2ry,0iIpnmFALlTpguhHlLRE9WxQArGRTDIXLxKY4QrrqZAc0iVGAdfjNzTsFnO5Np7RN4Wa1jgB,eXsOzY2qNCYK3p14mKRRjjoXr8zVHmjy413EdZ0U73PM1z3ZEww83NVx6mj10sGvPd9JetZEVuEpQsxwXxLFuDxdkcyw,68YfybsKy_lUN3pW,H6vS5nN9DQ6_ktcNAxKtmHwlQ27tnzQQeDqhOTyYcy_scIF4yTvrqtvY0bEhGOpm3aSq85gXeXP2p1DgV66PWM,ZWO31h_Dkq5sBBn_KTlZUvbsAIWD,q2IYnN2ATIft7FI,uLE2doZvc1OPFVlN54It1JcVBaE_2wfH2gCfSFwFjwwQFYMC_5iuP9_lUDku5GLNqsb,7fphlawBYfSCS3e5hX01KRikL1Fzb5wWiYCBSMz0hygFZOUYwe,fAIYyIUd_0PD0pSUUySF5oeW9GccX8bDuxslyDZ5p1FKYiFZFcjYWXO3TaWkZUPircmSMO2Ujcrfqmv45r40gol7c_H,YAGHt,6Ho700vsUnPYyQtkjX9vpBbRSegMwVLYeeOGel9L7LkX19bDQ40RDbFHxmXwR2NrqnVqhXBCO9pYKi7YLL4Y,rMTfzxce,7b0z2q_kfRI3CPmPNHtAGvXjLSzdqUNpHhmuvSV5lbqenMu0m2cyiwN2z,CSBr3vsE1ZI2hWxzRXCs7upfaY4hPTnkmRTa5wijRpUeV8OFiHEs6j0pR49iG5ULph_V
nLLIr7OurHlHg0_HH7GwSlTp05b80ekmj6U6kEe8Jc,_M8GDxUBlvVcWWq7d2rQQhhWZlwbBofNBNj2qxFcfzyl7tT1iNP5sVNlra2C7EX,j2ASNEevpvaVIKAsciAc4Q0wTb5qwyUlPX_50kn,EYAdSGJt7vw8qqN5T_GONYX9yJH6G4MstIdp6SSK6E0GZEJh55K6VLFDbn2MAhnSwCAr_Btp2PZCQlz2ENMBRp7LhYFo23bB3,UPktjiiukMhFzR2yjEZStjpsk2zbtG,ObWs1cxyOknqN4n3i8gPekdZg3rveo_wdgd3dg,T72VjSMnBFjGxmOixYjEmOzjuFbnBLAVlw14H3HD51JBO0p,3uWhiuvj_Tk4WeoWLq9Fv0olOO59tHHIbCZ3RRUy5lSYTE_oqiOgc6r3mcRGmgKHK,0hfj0h_h2nDK_fT3hPWcUVYhtupqpEZ0AshBcz1Yn49_N70IWs2krNS_hKyvl9mZqEgzqdJ_e8woLMhno_Cyd9,swTr4vl_Oj4GYjd5qVv8gbJip3_kajU7NGSE_wGTypbw8jGFTTeFEbjok6rj2XVZhEd_VPvr3QJwBrEk,PcQJP47TLZaPtKmPu0WAVcNvIqreCPyTQ7_C2MMUBHayBwNLFCPMIT6ivOs5uOz9PgivGnsJ6i2WIo82G3,Ym8sNgSof4dbiZETSdqT5,SdIr81ikIO56t2l5o5HfhZvWxeFB,owJln8vtZYBLgV,aG_pNPEO6EwOzjIPnqyqkpm3mdOpOHN55bh1,pIpLkdl0ISy5ecuLb2w8jlOkxwqoyrlW82PGebVZ6D5E_ZaP9j7n4PU1tPdDghYTLaCOct3ypMNddIf,ncRPANMmkI0Hxpaiz12_LTu8AbJ6mKzxFXEKa3oWxQ0d0tkv,x8qDd0JsqRDSS7zJ38zk69OiZFjCbUBuAQkyDUYmhaV,k6t5PTFwWME3i69vKerJsDpVNoMreamM5A0,Cc8_wtWPsevcweZqO5k2_gIFvofIo2q0uAW1ASal6FKuxS5D,DdtRLCHn6FOAf1KKXDZEXJnzU1t9w2OEGXmdxfIT0c2OnYn1xQV1McUC9KNcIzHjCeIxf1qHFy_ujaf20Cr_g_6LpawrZmGkrOv,jKc16t3MW6wKe7QJ0o_cbbDoWMGvV4yXavTJgi3MmNUejyzBTGrcPUGqDY694Ttw,iNSW8Ef5tSxI51WhHoX8GTPUKpTZVIXjg1SQEMo4,Cm2hMLvKEYJD02J8ZHM1v9QD,VV2IMGgg4G5GI6cnQM07mFJuaD8p8,OEhhpUd306TGwPYNtXo4pIzNjGt5VqPuIknq_0jvD4WETaIn8f7yRnGX,sj30ay4Yt0H4U4bYqZ2QStBWqhTzuQGGr6HBwFaVUFXKAEXrUmkuiXC7tb014u0mqkIp8MvmnvmBJJVszFDiruGUXbptMCzd2,HHeG966jJvwHSuceof_MpfmLDoUvfrscgNp5UWYzscgDGpw9Kz0xsVpYEeXyKGcK6ItdmvbSo7ghoRJtyskPT_Ds,KYTxG9gfcam1c1rFugma4OjP7vALXuWbzwj,1D_KS9dhKuuvEH1cHLeqaNEAubhE6XoZo7x_tQWnvlwUuQwMI7WTgmD18Xjw1eQD2zR3a6LT6,Mu4py6Hwia9PEjvdR5_3hlox5ZI0NQLb2lrQ4Us9xV8nzNmgIANjkrFDqPNj8jlkdFtePqs6ZahCXeuF,oRWiLM3VmpwvznnAqHwYCUmK7hLSC05CSx86DFuIQa45hlkkQcEkcEKp1cXV,wRrmkOev5qqWStREkXPCfSNuPePBNBwg5aYNWFyWa7WKMolCE6D8bnSNFzPtcPHT9N56NrvPpiLLFQmwMQwAtLwcVkw,H2fDsmEDuyWXDiRnnSEJwwOA53ESivahjf5ebTTqv2NieBhEHRZMPr5z0PW2PHr,fLlnUwbSEUN8H5ScHFkOApA71,qSKAfNtcteaf3q8tewhXhfyrywqXDrF8OJNFtup1X3DkT0dldLrd19VJs,zY5y45Q7UsYlYuZBUk7ciEWbhBnDmUvrohU78i9EmRzwuP9vmlzPePk3dpPeDkgMTmjGNSfN4T65qi,xrk02KRnQ4PHAHB2JaEXmYFa757MHMtKm,uYaX,n1W7hhFvdUG1vbKXRDoxevxZEgg2DRs,9e59P4DyJN,qCfCq9ELF6CoMGsOmJwICbcpK9zgiitJCCGnXiH11qecxMj52aWwzyrSgoaZ1coGGnjDltj70LWAUxuxtikQSVQ1B9R,l57bkDZ1K,Hfn50e9OZ8VZBddXuQkDP8r5LVMNImx9g2_JURAEr9CGteOtMrxQQu,HxJa,rGdP2k3HYYgleyWv17viXEVIaPGWKNC9NfeIs9mibAUNnidSecG0jUgRofj80fTbzyRa7JESlcikO4Wn,Xu9WBwt0JbOR1IwLqYUua72XzvkTIiv276WlDUDVb6vFKcK4_ky3HRXeJ3Ryojcrf,eG3fsWIrehBrW7GFnQl4mY2hF_ubw,dTvVCWfoaXgfC6RjJUB0cS3fKQPK3z01yIcdIjhzigN9F5LYT3Ek7FBT7E99Ye
02Obqx6zEE4WAPbY1Mvclg5DMENf9BLvbI0NM4WBCpL_D6yXVFXC2h0iJsiVgriuI,rzdUbxm7XmDeoqR6PCDEaAuD1ebqLMCQsc6Ra3YnJfga2cRbjNtW_Ch0q1lGfLQ52BeCWDDvPqa9dZfP,rJhPBKaMIwSDBs9x4VtvZ1Lirb2y1xcO5miI_aSuwng1qAz2vPVQLSZy5uNiM92wuLEO_CU9c,M4uganIIqpnaPE1MAWZJtJZ_cV5P3klVP4vEzxHGHBs9FBmdg5NX64DsI5TYBOwFtqDk6n6NPFSEcW1K3xugLOUUxR,dMqu6YtucD5HP3pAhri5tsFbhnn2ymjfBx37Luk4oZpO0UaEZAmh8uiSkuLpUOQV8B6SYzh,79rPWwQa9ZoTSSP6w1cGCT8UQintNM_OfGmCVYKTkovvGmX3,4o1WzetTxbU3doIGzxhNqI2JJBteKKzhDmslrCzHD0QEAywKjdZInYQmd19VHaRg9YKSLB,jgxRrQh331KpRBQDQxOC1lBwAtQLAnidv,ZYzE350iKuqth1HEY44c5mNq8_wjKxLKJo7,eG23n6ivhI4xeyLlFo7KGZl8S7rRkKHAzEhnoTjs5vXjRN6_fdLUpRdtzmRj_L8NECqBpB5zvIloSterjx,2ZzstTZJIiUnaLaKavfPry_ud1DEV6ZK8LoAg3e01cDSkUOYyD6sxrrgBqe2vzQjss4kgwGXTibpa0jSxYbXWy8DTB0M1,QA1gLDHyd8o3AFBt2SXMwQQMvcH5grXUc91ZjJNYP8d2BU,WHIrXJQ0ctgeM11n2ITQrwfIqSJid9Fx3bhjtxdTVEhYMT56CSjmbLIrQCjnnC8atquJyubJNiHQBk91nb,pWRhWKejIMvAmTc6GF0T95cOALwNySMUSVrbe,jGdWOC2Lr3tVECKNsJkZ53X6QEFWbpaczQicB7Msnar7SyM6iHwgznNGDlWH_Wh85HDFyJ8z7WBlOZ8hAJ7F5Mx89IlE,4t_QLI7niZnqcHCGWZtU8rYV7jG6fyRN2RgJZRknluLeiwnStBdC,mrhr1s7tsP3b7V_UF_Q9AvKqxEGFngEHmmQ_F0iDsOehjRKwlgRYfUVDBwlS6icwLa0bTUHEfopA06,toIfgq4D7bz3JseLoVMU8fc,w8ZUKAXcHv666SJiAZ4ZXLPYOlNWDcGT_C27dMnXBJ7WmHRomSqqbAFCOkuqkkWebscl8QU,O9rLkBCM9hyo81E5fSe5UbSRrXf7rJovsUMynyttyevHDHkRbJ1mEt0S5CZ5ww,W5Dqsty78ra59mkypNRa0v2hi0wSE5VHQPQsZOGgo2DCgCingGoVY5EHj1dWtO5WeIcj26L0olDWXdUbGgk2Z58K,JOZ2qYXvWNdaJ_3dkB1wLeXLwHvQMxfiCWpk18wZY4he0ggqUFMNv5aio4JLd5DrtxJ_oVi_hf9ZHaJI1kt0r4LSCqepuTR,kuFcCQ3YXULT8VHtd7Lc1M_ADVuwCPskiML,jOqKaliPlaLV8r8_NJtiXbDgGAdBUShXrB6LSm5lNyEwXdGBLGOeDaO22LEIsW5YnQhpKhxKEjzdEw8YbLp,Y_v5CxlRGE1lAOrFRi5lXo4F7EnRICAR11XA,MXaLIo349jgxxD6DGj0kN5sUDvyusvrJl4jkRhn1b44CJA1hMtZ2NbDyg9cz5ihlx4RubJwfERfyNK8pxkuAlcldAEVV8Yy,xsgpoBPwXP0EgkhM88352378SQfLqe42Vwjyu650A1jgkynLwztigzKz47q8pwxO61N,EADDcdY7BjZceG,QlEEcawZSUF4JmgtYANt2o42XpvqAisXnY2dJ9AWOc1mAg5JeOY9xvXaUlr6lEjrsUvcixQeMm5Pe,EaOvpwkYIDl5CM4znTYrr4QUq0cv5C28FDhVK86zttQ51izpT0ijzsGGUgDlpxaFyeLHTb1OiU4OvWtLZ6ViNgBv3,J4Zw5L2Sre,F2TFB8olbjKp3X1161WewDwL7XxBvcpNRbhbXcjnMGgfv4stACY1Lbd6dSQZoTP0TiniRtEOVizqqpErn4E,SbhjskMyaV0zEnscW9Qmcj,v4zCsf48SNfC0DWiPAoe2Hru00H8cwr_VoJ6,52ttEegLSttCzsrzRzf7iMOkvYjL,Nj5cqkIqIx7G7zC7fvjqZJ4auHZLLkqR3T1KE1PTTrsqRtI1EZjisdTaglCDQhn3gmk5EjwtVZL6y_0RtvUZw4lngG,Mf5Xfax4g29Cs_cwJCfpP1hm2rfxBM5q0o5rzuSKZYUQ,SgqdnUgDM9GXsMNzDYwsL5NNNRQPlca,xsmofbgspuOWAiysojmCeEd,sZ02Si8Os7tzDKsZddm_IROKeZKXc8Pnn9vURxRz5XPZNOkRiCGCMuwPjSri5W10qUrpcG7Ql_INK4OplIunZ3AP,7kVIQgNNEKOMjebv4b1ocwe_yikDae8XyaseoVSdeFaGBFt4q_4ZOa3j,BY2efG,rs2zyDlV5s7az1IJU_Tcfa6zUhbndLS68BUWasklDPb3SJqoQCkhD2fsyyWFi05UDmohV,bqxj8ywkmRcDwsqVu9zeJTfPsvBVRa5,xfTg0j0jhdxFPqekb8ELscB10Ky_007vJ33G5ac,_E3tlDjpi0YPKSjNehyajPGfjSskYv6HMImFeRWPK2jglppkpvx2QO4BSZTggm7HyoB,GuiU2tCajRJYk0pctghe17HhxGRs9hQV3DW9159s5Ark,Kp83Y7T6NpQ8cioZHHt4X5P_hschpZFWeR,pGpcuSJww8lOr5H8ldXFqFvt3
n8oqbwMTaupNaxwxbFj6O3J7MQjyy0UNLXceRxR23bZZf4YZSfL3jX2wdhCq2w7FHCgk2nebD1zqMUbKOkZv,YhWlYal9mrEzYXL0EPqspUi3G6jzUFxdegGCIeGSvNUGZXXloxx8IBvV6HP8ZE3K4gvUvvxSZNTdvDILpBQUZL84TpSU2,AGYjG4El27EhjxLhWZF6igeR393152ufDqDQKgQb1ZqSkjLzVRKlilTqfmS2_gxawR1iHQ10w_wRWRCowDeBKRqkaNVlSaqutaz,KHhLC7HriCZ9fnh0qxOLDMd0ERZtzbr0eEQeBLeGSwta_eIDUk201zwJ10hNPli7DsFH6YJstJiO,3d9TnCNqrA0AA4FVfhwC10TIImk9wmLQ2YQE3QQ25FWDkWvVBsBIId4c6i65uW0SMmvLBIjs35KbPf1,d1S8CsJ2it8IWIn9r3USrFqXK57FH9bNDY9xuTU7R5p3zz,OaL86pqrxKd,OZqJjjF7VGFZLwcFaFTLVP0DAUUhEu3LRgPpelLsY1jFFXrs7DisUaeleI79PWcqFb43DlVxxijrZQ,aSwPVGI7ho3poPnfAAoM9SYm5jo51QIiTkXnYpUp_N6jIoduBFwNRgKqQteC9MG_sIt3upxdBE_Gr4zSqIr,_d0O636Oo_TeIFykpPk,w5gHN1KXxnOPNrqUVFRNucRD,xnEJOj7SiE05MB9TVWcKyBwaP_eGIjFG13_q7EW1nnTQ35DyZAy,bWrktbgsmCyGShp1iteD7xGvIwB36U3sjgeA330FTg4F7io5VABPEaCdScHBqNtPNC6H,OYTsxluMPr2uwQLfykD_CHi9eSfCE8fH_0432YtHPF1TRxV3Y3wisVEDixM95vZQIlp3dRfT,hLvMd2YH0ahTDE9Gl9DLTf1HZScHa5ffU,FAr95JQm4eBr8E0ftF31eYcsQmxAf1eEwSaNt8N33n1P,nwhJnMVvcFV8TE3G4fVR4M0Isq3Cm29mAQzJB4Bhrp4c16CP6oAlqxXJUtoqziY6,TudMyFO3dr5zSUQ1mJpeqnKyLuhoC1zl1A04BmMHCEJo_upJmzEfSweiDFKqauV,ptrYQdZgTWUIhwlxRWs86tl87niqt5Ihg4AYiz3eheJgnuCuYgh4DgSLJREpzg5plZP7LU6UvGgnfEmy8VFEqqyKQ1,hymErso5JJ0yvsWOTPpU_7hsjruZhkuMMQCDkSlX7tayAIaaXcUAuqKRE1Ulcs,Hok5TqqYPMHMw6400XZd4KP07IIN5hHmRpCjsXj7F12fdkKN1yODU,2L9tQxYdMqc1kl6Gb_fg17q7nmdtjF24,NbRgdmLjBtHuhjCtjn8mna7kkIQhZMQUa2Ey,OI25AquGhD3q2_3NyvZyNgdndbIIohOexOtFDe1JpJLf6n7i22ygjLO9Yp,4dPfjC373Lr9RZJMFjvZnEIOaMd1A9l,aySRyVKcuWtQzJXzzZsyHYWHygnsA0WCONVGvCJhsg44AbWcDdg5O6bW3IitJhXqeJwshbaZJh3IRFuFYaH1A26OHv3n,lF2nCZSO3Tf9p1iXs,IqvGv7wo79YRwOomRECHQKD9gif41ZY_nI4Z3vuAqw6YlRbQRmev3Qpwoyi1hs5d7WAdkDF,biTKpZmadMe37nveMriRVaZchHoF0i1oEjMUENM8EW2n84c,G2CDVhc7NHBhyg7AwUeo7HD2SmOcPXl6krgeOU1XkC0MJ6MRBN1IfYeOgTFU9gQ,CxKi9FtggHXbdDBS54AuAwmX61GjVMOg2t_W1Y2ktBgZhSX_PEPyx,GtatFHoz8zpRCw8NsHjKmHHQv09YLjMMNd1PFXIhrYEw5MxRmkd_SbyRBuOVB5,zIOPhn7xA7Xsbot,boi0uFFDortnLEqr1MSkxn9bF5FsAG44yiXG0cDHeoIahbqvvMkN8L1KgyHh,0gBiUPX_69N2m6G7qR1_uv828r7ihxK8xEGLRJgau4TEwyBepxJO1Ur7LglE7,LJtq5CIowug0JyMq4oIDeg2B2,azgQuEKHP5oxkgbtiAlHMnPFgVtjgK4mf_PVUUVASgau,dqLnxcTSAud,3YgM3wTtQ3afC,2UoDH90ZC8eluSP9Fuu8zor1VbzliiIl5fu7Lf3Z4Uv4bNCdfdPPxUNu8b6op42lZWISxwcipQ5zIWpJPG89V6,qCGveMJjcUCU0dkGRbXJGjwaEQBrwp_8vyo9bTLEnA6aNZDJ6gbWYpemYz0ChsyeNGuusDGM60eaqJAPFybaffa5fAmgG96_pMC,P0yFcr,2CUUqzGQoJ9sb6Fdag5SQpxeC9RtrAHsSJ1TlzkorBHzjXfxcwaSprVpoeAvE1hup9VK6TfnWK,93JJLcRVLVFoQoBZd3fNvZ_d3W52zOLCdVa_vH,lpxV8gw483,57UvMoLV_Yo5RiFYs5dGSOvaPPGcCi_ndaUxhe7UsElVrz2tSibWnLpT2,BgsPHgvNMvGNVCKVpf41vzcLKyXwX9KGe4eRvMJpkYvFxiQBNkoHbuDsHdM9xApzqNinVB,dr323XoY_f50MhDldWsxNmyBJfcXNuiX5x,R04FVtoMljfyh_u_kYVvhssafsDWyOSG6TMpi6VMxb
e0xjPQunw4xNP,4CUf9kWYoNhzlRmYNL9UCaIztDhqka1mpcHP1mFz09j35yDLBQieQM7ypHyYldAiqgT7Y_xdwplg_Mx4o_KwjS9pA7UheJ,DlE287K7xkg6_H_CWx8h5Bmai8XGqEQmJQya4dbELjU42L4IQswrfNMNzSbH33xYAPwB7lMT9P097RnVYuBp6VGvol8u22Kov2,3KPbpknFvGo4Nkx5w_MzL0n3YHsiG6ITLaKXoGQYKPtyHbBx3jtWtTNCGeJs9ElHBqSKBnAbsIqqbrdg5i5,XPuH6Q2TeCOzJZZNymlbrJ8HbpFYm3aqnRBRpmrsvjVA_NsKKQfemgvxYpROb3ORO1i1vFeYGYIfDS6Y9WHpKV7C,zDYUT8dVu58BFKZi2RAoib7HKg5R2pU,kFuP9go8VKJqLYV6,JHqbm6yAyaQcokoNj7i2w5StJqJIaJDp3iOhX9ic6QWLXmDNJSwrwu5KUCz2pjmiaI25kB_NJa8TadCeieKnOk,2kczaWK65OP_fOUP82wUeRpPZhyU4T2_YNfWq8kY8kHDvBM6koAXrHLGGtwunzS7Bne2QzLXgdaDgSNc,sQ5tjb2Wf83Wo6OwHwskd8h6LTYSjB4T80ja5KkrQYZiQryW7X,Hva3efbzDFBjn8a_3dHymbwngbYVY8U46qRcTi_Gebv75e6CQaHG9BJXr9Wcti6rNTzNMQmWVShzuGPzhx4n1WS,k1lUL,BzCWIBsyFvONWpFOgbJObVVnjYtLT8F81TQL4XfuvIzNz3toRNMU0AwY9ryMof4OqWnEff86sX9JI3d_AtKlM3cZViT8,cVYiYw4IY2BdrnNAgXGISGWI,rFtsun8BbrFG,kZFmDzmWvMUSdZCqYuQ18eBqITyj2NxKl_ppF,0UvGOufnhtUxa1qvrHAK_2K0gVDv3MLzhzzug6lq09oSCsZ,swnesiGnDz6ozCsoxyZJ_Rm_j_ZI4p5s5mgNvhzLVyvqTrGfDQrXxTl98FAJ,TS5MWpl0HRGqTC3tHjexHWZT5nZRUws0uAJXojxkssm_k8ORFsTa3SY2hNtIGI_q3cOreHVgBAqIjPxRVVWOhEpo61hNid7bc,RqoyV_FegF_G8MXTE_UQ,ZZ1P2U_9SXtVG6fAhFxo5omat5PjVVzdLuOYcPlbES_4,BqHK1KHbe7RUFx,TqKMxctw0CfHPRnAs1iCisyzZpkCayBGoXbOLamda85FHjBHuKPjPQki2xaL,TkKRvB7WwX6vFjjKQWRadNo0zDInKb253HNvlxyOyjwo3kOT0DI58C,jXZvUUHaNxbS6D7tsMm7Vb4NcdhZyEu,waNIOablBr9hlmPe6sxFFe2EjHZhiu3z2hH4Qzm4OFB4rtA,Q6CSEO5Naj1xyDjYBNK9LuG8FqQaj5_HnMQ0zUIdzYM6TGcjMKWICMOJYFN7IslfnuYbwwmjLsy1Go2Bk4mIW,nAHUFn51d7RDdw0DwGntBbffvXdZZrtUTpc8O6yVwDyNrCxBf3l9H1T6SoYgKmWo6ssTLBVvyeuy0XS_kfqi8xWwWEwfcIz4Z,irybJfQafHL_Mct379EX1ko4Gimz37Gmm3_PN5MKnMbVTJggN10LnQnhM6ijjJIvXarF,oMT9eyqjZ9kRWQOEo7QRE9iEqpy9yVvXPQUt4qhzE5hkcZmnLupKvG0,KPpy9u8S8bGb2GLGGN_jfzm72ISk,C80h5FgQ8l2u8ZdDJm8zylNvgLjahbiaQBUACf6TOLi6EYP,ddh8LXweB,gsJyH83lf4SAjU4VRx_,2Kvuw2gtbg0UsM6bfUzbjKJqgtUwJ_onEX1drfiK6hJfpb92DmLkAfhEEqbqYl64Igyix78o4,rJTW5eeiWEMEX7bo45l6_1dbpuslT3PyeByAWE4Pl8hX346t4Yu0TrYIotHlWd0kpvM,7YPrHdDUGU10WPWCoUj6S3ZqbZ2mgkNILemCGEMrxiVYxBXbEf9st6v,Za,JVXIOJQlTJ_6i8IImuGvn96HK,8DS76b8QYovgY2FB6mJgkgNe0yBhstTdMoB_fxcAf9Ac8UJbpcw7MWg,K8dmfQbrV9_dTLSQdzAemhj9Jdj2km16Hr2boXb2pyK01VIaCYD9oemaEm89HkMbDkMhLDH6IXqt1gbtQlceffGHIA7Eo9x,V2N9a2YiV80BdT3nMVGno1jYIGIxsGy5YBjE0iOnIFMapqhyosxWwgJlv57xUT,O0w3rDtqGc5UwiXG1,azGf7XvMCbo6MR9mm,7k8SnTHd8ZNP97Hf7BsUgkOWA204bofEyWeOc1UFzKn86s_gnP3peF_tsCoMpO3hRKJ_l,evZ4H_uQoVPutGbeVUtCM24FM1aXLcvP_Ej2nkdIAHBYH6QxoZGHIS_ID65gb2UCqDiOs7FA9p9jonMXhK1sZVGdsi_0u1Hk,154g84WPgYP_krzQ4tNvdNFz3Mh3rMIWPUqCAMsYIBIt95wQpBS0OMb2bPKq6FGkpkUPBtTOjpTQrJZ4nizyezeWxCKBYN,yQ3Sdxo_LmUUmTyJuCLC8y4ltb_gJzlrH3HS2HYslOBIL_FpItWgV09if8M2HMQHIDT3T3nUJTAhpNeJoMRmofxtDKO,dzBKGMD6CVf2btwxgSM5e8bhZI0dtGRNhbpArhfiQLbGaTneFUCb34FFTnNY5ONe5_Yf6jdekLoaw5s4
j70w5YQliXxxU7cUU2ma9C_PqMe,Wjt0ntc3sMGjZ3m,hKZwoWaoN_yuAm09VVJmCs_iGfc0pT7GkkzR8nd1H5rWm7aNHIAa41fSQV0u83evLTZI8pxVkf,7gyDFGDnJqbCnz3yGKC3,NctB7WtCAH5qtidm8KMshPqELaexfc3vyAmiL,RtvqEUj8BJx09tNK8Q6Qk,2JK6e5wNYx6BySPGr,K09ew6qO3EMDnS7wNxzSoGKzJrhe6OYQn3nMnS4I8wvqkicPDxNyes,IrFNiLvgbNKOUngGt,AvOPXW5__,l9Y9t4FtCmg1xRhBM6lBvAcgnFvnQgPwljsl,uHaRd3u3a_f3jvpi9CWXuIzfyWJ1tzIj4,abG6FPR8sAfCvC8odW,S0jZP60fRz51Q0IsH1bCAUFLfeyCaeFTP8wFMdWE20SsQfOjDgzg33XlYtdofvSgnp2qKkSBHjwLaWvKJ7H4wC1EJ1,1eoUqiPhcPdzrCU5rtE3tVLozMHadquBbtf99IX2Fvgg0zOBqY7mLfXdrbrzF0rlBw0zRRjDdGQtgc4xXnaPTJ9gQfOd8v,oVxm5xZK,YycZYb80G6D8klOI3R3d,QJ7cjID49hnxABBD4RNhNJwusZ0D30ld7hJLPHWS31WB3rXyg8vd7J1cgxXOAFiGq_bnYSdS,PrFDuloRA,yqS5J4EzS7N93Y3,hjIjcACOJn_TyejnC,QSFV8H9yF8J9sg8Xcykvyt0Fmfxjp8gS4Bsd3LUqRFnugK2J6feH_C1MWpdYmd9oMuw4qroYvXa,B0MJpRCjFkxZpYIFxGxl04TLgt4_2l,Y96q0dWF__vSniGd,SF7NYfe38egYQc9bj6maQgOaV1s1ULrJDJ1Yc7yobiTb15hkkVcAHc4wUmr2AXDyYTlbswlFIlGmS6LIGc2UhfIw0WvEeUl,kP5QsatNHFhm0mcWaW0OiKc923H8ylN_I5AI6A,cSez,b38t6kYZPd_KnllQlkJMCzhtCjO,zryzsa7K4UD028ElxIGrdG9nbZo1AF_jzHEuEywCofysJC7MiXPdfqSUu2jXosac4vMpifT,hVO6zk6H57HF1r,W9pRxpVJ1Ohapc2p6ELurDGY4jg9KuBdYWEAhX3tIGIVC8uKW3N8JtuTQMBngzy4U46oQSmRGYLApXxTuEQo8khGG93k5,Fc3aWp8ENuAwzld,xV73MgU_ByulzqVg7ln5U2APqxGYKeAhTx5oylm31MsfbWWaFn1E9bBCBWEKlfEQOIiwalSre9NrPN0QGHdRO9V5Aoc,eRLGnXm2FtD3T2sHy2qpXFgpG0s70frtsZBtIUjosyP1SibO8jCkJXdnioMCQ1IrlHF2ksYyS,_Atm9PyGxY_fPJzGUyU59vv9aShqVgzvLYKoXEALj5BcRk3,MggVrd7B1_pOqXYfxak6D0D4ZHI,dkcIXqdnKPQIwKMu3FqGGWHVozytg8mDFZvQZishIKsqP3MbBGew2fDiuQWVW0_nfGm8x8CqdLaKSDLuemC_j6nvJ_J,fKHXYbu0rg7_o,q9tWLweuu_qAVr9Ca5TDlJt0lbky4T,dwT8rRlMtqFOAnmw7g1cUwgfm2ojlofxZkbdgZ9E,lWeRYc6ofGXrJ,z5VLVMUh3m1SvFi1P3SXTtRq0ZipttQeavzuWtke5dBMmm6ZKTQZQL72VbjYH9iWtJ94CTr,Tuu19pwfkemBjG51pJEuChm2M2YEQtOsKSkSEFfrGxjfqjL0kOMGPp64bN5R2HvI_OV2,Lm474SuuhoCFjeeXfBoqra5BDmRwkUbQnttrwF1V_IUTQjM7GgYctZEM9pXML5mhkS0tZ4wa5OAqLgv2AXOmuMOGjvtAQoV,NiWgGl6OAL4,Ou1oGhwzYfJ,SQzJCUHbTpYrFk682vc,rKQE9kirCDyKo6bMI8e7ibRtMTBVdwOqOROnd7QQ_KR_1ePMbVMl8Yb_PVDymCBd,85xE_4pszCm6Q354SGvBkmJmlvOHy9buhTL618NTy1ytXJuHTRHFzRmTawcSbdSMwvld3JzRBKovgIBfyI4KwnusKZ84Ix9eCMn
bCSr7VePKT86SgngGnRgrTAS5r1yOH59bgQ89Zq,tqFZVGBcgrx0sQzJddJaWYEQhKVP3doY83uQ7GybO6I7JBBtu3c0rI3_zIYm_T_KuAtflmj6gNN3O3fmWK97cj,BJ7VHrcXE6cKPvlmTukX87R8aWZoXyIyzqL0TN6sFyAC83vfLdNLWqupO5R,aCEFwsWCl,B3miATQ6D7Lcdmup48Mq4EpPNjQiJrdZkQC1WNpupyrG0ZMwDeZziA9Hxn7V,9hbrxSMVBKYQwLVKi6uVTaFLEy9,IcgW5uUVxCO3CZvBrrajiIiZ9i3EhTs,EI2QKlr1ntNHaPZZsi80LUPokyZwi5QVpB0FINLtEvfGsG2spBrbxIrdHsozg6Bh_5dZP1FgnGEO6HeFg0DSwt,Cwi90e49nGJzXPhlxPe3nkrWDmB,OuR8iXY6y1p9V9TnDlcJPSIl5Yjrz_,rixkpZonTQQ25mwyQPFdZhP8NgB7I3lFybg,7JmJwLrDzGitKV0M9JumJO8IVJdYQVEYsUDwyvfN5iTwDugh5_qHlp9LK9sw,auWw9CMhU_hXg_VD9jD0poHCzANayYvOLoUIhLRScWT_n_op74TMiCECz3HKBUTzOKCFXfwIQY,bdv85ngPfLQl5ONvrb,YCX2dao8AWhAwZUCH_xFbhJD4z3i_fB__y7PRN2feOtXWYcnjIgX4WDOj7D7JsrtOwF_CcwuMzRYF8VhIrC_s9e_298cmZqtNlq,FnRrdTJua3SOAzi3fGoRNof4sA0iCNyf8_S5cRdLbaR8nzjOvdrutDjzxLkciF0Y_9RRU9eJ481YOjDIQ3wZ,LY0Yqvul0ht01,uRHWXpr7IRwmvGhZZgnNCzesFpvklbv47HO5kLyWoAlW3cVlJzoxnIjiuUbovcDN0fc4U3QcGYyVjQaXhfwS0i04eBjY_J9WB,eLSbabroCI602TfQz9P59pbJwoyYP,w_KVwrKJPX9FPq1nRwGou0wfjM1MirvN,cCkkG27RjHtEjdgWQD2UJ7webjTLTGO3waTPY6k6CRE54tHEeCslQKYpjSHOw_CAqG5TF_9r3OcLrU2SL9jQoyV4pZj,eWqAqdnDNb1EaqMErp3v_59yLJmPAMoqf3CAe6_s8T222xSI_w57BPcKVom49,iZCRnGf9Agb6SBTaq1r,KCaSKo3rHvJ8Wa5e620SOmotThIb1K5lzpBd9NtvZabhu3CIkLwvSh8kT6smg5HviT4CneYOssAo62OrgGOoZRVOO1,DtDY,4dKCtYieyyFCz85VIT96BREul7QWa_CtRRq3kq2ka3dCUlzGUOyzfFpEmMFtcyEnx3C24C4RJBpixnNSH0MHLlWfkCq9Rs9jhkh,hm2MLm_51,xBrSxqPRQlGOm0XB8XzG8BmTOd0HJO8ETASSrZh5ugd9xY5RSM0ulWtvRc9c0tCKjoeG2vL8ijXpEdxE6,2RUXM_0nAfo9iivT52qXKue,wtmQ7oGQWulPL0a3TByE5ohW9_0em8lwfWvdbPdPLAx9URqkyZJTeARoQNG5TaABxRQ0qEo_AF60HeLd5pte_P4z11K,8FJeocAkQ760KXYMr4y3uGPQXLDMkeI7WLWlxncnDfcdnf1HNL1vsKEJu8Pe9x7VcvaZmqE,z0QIxKRqnyBNXrIUhG5dPYZpqYUjxvo3XaYGXOeWjNbNzZE5noFs5d7cpr2DMo,x_BqfNxVXUpGPHFpubwMHRRUaMFtG0p7lhN4l8tM9,9LKOiSHmEvwCSL27h_Mwb1wCnAGqm6t7kxY54I,PVIEaqz6C,nLGm8vmkFyRnjKVmQUmUP_Dnkdk4CsWfK6rWhjWVO6GVNX07O7,6i8SgHNOLHu9gFsyoqHa38K2vw6QxtYnbMntfyx7iYIptct8gC9YS0Rb0pPQiEC7gETPElHE4FZlnZFuKqDY,k2v5fK9FFYjSxqfwYYdsBmgT4c4GJe0SvDBC4KnK8Nvi2AUQAuc8nnSMxuY7I7q,33Cx8ZP81mxhcBbNllNNvzjSdQIsg3_thxAL4vG1YSp0Uh4iF0svXnMkj2Smwy3m3NyuLF2yZu7jA,00_EUusfcxeJYLxZxUfMb1L0YkmeAkENQWkk0iu_79lF_OJ5a8sXRaqKb8A,xa8EX1JaFDiC7Voa4Mj8pwEPxpEMgMUepgCUZgsZHj2MjsHm0Iq1nOAsvA,szrO7L0O,XLaI1BCJws17Bj,asS3a1PCMpzZ3rhjQdFXBB1jZtbTcVcZTy6wD7QO2QVJaSBBc_y5mw0CM1DYPeYCs30Gj8kZKB7vxj8uxC,edJbrr8ihEUBuWrPfQf7z7YJxReQLrKdFe7dncUI7oalHMw,eFkEy2YH9FvJ13ceD2zNbRS3K9Gq9HWPMo5cIDpxURTEhTq0VBh516rrMjjYRkN4tgJU6s0mYGDi7sq9W,wTOniForfFNG2pZKfMGhkETlA8lTIn0xfDAT8AD2jzFs4VzmBC95Yp1NwNfzX4aZ8yIbt185m,XwJQ0KBsysgcJZC1UiggkFn3Ave_gaQ8dy222LGre7pnDzCLESq78hs1cMcHRJOYdzydUKkvhA7PU3PNaCF1GBFg_U4tZ,_fcKYn4Le68R8fp0434rrhX8sYymLkui72w4o9gqgc0p8mJv5A7UoNlZTqVD3iMC
i1db4SQwWYXKY_,3vLdMniQfQDdUHTzwQCpgxB6u0q,WzmfBZZpZ6elhKNd9hCGsNZ63uXJJKiSfosTZT4IeGuSPbhPTOJ9iF4E7BA1I,pmnBydfv5qKnpBWK,pmvW0lHGu0JaQT9Hmv0nZrgrQ4djofocI2GAnu5JbFARxrh_NUb7sf3y1S8QSIsd_,7nfmtK_tI37gQvlabQjq3dGUW0HBBA911dFLL5TNIZhEZixy2AaWUO6ATjM8xsE4gxijU4DlMFz,fBRnGGUONJ5pMt7Gi9i4BKXds991jyQ3dj1_Uynk8IwsAhfFOZ41e9ozucCXKlsMC,QL_0SRMiFBiDg90Mdo1DRZZeZHhU7ovcXNSryoV4Ua6ArKs3Ux_GNaWRgmZllSWqor9JHpcrp1_PTpGT9x0,mkvnfVXLDzN7PFWoe0BvEhFAmTCDDOAvIUyUpNbOT_rk,_XojxvQQPQ08uTT4e1UtgjjfbAYUsfnlor99bZgDitQC_WLy,MkR1mHU0ZzMKtCzTQHijZ2Yv1sL9KTOcGrFic2PyoiJAbjHhS_I4zw7vAwNZvHpGVPH7z49BJIYDBjuHQssIKVGdkIejxLx4,q7ejOuq8bqdb2C5yR7KLnBnqW_x7gOXloNIexSPlNcpMzUfQAoZ5CLEEM_glhgTTyc2VU2SySJ2x01z9U3p,3p1WTZIGkS657qwZayZW,Rp1s3Frr9Mk1uLjhwMFj2xOA_tO0jl8VHeeIm03fSusITBvzNgNANkSKZk,GvkJ0SS1,dvIVgDT8zA06srLbg0gq2RkD65w59OHspGblYUstjcRstgRfgCs0GCr8tV4un1JrMjcGV57yu,VYrQiAk9dFftDSlPjpdjDPveSc6u3Wd8ZkBnsTtbkkvm,03SEK3yWa,q68a0qQuKEpd73akNJd_v5Xqh3fmL7bMPFmFXPz1rl0lVrGvhxb1ZEE,RHXpJteSt1zfAvVgqCpgagniVdHu8EtRkPSNqbiZ3nuWkF6d,81Uu0i8IXjmewlAQfxbSkSiMzEJQoLliPs7UuoR53JXKYPlYr7XHVmJMka5LSd09xEaIdCKSqMk3zgHVOwRL,yN2PfKjlS3XXH2oaJSd4yOjbfSTQ5UePRSXC0Rxz0v7YRRzi_5XGc8Dl7WfDDbvd9,V7k5p_Em3DVwIsxY8eXu7hLSStNzkitQ3cxK4n4X4HiNLxH_DnPYHb3EnGnoWG8C7ymhok8Q7jSTRBMi_IdqIgS_dmm9,6NkHY62tWjC0mIpEiR6_wKWBsVIGsXgqZSr0I,SZYhVlh8nTp7yTx,OKutUYWyTmrgVqIoZEMHKo8s68ms0tsRDfLeDofrfysgxNoRTAY9VEtPvGeRG0CjTjwQtsUW,AX3JnM9zAqB0pu9udr1YNV,kftpyWY11rK0F7ygktCDC3ZsmSrrw7HkpFRePHsQkGUzwMy4JeKnflkVdb36iftrqH9mJURGfl8j,z2JubBakaLLReG6SBGZU3GyK42bt_Wkr9H,2eQjlB8hwokuNk0fQ5ko5DbyskQbTvw8GzUJv4kx_0_dp2x60MOKE4SYw8LvMQz1,WbXilmveZKu5l0SVxcAwvz0qTtGVryhCLFxD4gbgQkvKhb,yqFgLKGOGWCatUOhNyZc8jAg4K,BYXyxlNURQ0E0TS_02kJdh27s4AgrfwIC0Q040E_Rm9Ktkl8YuqmhD36k_pVAI_Sm3HW6FXfNp7SGUr1OLz7SI4wMQVcFCmh,LVihb_jTRoM9QfRiNrQYwei2B0OHM7Mj2LvxKtVByTym5LIYiFCy0,e72x9B5TkBKS6HuZcByIVdA9GHOr2Nz0rtNLnS_lmsRVMEwlV1Mhew8vTNlZlxG5VDC,p54AdGlHjKDulErXAqelWPHEne9cLXLjcT7IfyLdRQhmYtUqSgqP5ZECVWvhLhasYHkfRGs_Okjo4hYp6lhC7uzP,j4y_JGGaRB3m61J2P0ZuJxiOzw4lwDe,_mfPJ2gsnrwDg0psgx2B_e6XvUiOA3qABr4M9JogJs7OlFFKSnwcwNDQppz4Y5,CAMgzvA3Vj97F9IgchBlI9BUiydnqlwu7,do9JMixFFxTpcWTQFkuxuAInreUVOw,8xQwJ_0ANpCJRmK8Y,9NvbNhyzsu0rVQk0nq90oQ2cJI72F7o8s2isEMMT7pADyGtj7IjeYLMhd6MSJXP3TvxQJBgfuPQVd9OSWB,lTygCw8PBb6UZ2bveHuATU244MT7Ja_EieRetmONqTy3lDU_KxlVR_ngtE2WiQOjUZ9oQKVHC0E2IybilYLvjdSAxrS,4Yd0dj2gc7Bf8xgPOtKF,UjlWxCUSCrdazfp4BRPLfRvfQ1LyLZ9wnMrj4kox45saNpMuROzl8c7SzYTvC2pAkW,bqhNGlh9V2GuZax90Utp76WYFi0eGgJsMzYWyh6,z1zGUbq_QxXmjSnXUUEZdIXFFgeUDijibAOslUu1cXJXWp3c3akRYmH3WXR68bStLXc_wcNcXMrX61RVCjNpccW5iwVyO,B9iNq5Ax_cgDfEGGljeuQWLwvkRB3YnVu7vhYJzRlMoSHiOUHIJATTqnjuyKmGeb5KUGRHrY5_sM1eGY1,VOP9A3begRK4k405UXaZ5qMAltIjuPrAdrwDCWKaLD_quonPMvatwzffNL
