4tGaUmJ_txX4TzPfTID9aDkmi_15uRJSc5a211TPGLUjBMz7Crdrkclmr1AffYQDtnJe9Zxc1WUs1cCp1caqMRdGQRe1JV,37
wQ42uQccryl1TvW2nd3newgEetQf2STk55CaAuOR4xGemxCbADdRjhJvbxrO_U5Hgaubfq12wivTwI2Ke1siyDBxTjQl8wYLCO,61
V7J_dLP4shE4fA5PBROYfg4mO6IiMIvoxXhj1p7Za49jM2YZ3vT3Yaxwd,102
Q0d3WHv8gFIUQa9u2DZwDFywzl0OmpleeRQ5XWKsqTyGi,114
vTNUKRA3K_m1NECGFt6GJNSBNOM1eZ0ngKUxkJSW0zdJKldWtm6JZcVNRva7cmB_Cly2Hh,13
CpCWtHgc5AFMVoUA6xjlp9n,111
CUU4mVwsjXQ_DLztjUCQZje3TMIi33SPYDB9dkzjfR2Sa7AmdTh68TzKVACqqhGIIHOAecilvg,44
1f8s6ozPCpI6uVwYnRiAE5GAEja8dDZ9uzyCcmevrLUaACQMMUHLdG0gXmo6Ga2uCKAkme7DbOK,6
JnqEHVVmOJ6IPUyTdUypPIDUVHFw251EsDWuJi0ImXstWAmUl56z_wX58WaiYFgusFFzwhlivb0grT,25
PxIuxeATT,64
TwGjEY7O0PGuvVHZTsNwWVI63a1ck9x_aSsUkZSUX8vHMf6a281764ZtiR9ccpc_gODfXLMsMcLtLS,76
8MP6WP3OrMXwMDk8WIcs154N_EQZgR2jCVfxklKM8wygpnHkLF4mZnQ,12
QgoSXEXXCrBmEUL,35
cPQwYKLY3qkMQkG6Vj_sEylGGeEEMCQi2COZUpvRNkw8ngyVyYZBB1Lsobk,76
JLfHmjksI2Nc8w,109
2epyduYnQTo,39
_fRndQyPW4imKWHWNAcc62KPdwSrVwQe7Jm4Qu9DsEMFloPicbCbfORzhTUdVGA_OC,62
XaZdYJ3Abl8dWyuSgJOBronKBTVKyN8A4Bn1YkZOT5qn3Q6rgl,20
jnbw_xkcXEmWimzI_iTMmKeuE73YdtAt46sdMcM4PQobqiydkEof7BUdW2DqaszD7C9Aq6qg9G8vWPrsGokrWAyKZYIY,93
c0A9guu6gJSmkfeSu0oSz1BVhe1zRHBStQZWCEg1wE8F848X0JOOZMX6jmIuBFUxAqCl5o4YF_ivS,117
c6pFri6nvjoYx0F2mNCDnrNIVXe_o_xFKNpNKei_mo09Fiykd4rSdIelE8OY4FbvqT3ooqF1VI,95
OFBZDteAOOufVISH1Re6ZB70pU0qachaViUQB5,80
2TGqfSRif7XOlb2cxXi5FYJCNldkDKIXDt3a6K8DkdYtz8Gc3uDkXCsHQPax7njtf6ckyNNqpJwVCGAbs9eSiSRaNH,3
zn69JRDpUTPgwousnBP3Q5ddKO_PQTwJqH8tgOCL_mxMZEKORwx1e7jCyR_kaRkuVtPL,6
8_hOZUqq6aCedRMg_OHtzRI_LZzbfihZM0zIAS9ngOxR,84
g8pHc5CJJm4fW21J0,37
Yo2uU_xl,113
4NDVhdnEKU9uTZNst15gF04Qwk8jQxCAIOVwt8D5g2a9zX3_R5Y89a_DqBboNX0_4L2pXbRDrieYURdH3abhqHU,70
nXFIOmb8Fk4kQ6yEL2v2Pb_8HegL3yzuL3uO3pD9yaiZBPSmR33FUecsKXLIIjWxtFbZKxG,52
70ziLBJywQWCn0KKjxKAagZshGQlrcALlJ_G8yrTzNcQqGJHc4SkaNpyr_KkqLjQuG2cwmCg,67
p3O7GnHA4tqEMg4yEr_jvbfhihWBVve2TCqHEpxPs8yPMXQBrdAwj,22
HS3yQC1uyiyGMP79F50SmPxgV56HxKE4mijN9JDetOogGL3URllb5s0,13
6Fninzao4_0mDj8upjB2NRBlZtO5MZqN,83
TWJtt3kCT8XroFB8swkpkrU3fWEMntyPqwkQaHv3twlkahzZCBHb643qR8d62O7ul,18
GwKfNLUggG3t76DmzBVZw5GxXMQgJbebbagJpNFgElXPTfeAbg1Zgpey,98
8S0I8PYTmJwV4GxB8bebEI2EU54zixAlmlbXoXrwvzWAFYAgbzWYuBGJolmlacW_OmduXxejP,37
AawUaM_hyQpATWpHQVaKzuyw9DGDz1Gn31,3
vy1zOvtRj5w4c_e2V3at,76
mcPfA0hAev1rPDJc9Gaqiv0DedkfRc1JuTw6hdD0HD6FdQTHDweJf_gtl_O36ovVzKfOmAn9mq1o6ADyiGpoQr,75
K33WAx2e0K7epjhtwR2RTCMajEMaqTbNnL2sqYaRcFUe95D8o6bReaJvj_c4Hs3sySd1fdcuVJOEOwXtPUMSQhizsTuNEJpp5QN,2
ehb8ksR3MsS,116
xaagN75,112
6Qpju4_KcFa1aSjgHMI9O0X,28
EZmi6ZfHaA5bLJE1UH34scxsMp56jZn_FDTpGbx8tsCCVYk0H5JwsiXp0V7sr3x12hyfQJiBKGLtxPeZxPODiFj,49
2xwZEaaIGqHRnoUxkY5V11L6yj9vs_,56
4FW6Hj4I0o_OMXN7rsAQCQ3x1DdNYbHkPss03wkaTFNKdBms9FM_16rbOz5mFjwU5p,25
FKcJ2ilx_ePR4LxFAjre0iYd0DH8ZaaaGYRLU6mSuRb3uDe2r6fqyzgeifxOym4PqjsWttrxQLsT9e0w19Wu5jWPokr,30
yKTOHrvYzv2w9j64DWXtbPdXyrMBnMwiKqxrBEtRkTqVRf3BWojBA4_,103
PE0PLo65Ex5eOTJKkAA_,69
JYCY0xdFQugccIVuq3kQCap959fK99tz,59
St2Ut_t7FHRRkcZl0MYO0FzWQIXQ7V5rkr7yyH2H,14
iNcyd,36
U8nAPI5Kih11GGkXwNliZreIQrDLrTWjrO9H1cRLnG1Cu3KQZP2BuMhD0VJpy9bsO00vx,99
VLHpOwOHj7u7wrdB4sW5eIpaUE1d_Ofimt85FmCsNDw8SBHz4uysAZBJpB8RroTFnjo2cIVK_ibn7rx2rSFGi_mGIB_,10
rqaqLFClaR_p1bqM7verHBoZ2ttVmJ1FqX93mmZPge8cPG2hfDqO29q1vZetOmBAyIx0aM,54
O2W1svkdCORhclhYOlGe0ehT7TQp7OX7qV8eAch_QsNlvA4XVsu,72
LDg40NF6mvm_QZUKcKFzZ1F4VzLgc_ExB461lvkDggOtwikgoNzW4bPAthVqBw9u6sxzN_ipOEMlg7EoOu,11
AWPbGUamoyZi_gW,33
ymCLW33LSTRL5PElOo2NB4XP,67
y5muOI8F20nE6C0iE0wHGBuWUWhYM,102
7i88yquvdoW49IYlKJxrJznfGo,37
IvDeO3d4zg6tSlz1ii_5z1VYfjyZ3otHfnoeNGuIkqHQKldowRJJgMUlcA3mNvtq3pULMLPNNV0ZLtZrY,98
PcAnx,116
jv5KAJKHc3a7e76SMqaFPQis71ms1JeBQmhwydsErdcUIrEs0BrH4aIl0cvEjyPYzESSL2F1jFpkmFovPZl1BOEUA,8
s6zOe2dvnVKpfg0wvgcSVL592fVYvng9nMgZ0A2uObSryjrq8VU4ohBgAW37VyEAFRGDW3f9dLFwKyp64Zw,17
e3wrMOUP_RNlcfBOlEQSX5gbI_760wgbasS1Fgfv9csF9YlHYmKO_5q,93
JOk0e5nj0s5CiHUj2xLeJ2YbMeBPChAIqVXcuB5onjRgW2N75xNdsQ2aXtyTr7bIhEap2h,62
ZoyAbwCp0rBnI5yFCjCRyYKmW0ypDTa7FbsrJMa0A_vdh2Zr7JGbZsnRlT5aQ,19
TYFYCSd2A839R,114
E7bmUI1CSdIO4x1qJkrbWDRM0KolCLv59ukcidqC9vHyYl9Y1fhC2lWAgShV1t,50
VKtkdi6Vh7u_qc3o5iYbuM7j9LrlHXkSVyS0EPXjAoMgvHjiGYAknHymUdEVAEFBF8RH9aA3NbAZ97vVFl9vaJ2B,72
VUyGs_W_oXWoPy3CtSloRws,53
92jT9r_wwkAjf5suMF08it9RZb9SngnFQkOmc0InASq3qtSqXoAr6Cq4Z8OLYApydabdrYuRG9AV0OGFTIZqVw7,16
Fr4mEUnMZm54y2WR_mkYvl5br1G_tTLOvr7yMPvKIQ4nOIQF90gXueMjeTdUQAN5rm0Wdjjz2DVoVaiJXLMTIYpbPoZ,48
Uhf6QFVcVkFh,38
