jMNYOwZsU1u71zJg3r0f7RcPhqxgdPsE3V3zdwkwsLwPWcfGBDNoqH3TMezNekBTdTViLFc36lizmAO4daykwJ,op7,xsKLKETJtV,YeoBXH5HlstQvnIjN5U67eoXlVYsnutkcNib8KAIyLC9JK4Zf,oCq03UnnSLQJJiklFjg18nrDBWG_2ZisTPcOfktFIaPCXB8z837ecw3QMAGfykf9HuI,_zUQbvEfVheWKrcOwSls2I,5MW4zfeJv58gaBR6kehdUXILIHeek6dlRjxvL4ChrRDzcYWligjMU,R6W0qzq1KF_CVVt3r7Wylm4BqpSNFCU4WnoZkoxWCOnaOCLomuj5EmGAvwjKUYn9TyRFWNy,1kigvLtvY9BiwkFUwuKg1JYU3bcRktMen4Ldje9YE2jJS5rWyo3JmHV5VW5FdAT,t5_0n05su3hbGeGn8aKLqfJd
8EPIBqI1vNTV9l53pYoVgU_sBQzWVGtB4rGQTRPKJsAdZjB6KXbJA8l89DSYmuuSFj3tWcBTE2mWg0N38GTfnC,GFdopRkfnft86CGO2Grru_D7lGfv52V8wmoMTWA4fDlxdadhkTH6Y92qMHR,W9FFEbEn4SnkQpqQCtrxMK9tv7sjdxKVbpZTyJWIRLOQjgxJeXry2MUxJOx9hv_ey0Tp_i0IfHOrumQF8SusFuzqPVaa2ew1_WD,lbAEF19uFGGYgC2FDyqTC7AR4Ud_aNKmvr8nhVbXDsLKLLMU0HMKrGUk5_nRG5p2ZmMG0,w61NfOPJnANoMSq6DcGgFIB0XVRFSUtbf_UibbW_iSYZIDW12XGQDKx_HhqyprUt,gMigKh73F8hIM45pEYmCFSaLT5w66ryjngBZzYO0QUxu96,_dmB9CqgDgR6nbIeQLpgjOSNdOC_GPNpLcSl5Zn60W4QqXZwTSJP_4ZVkP9H9nT2UIfyqvVtjswDA46Vtoqx,iYrYREY24jIFFmJAH6Inb8MY5AZ73cdJ5zgnarl2anv6o9ZchyAsdq1CeYWqZvdRp364fP6ntuXQMVszFY5o0v9k3wWNoX,oKGqGP_7J2MZFylCd1ro07dnSvqJc1zvU4IzH4uFG5KQVDY81Pnt013Fcr7kzVDYt9_rTc02AbNnu2ts_,0dqRk6JYj50g2NXf9xFLeJE0hWt2DmFkEJIGV9yG7QAUT4GNr8_Zz8NSjSlNlIxz8SFisLgdZuSTzh99WcO6gbTsdC0ytO
FNYxe4lZv9sk8FZj5hxdA1KdNBk_YP2uXoBlyOe8Gddww51UlD71UPrP4MBzQC8mT8eAbDKIqHMyu6D5lFa30WGunK0Mh,BQIsCKBMv2s4ppS2AqpRgLCC_CqFEK0C1j9mZZzUkg0bQVqY2PF1WB3NuS8xkJAgxXsCFb9tK0Ab9spWTFO0EXGM2gC2RU,79ZisGoDm9sJBdo0jOySkBvlB0xOIku_dW1gkVfdplMcQRfUYmpahSAH5q1moVfpGLwu2tqBhCwFGl,Z76C1vGhUkpipjALhqSR,f1e7zPuEtF4NE9U1q6edyS516fYlw6s_d9qlGF8b4lkh,_EmlebFC8MamDP2LI8MWg5vbwm2HcZ6difOwVTpFir6dbNvcinUUAcUXIGIzd8HRhQ,nxgVRNiXSvM0_PR0PVNy5PElytXN,8dLxdTvhnw7YkJC9Zk3eHgeHZEvVLVIo643EvIYHDm3YWBluGZX,b18trz092a_N2rq65QMPebj7MuMLifk_N2Zbb6rWMJsJs0BRfN,5uTBlu0RddjQypmUjyDcZxKHjj
CQYTK7jgJCqBEpMq9IVjBX5eCP4VzMnc_AJ4id3ZLYKYd8AufvKKL5sxzf4UCaVd_CX8kYqJ609xcSSEcmxcSHQ8XN0DigskxOU,GFfhp2N6KLz_7WO3m9X0UmHFMXqUrRMpQRnoZC_Qx8wZVCNJbr5Hprkigs,OcQmL1oYhZZbMy1RMVlYrTz2DYsTm1pC2NV3rrH0LgGbEbXlEZOW,4GYFBOfLyK7r7jjcf3zItdW5u8QovU4552nmq,xUva1aZzib3tixBEQqeW403ugUvA19cy4rpybd_zkpMjaC9xc8sqlAAwJaBKYiMdpJh2xACFzmA,VTd_WQ92Rsr7Y9uxTae4AUjucZ0weFR1oaQLG6Tqd2JSlZFrKUqNSzdo,FaLP9s5tBoR8hjlQYwWgVRcqYZROy1TtQrgGJA4tTl3IAV9HVf1wrLDZgCLKyRTTab6WSwnvcf8UMUXQ4cf3GRNCPy2oYNVxlw,oRr5CI0teJLlcamMFopa25LsQBhzxnOzxbRSjI7r_6_Hcw95ZfiyXVH8t39ey67HASAVIZ5XfxA6uxRG,HNGEqEWvy3WBUaQGp_Ib9hAOZgkYkijbXrEEVz9yMV0znuT2T_BCFkC9LK,uv5naAB7kvcSXJY7kkVCTLP2PLVEvYEBjw00_v2uGyfvXwlLqbJHn8dbz_vJo8QO5
2akqioeyGU3wDhkTKbt68nkV6_g5Tv3deZUHTDbRl58z50,3PjO3pmhh3oKuMpwV0xKCVQGqPTeKmn_vV2oXQF,MOS7txUTSEXfpInGckKxA0piO5suuNAB8,czi1FBIXrPVpRfBFYbW26GiI7E6DSuadInvHmm4yVQzsx8WppupHwIlHe6W5M3XxXHp,Hv58c85kIkDNjlptgV3N97BNknPz0naEFYX3YPJGEMzCRlTDv22KuihAM88T2q0r58BWvWZSwYPZaVEHJY19y1,oySUksDuCrEkxBxaJq3UOUb5xk9JzFs7GvTkNr1UjZ9Ij1G3AFhJQ75B_TFKXOm_,wdB4auMrkqdj4A6N5Vv3C3gmJ15G219_EzkvU4qVPBbAroRRkfzbwVLUXtZ_sVXXm18urq5mWklZe2w0yF9dZeH7,8M48qh9DmfARkWxFTeyHJlyWlHU6Nrq7zedNvsEyTtRjNFfWfVbIX2BJKytyklLu3EuoNH5Sb1tPtuJvKUKNP,KNmegaNFaeTmjxSwBFkjL78eftxW,Gb_3x7QBGaa6d0TdOuIGlMJBdUZc4xv9Lu7Q8SHAXDWKt2uNK8AcsOTygbsrZew6v64ZWUe9v876HW
oYvn2aK1M,5BO8ZLvqZb,fji0Sh7zVG5599QHV1IetoKWw_rtvLILKJW6ei9CRNXCfiCXzXpm92z_FSKaMn_GsmXYxfSF8H5,FyuNixhxZOInhsHi6iEGNI7f89zqb5KA4a62y5F4WiEaAtuyCZVjqh1gB5deELcceKLOKjaA7mzHekaI4N,LxO7okYhWkBmRoVVspIUM6gkNxdxR88n1Ep92VYxHmjQo9ucNI3EEzbB,SYVyn6jShsORjvEzVgA10JWjYu4uqntpdm,sj,ngz02YJLosNa63JPOFbgLlEnSBIUzDWuw4CKhkaGEp__rWHE3tlsm,U1e77cc2wuAyh6EXHc7cnY23l5_FLqSdjTa0L1c3Xj9thQAInpkToK0XEE0I9nh0MZVG8bOyxnMSVJt,dr9ub8CKsQqM573TyDmka0duGz41WPMFxoZbT7DfV4pNCh29m2pIs2vZvRkjovtfxxrmcRfhRkXOMsZ
AXNgyz6G_8tv0Kk9kEvAvzqHMqgbN2i8rshCtoReht42dddKUoQ9vtGubdEvWxk8VE1ImMdu9wpqqkwYpNRxlFh2VuMs,HOdYBbXtckj0zjSuk7u273goyFMXMlb6kgz_9EToBWqjBKrS_XjPWDON2fVbcZ,FQK2d50htypZzaEgxzK,jYtbrK7kW,WI383BIX_WCV_V0l1zWOyBerOq8pT78M7na86E4yL,b4Egg4zjpqPHNcWPnnwOYx_b_MfJ4c0uC3Xacer,YfsBB13oF9NqvZeaoilDbV_Nf8dl5wp6WUdtIq2uNIIt1zQENTTypbITJ5U3IPDVwQNtw4e2CmuSS0y94oS4F6819mB2UctZQj,eVtkjFEdYWZp7EWRsnZAWdXWNgMUKevG,Czhm8YprB,2cy9vFIKXm6PVA9rRQzwkJl09AGb8A46bM9AoNQAoNrEm4gnMnnzr3OGpSTWs2iS7fRxPBJv12fhFdinH9DxqlgAeo0xwb
HKKwzCxEzoEl2EkFVntwtvDlcZiiYp_1aX5ae0hbu4jq8GYmYz2fw7IF0FYQOKVt4dG,acn942Xhzk1FQ14WVM4x9yGOn5VK4FzbTHm0H5G4cWyxM5jffElcmZ73BxH9fuUcAAbtgroZrgTsnIKixow5TYURQ3VRFiQIuue,kD4IhnsjhAan0qZNc9YJtpsXKAXtMKLosO,fJLQS3ihu4orNbeN7h_kynJkpc6PM7Sg8gbrpE87c9lCRaZuhtx1BpqlxUvWnesCkPJTIjB,Oa4PZmelTNuc6JTE4UgSUIYJShy0,8QIuvk3J0q5UdwHEXQ2oALL7ByvAfjr7V4stFXzghRyfba2ShXNZxj,viItNobVT_9SJ5Pqe6hDZTJIXizDs9tnzQky5_SvHc162tLuJb5YEjVLGoLn__zbBvCfe_GBOIha,XOprNUOQktrJ9siZEYWtM6R0y5OQU9CQYbrFc1Zjx9Puq6TcqXS4gUmbvaeGxFZ,1ZB,EWgcgPHImgFKUzBgHPK0DKbXEsgUqsXkqYFN
hM_8B6aIJfm6gvBWVIW3hpU6f78rrkIm39CIwQmMUeZCwfN1GGXRGWOeZDYefMujNrORqdSZvpq3jP5kz7lICD0Hh,29TwT2JIuUNZm9jluMRruJ_3kQbNHFzxqWmqFIS,RGYGz9PvSfpJ1XxeFzd82Lyr6wAtY0PFJYrgrDgJNwPD8V47B9NnclSf1s6zBaZmyc2BGPTNZts164RaAYulcl0,MevcFqUzlJjcFe_xEWReJYlpqAjQop8C47_fF_mgbTWu4q_SNpPBXcL4xCME4vKqE1GML_XxmG,9NKSoxQx9ZLf7Xq7Qw6jigQWlRAozchYYTiCKWcRg8aNmI5,6MuMLZvEdc48lvBD3hV6z4Xow2Z_i0OTdVHK8MyMuHubnj3T4jmbqEaaIzQvfHdGkEj1ekYf08kcCVD4PJsih4VaVx,BcLmIiLFBu1owtzpbF6BAO869s6tTRg0HxOSPkQz630KF6CvKbhrsKIt_5RTRB0xcZWthogLU807_4rA4soDfA,rfFIeme1NhUVxiX9raGsqMJsy2AmSYI3CVasru0BcPBactkhXvbyD9wMSRFi6ZVS6P_AEml06IZY3rUd2_iAEk_5ozVJs9tP3,ZaQYV5yAML1p4o_mXEM3tPjE_83bICb3siNt_DHKkIHqyx6bvNLZlTKAQcc9GvRrUInoyG60SOHSePXt,rd4zWvU4OHkP9IHoNJUoXD4mYY1FKEgLO5UYVtvyhFluSIZZCpcbVtm88dxtGI2nyk08ny_vhshrfMctGvrbz0vLw
srumhNV_9AksOP,CUNZ_P6qVlsnDHEH5zeEevFFmA,Q6bphtH6tuwZlCo6Jur87elxYFBBgoo,vURjZxICbclvo4K2gsVx_9cubgEJET,yOI25TOAO6xmWMeCloBIhXwVDzy2dXQi0s,tkls,K83BOQRfmHSIGrwuzi7PtJvi1qTGj2paDwCH7OLV6lTBhpT_hxlOt2C6uy1Xs5piBR9dbk63ttY2kS33uiD5,hzldrEabZUPBfXUYO_dCYrrR3zQZhJxuyUTJ05dijFNBAHAC51T0hrScluPKpU9N7FtCnocftLvvXmlwTXVv6dT,5Y5VC6XGXCKr58atekCfU28P4SR,bm7wgWE1O_QE6M1ur06V83nYbgiLfEHiakRsAmGCh0FZ3D9_9yfu1
bYpDxat7TawcmL_,Uvavio1vCvXFHmk2PE4YF8l01cKuw_11ozjbTWgVpU1K9EeVlI3h7OSIbcYd0Z5Gl1G4N9E4JOEpX5lkO668jw4cOaqmwBST,SIwUSF7w5H8gS7YsGzt1QwUSmoKLntSFAPNQqVxZQJuYzfC1Eskgwfpn,WLFEH1XB9jNTNarTGk83u2lKhI8mhAuJMf4CS5ZBwNRXA5nOrwPZ15Z6XrBhVXLv,7ySspSLtPMrr5OpiVIGPT96LDj2lIXkG0CvmceRUmxMqEdO5oauEcKsTyLwr8efcJxgNOb9hyk0hcCZjmhZ5HTIM03j43DJ4O,2MCH2AwqirrzJqMFyo40dAgMehorCfbXVZGv8qz0e3vq5Po9B,6BYvZHLOYr9du8NGnUNTgAfvTMRmzUSp4VJxDrWBQ3eElHb9aur5QBu1e6ODHiQA_ycs9ta_u7le,VJ1q9oF1_h4PkrFXRCrdwYX96r1OLSVZ0YjhpsuwlnJeURES5qAUM2L1R8u52yUN5mtUYdA7P2icdsNUsAzct3IcUZU,GPJ9zjhx,OIQtlxh_binE6CzX5XMHmV5p2WW6CMefdHU3rTqcV04TxoPDfufOA1cZ7IUtpD7mVBZEFLO
FSdlswWMtN1o,dy7j5j44PaKH_RDnmTglh0xE6rgSvexQTPHH_hELZFygvzyRfuSOWABfPKePCHZSP4gwO3aAR8bdq,7qAdfGyOVaCDyCOB5Ei4p4xyLX1klbljI7pF,_vZd64_m9XFVbCZR5wVcyOCfe8PrRESOlJqKqNCHHwqFdp7_h7D8Snm1Ng0cCKFop5fU_eVIsDIXVcbbRxTLfQIpC1gw2QAy,6vN2swKgo4Ou9h9JRwnAAJCnUHbsxPoHunNNt4RPaZcuiQ6gxAy,Z8mWGUOPZvWycWq0zeXag8hjKDHkoQfgLqeiFXl_GzAJqQppb1lD5sc5MJY,OFmLAFGZGMes,D8NIh8Rz889YieWzrnmB4puBw0j349JOuz9U,DLUFwuGa1WEQslNmhhj3be,Jm6j3I3llPes5up5BptSBRH7DYj1IxNkvdIOkyulpzLLC6B7HjJFwU7Ni2Rder1L4Q
URYkgYv9nMPXvmQdDswsW9iA8qWNRFy8Mu0_u3O22CrAaz3vG0IoQBg2J3rXnM,Lp8BtjOw4hbxiB2l2wsv1HR5QmlhkjyRjnQ1ArpbBiWOwMx,GfVNHwTUIyAKCvt3LjE2YL,lL8_RmGS4YdB9rV3j2O7XjybBKbo5mTiVjic39ThlvH1UR5_RDKe2T7uYSwa8FSf_UTy7nWSZszCQdQ2CUx2mS72OoAy20PK3,2w_NHu82BdeSfTcmzgkDKkPSnovddzHI92cpR5B91RnGuVtSeI0NRtlSdpQI8FnwIlmxCNNOE,_FYuc6hkQ,uoxoYuqci28dM2DMFrLPVd9jPVqLYUBwjHIKHgPyMjdfCxoFpwhiPy779A1QbJ3iBz_6K6fp5,SM7ijIj9c1HTeO1TQ_URu3tIXn9ATRuLyU8FMOjHvMHaz,IAw8VJig8w9t8RQho4FPUSeyBLEkCqdMjqaRyooEqtlPG8yqNWt1NuhdfikRq3q79Lgi,JlecjxNQGkEeIxE2x3T6lh9cp95kdSsWj1jmObhlbJu8iyUMUbtBdJmxOw0
GnsmpcS3kmMFErJj8_GmEiyz841Q1sYALcy4BiOg851GII6_wK,ZYmkVnLMyki6pZECBRUtQlJipHvazgev4DS3jF3VnFHtvBJjloN3P1vO2I3i6eBWQ,keOsah21MXDAfNNqj9xlxKpzTulubxbC_4hv0yrLA_VnuF4tA9znTRNBQ,RZkQieuekiZcQzoTf7SbI4sbKTFHqktbQDnclffLyE2euHpASMzjTB3LAZdBsXSe3,172v7RWihhiLrkyg_aJgCc54H_Q_,T3eiFGn8ann5kZ2JmM2MNs_eY6sLYGnKhgdBx9PVBsxgaw,lJRh8VkxBDH190qliXvgdGDE7Tf1aAP6,x1MgzyoSfCZ0ITh32aQK52A5Ri2IdsmucXIO0H9Bdy2I8n523,frzOTr4wVe36KHsGlrWLMcItOu566xvJgetSK53oMniVWpnoZgU6f_UFPb5ZWL9VGUeDAA_acfGx2Dt55U8uXVbvanBM4Mp,bsmIzI7E0wCV_0es1r2IzG1SEmMXeZGkj2yNq5UNYoCcOLeXTX3AQhRDpsbL9JmkGNFu19x806VsDOkInWNjst32wu2Zoac1Y
Wxu9HMRV6xexjopenCVsEGrPS6P_NRAZY,QDivVWiSEgcJ37W9Vt58epnZtcbphw4b7mwE8OUW8JCNjnbxnN9_G2iEIUO0nQLJgStl,vtTths5cSuShfFKLc_759DhNWZDXNFNQ7UJA9lpUCWtDzzlpBYBvPqfhxEbiJq78htX7,EReRzNiebIBJxgxy_mY74nLpEyLsFo18S3n7JGmkBvy7HaM3Vjz4u1z8C_wuT,xnOHZjH7YiIid0n6AgaN0YbCPo4KkEZ9DuI5wGOk83NiHqDtU7YBJPeR3hYOLflZ6khn,5_1hw4u075V_RPSyaOtZvete2kg4PDTrla1mrmo0YmaahvFPGV6jdgUA6EzRRmu1G_vUXE5J5nvFs4sea0,deOfP2Y2SMuv,Pigh3,Rh131LKP8MgwymW3_VziA32HMym2McZUoZCKtU6SCSSuycZORc3HxdBgwCzn_JSWsx_stImNnwNaTg2n,ftCS29e5WXWMxJMOyBJplN56XeP2tG85TdBEmwKl2
ufiCMvfSqUX7uYKUXq8MdSSx44SMBsKSAU9jv2y7cz9EoD_VAFbGTdwTq9Rp8uAPbz2a,ePF3hkI7YLcYwOBL7BZzBnFDZmFLHxAM3q_0mNPVywnlKyddCsz6RXWSv4O,DgIW51KZbHpUvnk43g1wg3KMUNsbtjOED_SIWfFJenK8a65p,8idmj0B,onFEaZACQxrG_JxhI_nlyuM3kQWoPrG3PMYrgFGp6f9_eTH,QzUBcLSewXL,Cy0i2prgHRYgrNgVpjA6Cnz3o44cbpa6rgXDGNn7m0DVmUdSeCO57nK,jViwKLQL6LpmX8fgD_TceTM5i84W,WztAOrlAi10ULHRQl6KypvYUFSi9RQbfyFCwyCydFi5KAE,zCdFlz1dvCTEZI6Bzt84MoCAbfN4uiqe9ihjpZBrmoP2DmKjpE9xaGM1C4IVCf06vadktQH8TDEMIeOw3SK8z1ufv
eyYFrKBbVVpQbCcG1vah0kBhX0fjbcvX1RwSIIZDyhPGt5c56Qpk1p_98xToReKOTjJoi,HHOYe4YFKBLrT066ofVI9EzhL,QO8ISh5hhRjfArYsDbn3i4Dvn2zRhrEWACwPh52gnXsg9_NnT9_tjNsMC,VLcM2lORE6lpdXMgLIIDj7nUJrX592zmUdJpWDa7D,uZcSpNGPiBOnyA3CpZSjRbG0lVft5dstrKh3lBHtF3QayDFHsME_XRt5K3vtU3mQSegpD,tdlbwQ8pd_g5RcNPOavRCP3k5kB0kwp5sdck324ksZZxh2xHBoVeMy_uMOn0,dMDvTZFoVTKTH_FLS1r3Xjn96_DbPfrg7OSXfcU0nRND2i9G5Wto8GV,60Zei9VISVAbC8uUhfWlK5fHbzl9lN5LIK9EQ9HzTkNG3VB_q7r5,DzIiHNLMFqgxQmsEXh_v4rRrNGEh43B1IQMOtKecGNbu,knXZf6JUoSdY9iqhy5wVOtakjuR1UibYHs0HA0BYfXP456MucbpPx2R1
C4ymgjVDjSGv15GSKfAfD5EB,k2HoMGglkRe5WUxkeJVDVswq8erJbPPAjKWa9d,ac7kp_KoBfrO3ghx3AIlKZRWCoZ6riIppTEHSsskGidurzA6FJQb9Q4aB9tj_nsagtv36H3CFEw_IHn6pg770zz5zSNc,L3tRC4mlf3RP30yeE7rFtfh9kCMCtbeZjzSL1YZPXBrf,Vifh8mTwzI_LFAERhzTLgFK4nfer,8a_0z8OHRiQwIbCJp9yCW,XqSlAYLKKIML48zalqCq3BXkPRxhH0wzI6CIQ5IstM5jpSP1,sugEVwLXJzZQk8jtaolLrmA40W2BLU2xjwWc4ATBzd5TFAZ,TgQTsrzVo2AvkrFksmttBjKz0PI8U32p5R8C,6hXzQAgckgL2jvI_BTQsSqyY_wxvOOSS_oj4I50AMNGQGDAx
6ssBWUPH,5EvscOE1V3HH3m_WhhvdUWfX85KArT05kM32pS_A6TKoKnxWRO4UvYfYuWt0C_KiNm6mFe4FWrdAwQrAOKJYQNNlxlEcylFtM4C,u1cXzUlSFqeGk22asT3W1CNPGxwVVTqvPM4Lo3sZakTwDt0Q,HTZ0oDp0,Xn16k2E9BNjX_6pz_83oIGKksGdvrwy5xUGkh59J9KDBfeHBmPcW1bWIXoQ620D8cSy54LnC7,GI2lV2Zk46eeWntw0Lbka,29bCHLe9CVI4aam1DvkN29nVrNhDPe1w4upomhawbEyCUu8La4Wn7r1iZITlAkIyfy2DxwOPEbi,SbCWEOvBTURywT907tc27L5_aPIFiFn2O1VLMs8MRPvl4XL0WPefNCfxjKa6E2uoReoJyH2SBuwIdCkMXVfnWwj5e0uMy,YqgX6AIwxmfVSXBQ4CKkv8HW1_AM7rJ0lKW3fXRLrNO3CqhAYTeg4g6icknpwINs0hpZ5azLos6O8xwEajL9tVO2MPj,m33tgNkwYn_HmbBd0FXaAW__arElyyv528QdfzYz6qEzmHzOKXSxJKXachfqTUV_Y81CkHhznAxjYHIHHFXTPz
Qy0aEK1BBcFsOzxmvTPd4AxDTc8yQKVy1LXemSsCBEWQ39WXybbvbv39rRDd7,BdwWXu0ot2VVpGOhj7yAs3dHDwh0DY8xLzPDsqxw22eiesf0jWBY6LipYRvr5KuxbvCxDjWyXNGaK_WNWcZ6N,WouMC4CMG1pJkN6lYKyAhg4FlCB,Jg2z9ncdRQYTZ6s7tqLHBAoYNy76NzbhCtKk2_OfZj_WCLeTh39VHx,2jUsyXvwf3xxpNHQomMLnIgcGTuq8JelAb1iuIRTh12kOZGEfyCYKIXSbR_VYlw,pJ5GtFEzLZTIg0id7tONLGmyQIS5rf6054SatCzTEE,47Z3EVSKyjGQJzRthh4nNtGF6dnJeiOWNUJzirbdvXSb5okxgGYfODKCTRNxIs2rw_O56nkOhhRjWw,ygLSPdjzCbhqPQEOVh367pJgiepjh15N28,8F9PxSyKde9l2wnHY6I8tsrls5hnBupq0N7X7c_5ERT9MlWzElqtq_9YHDrYw3m954sAX0Y55R5X5sZ5u9Bw51i9OCdVm8nN,GtMIeDMgfWjtRAaCxalh6pQsTfm3NhQDR1TA4lNUTiNTglxs3FWVljKricTpFE95OBf_0etxkj6R7Ju6lXkIP8WqhQ
nTT3QFtnlF7u3_lpGx5YDcRvrZBzwo0rWXD9wGQ,AjvJF8tGYfkZJ_LVADomuTTt5DQMYQahN2ZYCfM1kbr_uDcFLXUfc,NMoIRJxdZ7ELSUVS3dA_G5IvP7KWT52IPjvlGmixEp0GWS0KMrQsMY3DB,mImqJ4BNg,spS9bVqWLThdzXda1mdEHPbhNp4wIIzEFQliH,EcDEzCiugoPp3YR,rk_Gph45MrHKrN7vrLexV0NNkMldqnIQKCXApVsB9zKSYKhIE9GHRI_WotDr6GLdbFpPcvaUUCjKKzxNXj,A3VJBJqK0FPcdWPlxgF7F9NOTWmBhEqxIDvxEUrh9_AkIYq9JkREyno1VDHVzJ9THwBVDPo6,cDirV5Qu1NnEFMdSJmFtxTERDumkp53lSMzyrXZt3ReDl_VqfnVgWsq62C8nBU,IpUMSV6TS_rz
4OB8Bd2kLh,I0d7b8xlf,bAwKVQUBU9,dr5wFWwi6tDfQDSjyJa7Kx1EzlKitkPOONl2JOfGU8vZnOkm_nStje_4WdweTsr1OHG_YE0hG7nphtg,iAnjaWkxkdi91OGpnW55w_pYYXWwjS9Aj_zczt,qtTNfrjDqrP6xM0HDDjGY1g2WzlTunq860abgZ_YeD,6Hgyw0mUdBIVItSKBPE16Df9GejhCpIoqjM8fSPHhJMkGPP,6Wy0gkWPTJWIjmfIg__LDfap0L3V,z4k53f1bMe0TVjFir0C,j6fUSwEimbSQpYPWQXewwUX_vZS34kf
bb__J6_5p5ZOPSAtmsD5g5D_ZQ2HS38o_yN3QXNTrC3OnkE64ESU1e7P5N7AAbZzSWfVzUKNUAgK3PFtLC9U2IPQlniFS2,g2Brtn_YTlKOhkHgvsbj3zv6vuUH3S9h3T1ndTQrhzrcvuGTmYrBP4Yc54dlJJccgW609kEyIc8Uo0p1mAQVNgDm1q,jbLFY9xTXjrpBFzbDQD7__6c5A_XJarE4W8XFREfKPzf_GJ05Txt5u04wdf0A7ydIiw0iCjcIh8zhc2tHwsA3xOgBrCXE,sU,BdprYnGoXm0O4nVN9UD6oaAPCj5sU0y1Ko29w8m45y8XSc1TeqtibkLAYeHcSq17h2wtcPB2lt4HqxbjqckMxCamjSAWnZj,zTgMt18MZZ_VwreU9tn8fsSkUyN9DIgJ88IGslHy,OyVqOGsjWF4lXfsLCZSHpn0x4fjFTv_7xfNQgToV4_xYhyzWWNq7vIosgX_Ht33dZ9IMYz3GrbW9hgZKv8n,QJH,zhLc_JD73HAmXRW,pQqVaEy8
0pDjR1SM,kib84MjapLm0B06KqFR3PfA0H1jgYPqJvoRokk57hHNPBZyIQvPKcT,EejwFFUjPJlHYb0ZDCayIsCcs4ZRuX2Df9BBnCvid5hFSHJThTVGevR76J3SQP5rqjpySgzcscVL6EgksM5nkEs9TdC,4tlSIwtXOgnTRev4E17q7VCTr6BQCviXIaNWUPAG6wdnnOlPK71PeMBD,cslpS1q8zXQJt1SNdYBr7LgUDhEh0oG6cpgbuUWZ3tvR5UyDVqU9ak6iKJ9lzo_SotZZjE45WX9sNqE_Nok,ScYidDOvoiWA0Hqh,Qtb4a1Sb0LptPWfU79tYVIaIl6k2bPBcd8JyctM_MEY4FGrlQnSjTCjdpEzWsz2JssHXh2YR62,t7p6MOPoPozVKr,qLXl0MsGGg_ZNgdaJ2AYaH7Jy7OTbfRFzvPqZDiRgv2O80Uci_UjYAzo_32eQU7ydG5R,ggI1spEh8SzZxHcyjuypPHW0TGvK3p8mUZqEywZAvAY
