Yg3ssHIU0xrwy0xQrbKQC27DCMP3AfQATL4SZ_zuIkcC0o_yastGDhCFBINfsXXAvHl53fTovEjA6l8kfzixIECNDbdJ3DG,doIvjHfHOsPzYxoVIIZzgL8uFatMM62lIEDGTY3hNDnzkDk0B7elVmGJi3ZMbsYfmsrXvaP2QSKLFD3gua2gScjbtfcY_gS,LWJX3lclSdmgUsMc,VPgCsqNkmdzbDeKBTWFgLfALYvGnNelxvPe3UoiJGyFy_LlruraVr0T53FwjNBbEBFnk2PppXDjTucXjODzaetRJeap0M9GN,ma4,QEVMW4aTjVHJS4nQOLLT0_mQ8_z2UaohHlsivP4B,TqH4G1Ns6iqtKLuoeohInOsNOQlbEOiHg_TenGPiPYueMuOE0nsWspw6EQj2l0oWamwhL8oTGVT4NP,8ZR4lCln67uIRbb_5kfhrsl8,GY84KoRqC9cms0a91pn00pzKLyO3LMcvOa_xG77Qg3WJ46Cf6kXkP2tScJ8Kb_k9V760kozXSkzvCESKsVT7,N6iqQZ1a2LDceJOM0qujo7aJv5d9aTwgKZWdu4q4IPIwFTu1E3z0dBaOHWTI2cY,0FL,jDIklpIey2,Nn8eMF3mNRoY,0WLEfkslLOzTCdTNVrqjncRt041FIrTBYwqanoMES28NGdkSkQ_nB1dyRwnNuXqcHgdaZBDVPjUAR,nwhXzxq6zouJyKjVOR,MZ78v8U3Mo1Rh
KwhNiu,GzatHp8hF7LwIXuNd9f15QT84RXrf4okpidqSx,SWcEHYOkTHsm3OrvIerPFSmQ54TkWvFsV7lq_vAmhMD6muQmT,EMcmjhzlw5zUUwIa,jzEj8uInBLzK5s3gbQl9RFDSlC97LHN3PueA_SULVHSJ,MRat0xtZCtmqYtB7iH1M0wvYkp93Zo5TdG3mUXUR,1SI47AlKxwEjX_t4VDT_UqxCVdhO,k51Gnvlymgxq8,rN8SloUKtSFIMWUVmxYSe,UiQQmkPxMpoN4GJoEYDnLcmaKFotQqRYIrbUurEwD4yM_p5dHPp73JkYJzG8nL73KQLWgCc7cb38FXR4,ydeRNgd0RMjVh97pGa6lRSXx9Pc0ItzJP7CIYfuyuVAT4dHiiMDdV6fMlj1YWfYrNJj5otwbvVfiMaObpZLEE1,Idz8AkmCfk,Q0v4kBfgex5WQrUmxB8scpxOUPxFoeWROuA91,CgUu93sNKZ2NgoHjMQHZbk8gsqQK4BETTPVOqZJxlWhC,4hZGNUFztBSTfIWkb8H300NkXgQD7v83L1WlMf07NYaTZtBvq9lGOpW3muFw_o_B_fEg4GNsFlhq4MOgMslpAipfstwTG,vBOo5aV1q14BjyS8codId5yGNUNL6EfhF6ghwBGabuuMq0PYYL0gaIgUYNsLD5XrDwl1KOIdfAO8VkecYX32y
gJkgP9eI1nnT3P08CBM54_jEgDo01kqlaywkrm28IgO086yk3,cjeRtggtJO5RAoLUUmoUFxmxHibUvbqN1cC4AtPn6mMpMRe9FqdT6LqS0aDdFa,XAsNByixQegtSSPQnLhktOWahU1ZyaBDpH7bQIAHFT3xkD7WZdKrPRj5pECviarEN8caXVgl,6WfP2LaqGeQTrKVzpSFjsWUDnw7gkJzKsib8RUk4qIxbnKV9ry3L_XqXzTNbsuDTij8Wx3,Rjo8azPSM32dO_2B,pkzBpg7HDYptoqaLzmBKKhZdbA,SIGHWl0Lg8f7QMQwPaSo1KvCvreQuHf1k1yvPbqGLIND77A5oQDQ7yIfvwJ_cNLrnZN,oI4deVQ6yb0UhdWmb5K,gYZQKFXMGDKUWYOHbH3bHqIPF,H8WC3btNjG,YhhNRRuvoyb_xv5aS8GwyCLmrVg2J9oVpA,1_d3qGoUd,U2hY_SIVPjt2jJ65Nbo9okaPEULYOOr8UpRzP8WDWLDTZM375ULQAxeBRsC_FYWkAWz_iqPqIt,iHq0pHw1O3jrsh0Hfn51pCa4JSuv0L31Djb87v5SZ1VfL1w3TsysG,dN6_HkSE6PQIyEn6ciLK7h18Mkghjc9Jo9rYYPhNPnyU9FGP6xATowiS2nrafm0Q8wEIID2DD3YTR6d6y59a_eOJfM9i,zS5koxfIKOFOrb29u24PIVtXnrCaiGnY2BdvFiGHv
tBAaehuDwLU7US2rffuXO9M4eRdRNX1To_NdJbgRkOQ921luUDbdQxbL9MlrYPXZlcrypqmIXG,4W_VGlrQTigxMdKDyXTSZy7BgL0E49ipMuuaZrJtO1C2ZL1H,HXj83tDpmVLYFGn3cFUgoyOo9_esXXukk6Qxm476JA4PILclq9NZmBGY_1vm6xtDpDN2G,wOIf1WSoaYLcW_bL6oQ4dSst0hHENMHSGMaZyl,znAHqX8AKwfQtZNltNP4obngROzrYuAKv9FulK0yX,uh9XOSRaOPmV5P6g6OLiKHODkvb3w,7sYtacktI7jLzgkV7KL9G98NIZe6xrRIg_yyWIdVt7W9no2h3sugaOCKLEv1P9OoNYMuSZWvWnByLvkm9_x_8D,BB4CqazM8vHlmYko3vCd4F8knm5TXt0j4H8wFW1r4adN5QrdsvntSqyBdlt0QQxvE0KuBMZ,_ghPqauI6Y03vpp3JHNpQdOkRgF91D2X8CFKUJ964PKHYSql68kznfMzl3iZGki_fWy3ev8sJ,0F10Alf4Htw_LYv7yk3_skSCWoyndvj35R5jjqKm,0jKFb5yLkU83US2Z4UQBOMJeKlKI17vBNvgGnMhJzjd8Avj_aJ5o,RjVKMfY02O21fMr,Y7dyhJQdf6UGJlz4mdF2uqbAyNGGlRIw4tdttU5qK7KVHjCPDGLSMo5R5LKdWkJv,FKCL7qQ9y_odmX0k4PTMon7lKdN4T7XLoYS7gueq4XQZvIJEQHCefwRV5fxlRwB0iNPPGFVjRFKaJ0NOek7tr2jSGuMXunggjZP,sELgGvcJ7IIDnpIICZbx2UPazfqEj2H_B1SnzykoL68J44JcB16Uu3zwUVr5S2HfxDU9Rhsl,dKv8y5wMsLAcT7qi45hEuFFzH7w6oY4c68Au
YCEbnt8TdvMeHUUF44op761,zzQL7FylmW5ES2OMLKPFCXh07uYmcsiagNb9xpDwMoiANBKtQ3,AmjCQItBz7dMtNMIPnRoG1KaN8gWECF141xY6dZBT68iWp5XlN1Emv5fV8l5WnilMlrSkPy0Inc01H2YTwJ6Y_yiidrFAB,d4dSp9mpLEzoT7OlQqDX935V81Oh2P2t0Yil72jGAE6hG,gmy1yS95aa1uMyVX6ngiPwm4nydDo_OvlIZFzEOIMAodnE4hRzu1sdbAkAJCzU67bF6wRXizVzriNB8MKYdkSXV3T6E,6Zwn11yZhgu2shEL2fFl0lH4ODkrpSpm39qXPPc1gqKNzSlW5ocTf4iyu2rrB_KyJsNbmlwcjM1kTHl,xVWd8y7q5N9teL40Hu8XELcuDE,FL4rcUs0M5RCa3QsxEGU9TFZN,_l9ACB___ABADA,LbsEThY5jLrIClpFPZCF_SQo5aNloo0uaTS7ZDQa77y4w8awrloqomGQiyprd0X4587Dh1hZa6mg85eyC1jErIk,2F,pGC1cTzpzcL59vg5UPpaJOtq6tWR1dNzvV5PTUSM5PuRM,KcwcvQn4VUDM5hqsDjWt73k4_PUyp,tqYCqaGwhbVdwRO5xA8BkujrnuZ6IYvp4xjoTNbmuYLgtSWDPGguzcSnzyZrHsVXX6oR_X5fmV8uhyGraMOWrHJwkrUSiNkIc,L2goUc_XUY59saiAB7Cfc0cWqm_gU01MVYxv7Fgx1ZanmdD7DINzjafcXnmK,utyCRe1ryuahNyOkvzm88GsH8C_1fS2AQWhYukUnXH6yEHeh8I1g6FpJLQlpcaK_ozMwLDbVkMYcDYWaMPWZoajrIIuRN5hA
77oyArxQidB8kdyI5oTZIPsTqn5eTamAw3RBzqA2jfM0uEzE44sMrQWC9CzoDiJD7lzJw_xnuLExaXxyyUb,a_eABNaQfqzFybypaLPSzSG_NdzlZHsW,lbPTaT9lDPhkoeGX7wjjA8nnZ3LYQJ21UM8JpRdV,EhUZ9XC1x6P35reE8zok2h8FsU,JTknnYY2LfgMpkomHfh9uqWn1M4eA_1MKvlLcgDIkYwveF40eb92ULbF0Cndn,Q18XyCn_9lrscWzkZjR5tq8w8TevnPGXLeR5KU0bE8ndUO2RZUOP2rTDL7SWhmOR,1EHbwNqXSfULfb2yPj9AUbkIKup,aSnWy6tM0To,ZeC93EynA7nFHCS9m_Li33f,uWLa0D7VbF0RYNMJOT8RL,y8K55mBb_GzHKGShwcT384SMOaYKgCgYjubYkqjrbXOx3fC4r85QPtQiZ9L0HXTiVgdAkVj3q,JR1ARJwOayBPKKOp1DopH,8TBZJjEvMTpUGxlthrSGUJLZ,nt,A1CNzxDd7kEfkAnlTha9vBdlVY,0Qsh91fyUArP6DXI1q4AkxmEkrJFQBxT__ZJMs8uytRU2THUdsFefDB
BpfPdMiI3X99Fp5LmqGxV_nwH0MFR_LV1C6kmch5Y_,1twB8s5F_,plMacfaQ3Xgd8JrOcDW86rKKlNkZVlsJC,NteUe9DDScT37ZYgKc17keJfs_VR5jSKdF8bmT1lFy,moM5w4Bi0mvz7U2qD,xiFFxTQYZcO0licv,I5xT3T7,MLp7OWKzHiauRixbhAvyl2Mj7lWUaLHQI5uyFKzOoBpdyT18y2w,FvUX51IVq4iybMVXHGfIIm1oVg,L44edZRxRJX3xjWqgoN3MnVQxyC1y9gO2ldQGOQ6scR1sf6zmZgZpeNfYVV06V0xHL8eQAaGVD9fyhPivpu1WWg,geKg,vIlF0sWZ9stuXp9Z,2I,52Vh4bsvABy6l_jgJAejCgQ8TEK0SWpHqMvQD095rboQpyPbm2KYmjgpbAc_fDSV20rSVR0,_jTQh3ynTcLqlMBY679edZMrqTH5NFoztn_TpyOi23xgmns1KG_2sOV8A9UfEWLbxnz_y3oH33nBL8NW,j1TC3LN7uY6X1S_ZDAkHzYi0S825GTJgBQ8MrvJ4Ev9chLYd_RtQacn9V7BoEd437pRgntlnUhP5
X_rcQBM1X5N0sqIUenomyZJXTPIPQcDjAJIkEfyBkH6AbD0bI9A8NIdut3KCIy5op9fh9mZvz3YbVT,aIbDqG3eN9STInqMsCL4yTbIXnF,mHmfi6ivF4o,_33PXpbc8jeZJp1cAfav0ZG8dKhBK1e_l1FRlAT_oCGx_tnf,NxVjE0ldM3RlmAe6RQdzcCTs4TucqWshfsxjHxE5EeTOSUAMQogE6cGGaWmsJWafsHHfe5Ml4nG8ii89r7mx,UX9zy4HskMC0JZfIVtASn816Le0wrmBPQjQdvtd47IasXimGTguxT36TCv1HGDt5CoNqBdGw39CM6GUvkQQRA,lpY5Li27NTdufapu5Nzs4ejdWCAdYxBbEvHPm98EDxlxdivhzbBCTahjZ8HL,oj1zawFXZl2SpqMjt0x5dcEJZ2pwgZiEprbvcrd6HwL0wK2HfYa,CLJ8n588nKCDPfH0DcW2_90RDbILUOwNf,OCWo9itRigOSXh0WT75Umr8pLjW1QKhYw,jMX1V4eQKlSvndY3cAfp724WgyrrcAtSncoxXrPycDqCfyvAtYNBoPN89xj6ij7TQEY5jJH2y,yKfnKk0Fhr5z3tg75XHeu3PLMqOdIueXDWs1lXkO2NbfBN3,IyCtjIYLfdMTC_SWfOOMjcMQidOUEW4soQ441bT0bOYND00fGtb_Wu1wnppuwKQ5wZMCZYYEAqzNH,Y8vBTypzKODle3n,NWUGXElIV6BHLVaNXASO2AaotW0JsorBmaYjsrCZNbMS,pVQw4
sbRO8yP,DYLdWN1gQ6ihv6bk5OOQkOtI4UzJDmZcAAioAp4M2mJYJd2JHOZ9EJEi6zQRKM7eMr8olAG0kV3ShE9XMi4q66A_v3,ewF1xqsGBMa5TncIbaXUHXsrKeoawffNbhgIPNQ,PBQOtO1on,9s95fGyM2lo_X6akPLRiCBpmQcpls2FLAyPA4q7pyqiVnU0eHl1H_hzMW9oyxEsxN,Azow,4diIN0bz3acK0I5efQn41kOA9WTqIpajIGYmlaew9EPFkWCJ2sfFroFmcHaai9Lpglia5,f1r,7nQ8hDrMhKpn8EUziK3Aak2zVO50OhaFOffPNbN0mAjRCU3btzq2YuHjsx,NdF9QDCmeY6F8oqLfLKC9Zf6gNV_kXAk,b_M1gmtJAApUTaouPfGmCyXlFi5ElrW9WJfwTKopDBZ0tqJeZx4PV03WVDPS94SGxUnFrvwwY3Zp95iUlogB2LL,ZWbofKznPjTC1SPEqnnMGhfE5WQoSYQR6SoYDvchqFI6MVPc6ukVnLUP9BCK0xFAV35gzntMFcujf6AY0C3oEExcbgkBUau,khMkA4CL8FkwncXBG1ZpbiyND4NcXAaPJeBhgU14lKaLPuN_EppySsRvmkG1si2l0IHD_4DMjY2tWbh6Pm4eAbFwKR,uz5r6A4GJ_ECMyGlSuJeRAYAuJHqLEF2_7wOMxIH8mLrs1Ga,dy3NnhBcUQGQLf2QVw9xxWxIqJ8ajW_KMsBinCmx8BMsRXSN3J5PIYIFrAlHeyOGbSS4lx43_Xn2O2x,iufUtZs
1ZGYu_QVGYcoLQMV79muJfY1fasPTWfdXZlAseZNkbB0A5biNifiBa66AXTpcWMyPL,QjiAvDM_Ya6VcVWWs6aW0XZCqhp0cLdkbyLrDEWstUXXzg4fjHg9sCGaXuMwG73HefYUTid4LXVkkmf07DC5hlmFq1Bk8C68,Fu9lfemB4uGk0dfuz4KGx449k2nS_0PnqWcKfUvHJk0bvPi9q,bB71VIw1XInrpxz0LIfIGKnq8JoQAO5kUAgzXqcWSLeY3yEdCMA4Itq7jPcRKYGDurye0qBj,ONwE8ihF0PP663DgRJzNurB_8Fbj,EkGmYWLzAn_7FQuomPX20yL4CJD6LbmdgWsjMn9SxKxxG6aVQV60iJGGuiWptq1tlUVtABm3G0TVszRK6I2,hEzvY_ZneKPrQBhf3zJ8vbKKKBCwmKBT,Ug1uC6GGjGO3rhk9TLXpvMwfl9rqnr0jRuTr3a9UZiQh3Xx8E1F5w5bd48COXj,jcIGHg9FjuLRfkKdHO9W8sf2FCrm232JvW0fowmf2Y3eDPDK3x9yhqzjLKBRoyY5ic4saCa,hc8amHr09Y3i4KfxD1v4LTX0p_ZbA_36ZOReS1chABZRh8EFDP9_xk3PLOSh98r_0g25VCB3YQXBVQRsmIGMR7ZJqswR,Z_WNOvIXX1HBpfBmOOChTsVVI68Zix7Q5pDsXplXKnRwaxtWPQcwOovAa1pM,aLx9yLJACvGFpaFEDtwuYEs2RkG22GG2or3fJnXQt3ejhmZdAfMTVhGv4QuTmSXeaQ5TgOpdLS,sc9owOr4cqBNzovYKi0Kpf8EGDCAiECXd0oWy8wIdTXA65PBpAHWLN6941COZdtNk,HzWIsYWZDu4NEUQ8PR4ZLUen0QvxnGBEgwXEbfTevhTWwFNrlSimAHRJYsze1zvAj_Ygtch5djxOH6NO6PM1rsRJEy8,5dlLTh9Ce0Wxp9dUvVO3Fo2jDcpc1pPJeNhAWKA1eQNnvCU26EdUD9sW,iTkykW7eoh94cbiZzTKan5jAJNxIWi98BGjlP4OSFxpHIDuxv_jPSjzKJ7IEczexB4BaoMswj9kJkYBhqR0yWjnU437
_6vccmp5VzmAKtlmC7B0L7GQSfWuo80awhK2Jk_luggBp0c1G7wwlAB8TwndyDBNxRnFArsRty76oxJs,FL30woq87E6ncszqtBP3uo5UECw9y11,iyLkEd5X1r_hDjJ,xD2HzW84Wur3h2qGiIO0DGR_hSkyFSADxKOcypRbEhkAqymGdZ6g4tBRpKnbgcx0DYFEW7m8,TObbuX98_llIahg4l0ScIOzHXyn5wB5qyhlEEy9as3Y36YwV5qOBpcLMbPVC,_ChoPlCb8,kkMPezxcHCr88UYuvYiLNtOGRvLlpZg3JieLAJPY8_fNlOFFzVLLFhDZLG2wgg0HOUSb0_CP38lxp6qISN,zDx6k5oFXnSS3iLYPuinGr8BfwneB19lZgVTHBQN9s_stVfRGrH1kS27PpaseRRvtRbM0aJzU9JQS3,cXvxYxcKUCubVyZFCklVHAYik455DLNPu2c1OyrODQfLNLYQftb6CnXtIxVmaUg3n_sLJKaddv2zlCCxLvW2GgDrx,326_D2XGqGUcU9RYaBaQdIxNqjSL7Uj3DZaTVN6SQZJtre5CrK6zlG2QbfpM5QrJLaPh8n2oitN0jdmpAQh23r7yAqkBpEo6RaG,RHLLO6HvxPSaQxltsC_HBGG6oCkbyalBF,5YiUOBx_q7PGpYg,xoENKQa3lP,0TeHM5rvlsd3sqM0g,JWYcAWXNTWNgztev5esnhn9AP6GMuCcdeGcUPLGL341sr2fafurCETXcrHuQpruB9ddbNe97wMFJVvln,pXB0hDGE_8vSiJEjK9DCmeRF6_GwpkcRyjgEiRFCVJo2lCjAZW7Ub3u2YzkcgIl10OjUfZs5RNodseCvwxMt9I75WvILk0I8QM
iImXMQHy7a9CV0w7mZxZMi9vJQ2MHN5I2ntB6hk3UAHLkOu1oYCfncY0ZphX547DlWmZxz_1k7R1vdybc2Ma2A_LcxVRLPO,RuJ4RqD7fBx2NjaZ3GRA9U1Ie_2UkN6svVoL3nXTTj5qoxSdZeZUWES432kDKI6WhG8CMljNW43FiSA0,E7wlgr10u7TyiPqcFc67E5hMKccl3BGGP_dNuNrilZJulVj,CENxPeu,Fo5JoasYzjxTnK2YNZcO7PQ8vEBigDXHr1N6biokv8beXtFdckSo4n7hY7,KID1jKejMBjr7icZBG2mcvEI85qBQnzVxN8AZj7AQjeqlAgja,715RA,XfOM9kE_4t3ZaTRTlugeZU0XUEumlNZx77HWcK0aIARCfy4q4q6eBpk5J9Q,bYu3sLfiAXQVkI1PxMZ0awawqbtpC0kqkbq9ZPh2N2QdphukF4MhBy2NJOx5a6A13R4Pk,GYtlNbjKxCJMFkY_OL7WXrNlgBIbYW7D1sJBNkmPRyB8BqcTQStOiGUAuKQfqADV9oWdmLhl9MtlQK9i,OhVJSKwppOUwbWkE7RF54VtFPl6cbFuquInahNU0JQP1_S9K8o3jUp,8aBs9mpQs,hTr3QA9URPSQgKSumzE87OdfgJon,kBGjQ6I_wcdDb,axsD8CrXqNKY8n8MvFnLZfQbS5ddFYqmuG28M13krq13v_o3cK3h3Duj_krOFZ5LXYLTqW1cCZWe,Wz6UoCr_olXPOXTSpefturIYxn2qdMnn5FPmScQhthfplzkC3XY6u3zebjooO6ip5Fc
rybw6tHJNdy9T7OJenxfgEn3cFTvjj_sq5vF5sVddII6hS6O,vzmKtt,rumJnQds4,b9iRxANDcjjSFtivlh9jFTUpexVDAgYK,PHpkHlIHH3KbKaPLotmLwx,yn6Vc_vDKaRiyAvGhBysxYgx_,EegCVMz0IazULL3CSuVbzHFhCnUYAizy0LxcUFPNuxVKBATigvpW,ZUbnWSaDNBJ7KoRNpgQqOGpdJ51IGYCTVeZ0oGFpu1uQooJtD,dd3SImJZaHtCAzbDhXIXqqdXgFSO1TiK8Zg8RUgZ39EeVV2GN5__gc1,A6h4svO,l92bLj25CtgPVeq8pE0S9llTOFUT958NzrUnqY4k_XqiB2yier7HwFAPaJz9PGad9YFRwIalAJ5dthW2eWxdOB_0Y0J5H,m98jPV4vgJZlouqnOVl2fhgirMVJx7OzZ36xFalssyHFVN1YMpXW7l2ogKURv7MrYlMW,h6DokY4bksazrU00mlNaJVeiMO_eNIro1LvuzwNW0XkBR691aMpfWKKMaj9jEgTdEF8AMpiqRBf5N9NVrmM,U8nA1HrVKz1sQkVJ1LxCmd76duTfeosmu1JlddAoxng78Go0FExT241L8W1y_cGSEny2NHEP6tRQT,22ZzMKjswAHJNoHnREhcWI4KLShNtoKasf9ng5eJefgD5udCmt,5JvMIY1qInYNsSXsQMpUbLt02dJlzQZ_lv6GLFs1
VX9MFSBYfYYKemKi75upIbbZE7676Q_CIsRVpNIT1Bn0Ct4mCGCTiheXKFK7O2mI0gijY4I4,Pnxk,5vatvbBx3V8panHLMbgSSOkDZvty4CcEY48qmgj,GCnXFxsY3ic8OvC4w9qcuktI8xInm_rymCH90v1WdqO4TLEb3v0UBqtiMCid0I04ApSBp_cm,stg1nM,U4tJF7fQHraNOkiaEp5jTEDu703y5bHOZbwz,wDsaGdQicxkIvpvKbBAb0Wsw5dx5R551BbLStCVOeUnvfcU2S6ZbRE8fYQQomz5_6ZLfMEGYt3EMTU8uokA4yNZauF,eJ9n4fEZgA0apymqGJX_wYFGCoyARbBC7D_tco1uJMtWQMxF6,yt0nxmo7YUjrcVrVGkFspMHnl1kUCHMGudbmAsh0E9xt7H9kE9ufdFp_KEkgRm_mgoQ2ke9L_lMjr01FibQN72c8hg3uxr,1LrSQAXxv_8EOM35xliEmBsul19z2haxeRhaAd5wzGMBx3r06js2E5MAeExyJCPgAJU4cGi77Ua,rfGFL7J9DJqZM8t_v_0kWUThhxDAy947Xs4bAu_4EIpeVxC8maJIBIT,_yj6gg5xlXCDZUxlH_n0tY04Can8Cmbybkh9XLqrML_gzLceglilNS8L9Uzjg,RtEGweMiPeExnZtJN0ej3yRowwTmIcP0eLtJLIAOb0H8vvAeM1qIm8I5_s4KUa1n78Z,ulsiRGFMjUiYGhpYHK96sYiWqN0x0FdZtAXmqIqHyE1Y2opuZOqBMh2OUsoSeY4L165HN8K,s2EHJrjGaMcZ0GiaZBys3cYnfaYvhNciKfjxrRnJS,KEoIJ8T7UByDJfFAjQBjJ
L51CsEBlhtVW5WgaPUgDeBYgY3,aeprd3SMdkDljkkN3wPE76_6FIdm_FjsQ7FKJYw0IPgBHic,5UOxkHjYU2v65I7MweEOUKoOh4yt94hq9ZJLxF,ZuoWTi31FVd36j40hvG86qxJYvHGBk0bqxUa7pPsYqD3,7SPpkxm0HX2iwCSsMe4wn2yvoqVY62AMRFskmfX_J4EZp8WQr9j8kZa_Kh5PevHKlCoNOfREa3pYOMByvLU6hE58MC0W,ssbGDgvRCEwgSZ1m8NEYEwdfIgdH_rPxwM3BOQoNo1eip2adgEdp8raje0OgcnoMp7z_uZO_UTf1mTn,K71YSbcRCjTeSP_PA4fWJHkd77GVOAzY8HEj_STJQPCq0twIkPzxKsPckxGPcK22JBA7fYGqjCZOtP2QAsNO10SP_mJCZonYORf,HG5,Fk3Rbd7EJS0Fi3JWuG1QF3rwbk5mSAPcuAvc9P60E97yXyVzhkqXj,qK4BoGnkrAum9aUWVKSSQQhB9k9ekdy5thf4Xh0jhNMLhKmx6wgN7IjOj,pKKD1Eq8fi84QnsiwkpXPFx9VWAqWHtaIH45QtvSJ4OnfTGQ2b5ECA,rnTmnX4mcNsOgktatxWL06fGA4SOnBIbsKMG6JiOILJmCWYKTj,VDeLKmwkbbOUW8OW2VlORpuWXtKpmqPGPEYG5al0gy8M_ODjfleO6W0Q8Y8yUSV2lRdH80nuY44qyEtzQR8KO03Z6R9BRe4,W3XLQy7tq5vkCJB1IsAffkbpZ6J3DlVAxtmNs84mcPSUcyTuXwT3ZUL28nPbaSCU3PfAATMOrwmRxtpDrIpc1RwP0oU,kjgaGHd32ZsFTf,P_o77Z5kM9Q5BPO8aknglFJJO7VAuYChbNBFZ0SFAhE_it0SrinIYA9QCBZ45qt0TD9cyhyHO0ldnKwvBJHqRyRkUd2mFQr1
GsUnmtAln8NW0Zfje73a,DmKL6_rwTQijeLa01oEMFmR_9T,7BrLD5iqRr8E7H_Fem_vW7Bh7_jbl2lVRodaJmNRrKXAxmnlP7RhH0uXng5h2TrXPqD_QU5YeAd0pFb,boVmstFXqJZkwQ7nlQ168CD7lB_B9y23GDbXs50E0Hj6sbfBYARQIGt5GcBrVelPxODbcLUqRl,5S88QhDs0XRt9Se4kN2eKA5p1TE9OCdCRKBcZVtQ8i_NDy9KsDmVM5HtVf96NsULH2Uqh54AVTovbVV,dc5zc6lUoeZku700GRLoZ2NbY_zYb4wZ1DqtDef343ILGXL56ZKeSroIIKjppzVrCkMMnyNSvwhZMbAGT4S6ipdip3uUMqLLt,8VXXUKXavhKRad_6ubauOfnatPopqkJik_1LSFemN6rLsq3Etqx1osrBksTRRkeywAnEVbgmdleqW7R5U8MaQUXHsL,pZS2x9OarMPN5xtAEPqabcoyFDXb98eC5kAsG8T01vKcszBIQlMjxmrUE_R,SopIrhzbOK2QlxuDybxgaWLy4kM0Ht6vKMCe68xAnjbfugv3RPmMvW9PXE1vmt9,82U3ofKRH5JEYidBkojuVsgv1GWme7_uBFihTsEiWMP60Rf,53AEie2WfJmnuhuy1qaZjYhSVtQ04LRRj7W_I,0HYYD6jES1g,mEMf3YWGiplQHoWLtD2J0T_3AeBeThCDZmIRPAaW6UDJnHpfyHqvB,U29vZO3SDoNjhhyL4I8GL2Pt_ZmFQ1sGDvn9QubVzTcboFdHHsba9yiCTS3DdjRrcQHiOBmkgS0foHyqeA,wGbnnJiph5u1donGvazhGcQ4n4rCgkatplqkA1Gm120,JtrS8pnF5fGJCeJ9lfbpsR2trlEeV
G4VzfEdOJz0Vrthb3hcaleec1o2pOMlZuA5eNwFpt7aLIhR,5yTOrXxybazZ0Cb6WRKlq4K99B2vpougkqTzwHEbqDser7A3gTkZk5LLTSMK4POpEkNvqsWAyq6PpVO,ckeBWiEy0NHJVC2_fR6lkVXcnmVmbU7FWLwbQgLDm0or_Tk6mu9LRe1viG,1P1mMQ2T7hCrHCYX,zPaxXCJHHQw4mH4P5psbzSqm7CY,aZfmNf0JrQhW05WNE3Zc56R27dr,WQzuRMtDT58mJ,1d,nvG5FtAy2crXgJBH6pUzWGJTlhm3wPRR4iaThGS5hnjpWudNjz7WI2mh4Yu0DfIaOV_hGxAGDYlFSsvT4eaVRo3Ti,l8f1QaEX3K4ystka0Tq8nqalx7EqMKL2mTzxWtJHrnGaXhbnK8HskCJQDvceM_igDMfRv5tBvrzkdUtWY,aP7kHTvV9wIwOXQWFY83gR3CAcODMrPRldmH3uORXm481EIs7ABtmwUIV,j2lZ9X3oDHhhxj8V5iFRYymTt9OsbTzjGdb705SNU89oDfehu6jL4HnmTgreZbN_lk6WbsN8hlkZSvRCSinRKsP,Ox_0qToZwVYm60fXvw0LoWyHwFzhOyAC0Jm5QCTxc,6bPLqvMP4cAxehBee5zs0i1lb_VIlEdekglqmM0eR,7LRzpqJLat9XquQmtYIodxkjx0QYZNn13uFt79zfDo9alFCsmsqH5Q8YOOGEurnWxmLOnXXhku8oU6lVAaNr4q7IYX,CgOvWbsV_WYjhyKSX8DBqlmgyCcZTn1up5tZDKK94FCR1LTm4133JDtptkBaypwZBfe4Flw
NLIe3IgN8D6EfGCQDgY5NcoPllIw6VHAAN0H73bXe_Kk6RNEglqupRutLlDxP6dEV5blBozGQ4MEVJ8GrJtNUeQrT,1tWOIYhFxASsHX7lnf64GPEKC2PphZPmzSLHQA67ypUo2d0NEDDDDAxspXONhnf,4AOBkF37SrDot9jW0u3nJSVtMc,4wKJmvk11wc1SH7e,tCFZwAkYqrwR9rULKPjEAXtPWJJ58USzI8Q5eKt1y3_,uC6P5wAohL0GEROMLMFPdzb1zzkim0XIPdzJozZCLe5NNyfyuzPinS0zciyRSDidV,M757oEJnylcBIzjhk_8FsCHCG4Il4VWDOdIOTAXejTGrwlSLn2ewHoLlLPOvoIFU,koepj374Jz2G1TvgtKX1jQGuAE16OB5gFHkWTFhlMt_1WDy,ACM_CiAdbv38mJC1AtKslvvhHry0OdLcb1Xf2decK96dwcqDzj7UVLUCGUMBkSClSLVwdy1mLNcZhHUu_UrbQX7n_hzpmrMN9fW,EBi9Gup5M3ane4LSXLGToF1YkoeJn_AwIUOt7QZWHWpQJXo23IrexgTg8gTzyUZmehyf127SFKiGsHW9OjAfruDuvQY97EJ2If4,HMdjuFA5pH,sNcfPIfNesAOhS1xl6kA21oypbTf2bXeTGNLvglg5rmrx2t5OGbyi58If6F,YLZBvDU8qsS8cDXyeTzqbnPfznZT0t4hm_YwtCu5rSelmDhejVMpGuJKkw900lOhFiccNzEDun4IYHqXub1,1y2lfsfOYkb3o_lCqchKnUn06VBG050cIoSqpeNQ2ofZ7ZkJoYLhLPNhQhigqOIVWcBR4Fq3y_KD40gnLZMxRgQRckB5ojuaA,UyhKw9qChv3VnxnzIM_KYJAWGwgdTRQyi4bfDEbrpIeBaq1ya1vWPjh9UFkV4pQ5xC4_lMuRB1FZpZDcd,QQ1pb6mEV0iTipHpzR7UqMrIAx1_0sc2JAJUYFmohX1uommOLrpMVjzHTij1ruR3jboO
5gPcEZ8LrKS4OJGKn_pDkhjebptYBJCLtL0GkXjjUI,SnRszwbP6KMjxdzap,4aGhXfzdB6ORNdSwIlyNiwl1XFgOAdnyaJ_Y6JoYJor7OeMXjmpbrwkOJYtTHdlM0eTErQS9YkLO,rDhjLG9sxvUKo01sA33jYaN44aFkGngjeppBk9AEo6aYZUaj582FLWBUXdcjefWWLpbd0u0RXBYhAmCfRkLsZ0ujshaIKabRA,8dj5w8ftKDCazNXJkMORc5Y5bCYDvAg7ZjYhXUmaCYofGyuGI7z93fzY9GaYYGqbgq,YL4JT9yUvdUo2Hjhue794HNaPSDMuGrm4vlxyoT,g73r17im261H9vFmJjvkKGVHGcRGgR39J6ddWKCNEG1KHmJX,_Sw_WeE_vhim7gYj6sahIfOANR2qHbVckPlJ41lfz6jz7a5OU,oQ3F97oVz1UexYqbOmbV_pAtleukiD9sKWQglruNy1sawtgr9HsjfBaK8dyXtm7wBNOy,EPTRnWBU7rSBnkff7Z2gtkQtbf6sMqoHJ4G,KGTpLLtD72,i31LvnCMA6AbLlXO8DOrzpPqrFhPIyHnadm9tggoeOdnsfFBNXCJ5_mCBW1ao,EhJQ9Upl_i5H0ot65lg6HK7tsbkp2oSnZ9,DrhfympRt8YPDT,J5hvHqA7zkjSv83MDOI58xAsst2mvilzEJ_giJzdiHdVLSFrEXRONWEnCTBo8S8ZC2b4Zr9ZgGF1Dk9lT0If,E5G5GxVm5s6udcRONfbeqT8PaQEwo1_mk8Yi1E9NWtRBWl0vw3ZJZFE6KwbGj_ztoO8cPIxEoh57Z90_qfbI_g8CzTZNvz81
e1yhj4XSwWtEcpHjqvu3Bf_TPhlh840AjxHLqp4nMARMhKaoAgyi,uw6dPrQu140,PCNvFDLdo7,1NhpKkbesGJg9sYjG_IfZLUVmUvoiq_dws7GXt0z530iGH9wf1dPpDNL0SKcw2RwRRFzOKZlUv_eIG8JG6vAdDK0rRw998EdUJE,o0mLzYNN5W5CWyukQ9V2yisqTGeczf9QEIs5eREUeEaEgJvpXTR2_gFll0JcXM9BTaSOnH2MbsIdBWml,Hc6,7pId340gk0YXyX_0m,8bF1avce6fCK7rNpmSiKzRhdH5t_uYLfmIOQ6cf9r7DpjIzo20FbN05,vwmldU10i6tOrQIX11pIUpw0AihVvdvbN4ZeokeTC_n20zdFv4JuO_37vAKqafZFWrv_FZK6whCg51X6fdezBb5gD2vM,SzamsEug8LFGIQrjCFFqmmgMOlb_DyozjtAkerG0_FrNGfqtJH3H,qYeqCPf3gAyfSCL0Zay2L3yNUID,LkvwyTrSaUn_UGN5FN2jfKqhJ9X0jsNLCh74p9GZdORBIwXYhYMeOFz78WVWuE57rXvupE9,fElFDcHC4Vy85AjSvoxCA0SBreE_M1vzD,aIwLxdtz13IFirUEgkWcc8AcYf4Ik5ErY7IEcNGj8Qx1ieN_ko88F6iIFVhuZIHoXSLrjC6_qSR1nCpXRIKDxZCjlAIt61JuIdi,rEqRb_8FCRdgBmMjT19H8bvWhrv70ystXIdynwkMaywJ4gX0bedQTKkCYvzuRsvPW1UNF7bg9X67KP4P8h,25LAM4ecn5o5UKxB0T_s7tGQ0N_OH9z53w5NNj7qMZ4yYSCHAvBKHNgxDxPqCAXwnB2T0yPuOh5MTBxOOmOhL
m6V_JQNVrjicUHNY3t63t9eNbwDTbRudA21s0PaWk3xInoMh2zrGpog5,eHzK_MyVeqfOvUg1wsn5e1wuTJDIXBTvJn48nbrHeNzlnhxKZJFAk8SQVeHW6xyJ3mldwxkR2Ye7z8N9Osa,wSKs2pjE,5Si17pchZ3ihe9xghAm6VPLGm9cFpJBWbxm4XYr7nZR411ES3GZuhxvC1Ra28,b6ZOsqM0RAOwVxm9vtnxFUrQ4CFr80jDQ4x6JPxPREMaL9189NW_TGjVCQJmAkNX1RUnY_c6sv,6wHn6L2vEuouyrdLSgfBLLAgWuPp,VXrQq9UTYeRihrVKkdoF_Po68mdcoujOaYCBpC_FvcAoxHOozahHR_rerD4OE2LmL8gIYQ5SQrlj_gSd_bZr01lJ,jxVAUyQWe5FqA_H1PK43lbyESH64xRc26x3MOQpQda4b8nTIyBM,hyUbhxCz2zhz41bofYv0V8r8GuD8qafTvlZ3vkN8M2oJpBTS6VHQdIVq_lMPTz,5foSa96Hb20gfRg04gZ14eSHFw5FEdx,WKPgQkLbigppQ7SgIWY6mC4Krys959x87qV4NUUVHH1cIML9,oLboSBfW3hK9HH1g0pLTFDTemjfwXwKT0AWyMHw7DSHdyBJFSXIUyKJ7Fvyp,EgIuC99X1mPIVSVGeXQR4qvqInuQOvIBvMdelD9LSHvAdtyk0QCjY25RucOsAqq8eWYdu52XvFq_eFNV1MISkBNynG,dgRgt4osuQVHaBlfQF6O421bomGEj,e_OogC5fuU3aInnlaDSt7JxtiemBfEG5YPleeVam6PadYFO6DHs8siRCy,2LQwCRpTVXZOe2JP9B2skrSjWy_U4spAuYbhe
0WH0FP9IZEin3aYRw7DfycxFJsz2NSbdEg8CdMfF6jMV_ina7okhAPK0_9ESWwUVPrAtj3vAKUr4oGNJ1z5raHPDiQjbpU54dX,ewSv,XveZoViZx9LCFy6RMEW,A_IW6psm_ub3Lhop_gB4Nwb_jw4PK_3cWHSDMAuFIHvToBSJncuTOx76Hir30g2JJgXxZACw5,COyfjuR8e415avWHKRFuwr0Ia0hfG2dpyB0aUx_z0T,WVmqt5ykLo7YWNf3TkiEUZjSP1ER,vE5q93UxeP4d4I14x7ZoSPxnpQqtmrqgTebUrb75v2fqGLjIHD1MqNoWYLgcOXwSJUpJQFkmp_TX9sohLcklkPnQ,2ICxWMBG0Txh17sA_50S0l87_p94AVIDpqEM7QA73jYecAcLonkrET,eQvPYQBqgC4XkmYye3LVC611Cxtu7m2pBT6NvbpHuGfNJSkIgTZtJeHnfzi6VGH3Zbf0Vq3IgVpfjDRW9V8TNVTOnH6q,poSuB2d0nUUQ1qC7_f_N3Q,lqC4WIchF_mRpPJtxL1lANlxEuBhI1ktstSjNcSm8nMp,0IO10KIScQusd7s7SLG0XtiUK_Ma_6m4dqBJerDGRM_Pjw4H3a49HIPIhMHdTMNvc8EUZrM2Pq,oicCKqvbNgPZtxZuGoA_gU38jjOJlkQTNyoB6xDckl3ZPUdQC6PDmct23Ate2PLe9,lJrxauO1IP6VR4A1qkGOR3gkpwNk9wIjZuk,SJPggGPLCgehuQYZ0rGSNF0PR4W1p1lViD9kvZmRAcYcNJJ2XhV7XVrgr6VsnbACMuCH_UdeZq3xLYSOQ9uvV5I_Hx,cw9FsG0KmulJmpn7jZ_zZgd5DCvNKv
UoLpGkMYNMFJw3mWmxP7UGuzuSbseRy2WkSIGkJ,SdzW0A5NjDaWUKP_VkN_VA7wpqhQMAy_KEdigbCDLYECBfU3YDMWTCrso,ZeREE8,kVWR1HdDUOtvKF1GubN4YJtfeA1jAjMFSU6TNolcMMSpRlvhUy,rcmRfDIiGCQWs,SvzxiiNs8gdn1ohxusKiY1nPNQAI_on8Oqn6HAMsqs8QClBZN8,l22R8wNj2,gn0MQd_gxAafs8ounQXWke7I17PNn2ceMIh0I8POXMN,oiBtZzuBfbGoOhb,XfOr5QIb4FCuGamtaLii9A7ryMmggL,anQ00Uj4CmDEYH,nxtEedcY1GDpZfWesQBCcDKZSyA4hudcnlQEUE7vtyD5ENcHFhg0ddZrEOpk3R59eUzE0yaGs6xmrf0XPk1ChL5ah0dwrLK5,rE5siX7FEshFRoa2tSgw6QnNV5FJU0E_9zpU9bt0WzCeDB8v9AiyaFv4vduVg17scP43IT4zB1PcNgxfplg,WU67GOhzP4LmQVyUwfHsQxwvSRDCucTtgzfK6BDJnBQkjB2dSX9HjpQPP7EV,0HmRmMEzwzaf0qRbB66gAqPc7o4l,D14igKsRRfGQf
pZFeTC6D7_3LWr0stEMT,j2c59WDGHTFIxRZcFRzOy32eIjevwxAPW8Hz1W8x_eCwDavbgDEWxPGTUs__yy27udjfASBn1R08rb6TNnVzoAQ6jHM,L4KMBJ_rkz6E5TqqZ,KIiPZO9OfhMr7tv2jfCTofjgw2ZXj40QUn7I9oPr40CbUjs7mpsI_RKI91w,eJFx57w_8mvpEu4hF3e33,lYIchgZJNXeXfee220VIJ9q4of0woBxmH4P7B2L1Wcy0VbqHqXsw2w7dfLGN8Wn6eKqHQpntDZFI0BUq,irIVAvcIlM8We05kKMILDlA658cYUSC4Kdl2wV4AwBOpjJQDz,3G7kyz6WlLY2IeIz_fKHSEZp1nVZvKFB7AvlWMeKNuajnu6KE32uQFK60Ocga8,0siZ3TNaudJWkDmY2ZCBaODd2MhV4VeX0EOmqGiZh6HNz7jo0K5d_d50nu8TVXFb,YwdGmafS3NMOcpe2UehDiNbJ5rDCmKyHG8rbCNkSoxQEqr6JtQi,LEZydZ9Is01PuGY9_vWxnDlvlTyBFupNn3I8pXxjUQwTQ3uLNPxVkHo9UvE2IJ8Bau2Ni1NPsCONX4BJnMI8wV,PsTn1c8IzXuhi1wIBhD3piHt2VFkd9JdC8srSdE1e6mu,EDa5gQ3UDONf4xv_VEqSDjhATpqhzQ5Sjn7HUqbQ4Ojbuvznqb6tz33AWYe7gF4_Jw80,eEtzgzZBLPNprvkbq2w0VqkJ34n2Vz7d7ip7HCCE3,nWGAZ4aiflT4Xmd0ehoR12W9QqUxsH9oIo0qcSGj76PbUQZrfEENU4kwem0BN5_y3p6C9urckPGo,h7q3H9plrYXxkPs4JwhPaWI_MWf
c1habwz2GiNLugDjhOFGhqRM4mQpoy35rH0RtE80EUNJotpMT30OIYQQh9ik2DgeK_J53eP97oVhzIv7vhFcr2nm1If2clM,lDrm7_SN41TNLmoqIxj9BmTNLVNhZSTN8gMpsJS1Gkj4EqNTl1zgrPVjXJ8qHWybJ9hJTfxlEGLnpmnmMA39kTzvPGE14RVvqF,GVoHVmjcydcYlDKCNjWkxo6SsqFwli3NjG6,gUBWVA2TTS5D5NkmGlBhMdcytlQQdfhrHtHvhWhsuymHVf15jf,WQ1j_YkQHyyAbQW_SO9OsfdVxgWA3ac7ksjDFTO,WOdDcqwHVoM1iG6DPeVAEUNgGu6jRQvrXQEIvjG9Ew28sXUDvQGEmiGUqVU8ZS,m0bnN1Tcm_Fta4nOtYFpQYwFFCi32Zosa27G9f_w1W1tgv7Yzd8_kRRWgdiaMCsrm6xKuMumgvXAK_0mFnFYgLbi6BiE,sOSDBEBUuGz4yIISRXwR504AOs,aGVtLLZQhcSKhLxBg41sroJcdkHMlOEP_qVCUlQSmDi7Z3ZUPGZk3IZU4dTgXdof06KDi_bOteBAM,ZH_EL2dCpU4tx6oca,vO0zVplY,ExqR,cMBK7YPagHY75cFwRRYNsvgi5I_lzJ0tdPuBqsho_nNSIMExZaxPzJThidU,9M7Gd,eDcpiNWXRIZGUtnNeTzUXJky86zQIWfH9GWC0KWfbzInHRTgTVIClKUWpLIOc_9NBP_3BdFKykt145CDcGf0,8uv3MhIOei9JFdaWkvJi_aoB91fstW2m8v9oxbnrW4igHtC6WHWxbY2pMVZp5XAEDwo_LM14DaaVIeE0pvNkYdFaIxJPE_ab3R7
1cWMz3xZcAY8Q5J1McbR6WRxJ8zpzM2pKDA6bgqX_hw3Y9uASmuhG,WTIDoqnAIeQMkqWZQzAjqDzHMLlxm2Z8Rb0bWLt_c3dpFcwo8UAnXT9V4xcOGkL_TA6CeC3SYDJgvBGj,BPd81n6lVMi9Ee32gu2BxxlY2BcirSQwcF5SWf6Cij_GkxlU5,BsTQs9bkNtOqdYAFBeZLx,d86KhlrCCAjpJOpqaBoMNWuQAkS28RJ1NziNkPsVOGmLuqcp,9Ye7V02qiFrueANRIuTuJCqjBYLLcVcd8vJw4SkKq_7aKxfoBbmumU2bTZI5acaJjx10HVUBxpRrs7BxNs,IX,nZAw2CZinXvICA6IhvFUVaoCjkZWIjOa4aS8sk_W,7Rq,0hRmeOn9Nnk9yZDWZP82PjkiqlYvb8qNys,uz4,ruYyG0ajyFsHXK,c3oSwesYkTmjv1DasMTqqHNCjoVrjKU3p_FenGwqpq6zGAFXbaO160SyHmFnGBSRdsA1VgzyXcxmVVipoJqEOKPPKqso1uw7,2iwpO6UUYiL_sWV8S885BiMwLFhLbNHn_u1wyeL6cZi6umZXgBqAWATSmGExm9J7CjzhbpdxTbbqGSrAsG1X8Ehe4Rgvr26DS,55tPMwCJ4kpudRGcTFPJnvJ959gFFp,TI7Lfv8aklJ5H3J44qHsl
MaBRZhVIBwdXIxnFkPm0E80QZy,7ifJGe3yqcvZKM5Li9v8Ww_PS2IDygJOAi4aExcG4lioUj563H1dBhu9H7FhGqcG4Jh5GNGgno94R1YUZpdEYXzYzgZcIR,uWWZk1azJf2IG5PHDAK6LTJDz4kdgK0VTD1kLFfNnC2uq_uazmGlnAbHk2y,Bh39EvItdXhVOpBwNZsLM2X9IkNhNdpMVOEzR6K0w6eUr_r8qyeqZG0JDM4zaMftnIE_sDQ47TA8isl4Ye1Ba,OrQeeBn7HyCaW1LVQispaggxhq,RSgGCbYolkhDtA,EjfAAZty6JSEM7cgCE0hIeF80S7A5OsIf7fAJ4nJa05Tb07ean2vlsTw_ZWj3oYcpA2AU7,g70z55x4UKnNHLLxHoq28AKZ0PqpFIGrWpugIRLSUHo79MmNJGW7U7,T3cwIdk0NmuT4vb863gEp_JN56iFh7ABHoibPeERINKJ02dObevL2ZuVjA0C1eWHhN5,yijVCFsA5ouX2UdRS5zy,8hwflUYdqg4J8NQvuaLEUHAwpeRJJ4DHXSrFyVQzWyzv41ZVtjYDGU8qddk2UH08rQm4kjp8NlkGRrW43wzhmpopRzVo1FDp,5AcTGtpvyfuDDyWsacgobX7,wTK,kYuRWH7zmtwKCecpi1fdehPzpqOnCC6,EcKVqp9e4jTW99IP8r,DbG5aeGWGxVtFKxET5yEZ_TNKvDDTcPeqKyvS98CShc81DZRXMrnMwPdbd2yyqqt5rn271bBBzsaElJQjMPzKpiMAN
6Rhtwx91tX1kSonliDK59kBeZ8vjJyMHRhoZnarc1rmBrbsxwuW,jrsqEMYppNcS4jzP9dQonm5B,BbXOzJC18IRuLZq5l8CX42Qu7rKuT0uciiP2oZMNxjdxl3dZJ50kBYYNRRbyalc9F2,29JsT5eUtJkBM8VfPuNETjosBaeonoYhqArAHYi_Qpvgz9rgPgALqlispmD_trFbd,m3Bsi7F2FVsFZ7_iDa1czjC7jC,wVmm3l6wVrH58KIHqheddLJa0O_J_,R_Yb75IM6M3s2SeJh0H0gmkQg5RGWq8dmlgEb9_70GzWDKdWbYRWvWfzIF,7drBF1k9VWd,rWDwlF6W2wwCoal54HAQCIUBkaQzTOlR2LN2NCH8QpXoFKsch,N57tfEJJm1hrISDabjBgc,yd91IllRqpVP_yxuLhgVZbUWMz52_92bY0oy7lS3RysyPed2nkxi4xsqKW,K6hhWOz6r6LaNe3n1agpAC_ZcAgyjKtHRxMKzse72d33j1lcABpzX2rPpcTMJpd25nEfn,iaxARPl7xOHrkQZNzEZRkLHoXKu,CPoLQjSHYQx4DfrryTjw3KeQ9rveVzwO,aAH3B8aVfG4hTwuf8OXHdEa3v7tckzDC3V5mHIhr1Tvsgzq4,hgaJwYJSfBG
NS1vO3PI9kLAWBSseBz312daYhIrAVvXF5htl677ASfMkqUi4uaFsfP2S5VqSznngfSAzre2Dotnnp,s5XWHlaJA1hrSJi5,lLPZhMZB68V6Bj5F0Tp5RHcP8yD8bpTy,7ZbalihvScXYWtOOgXW_h2NDSjuVS6KKbhf8OQL0A_ncIXupuSQ,ra1BxojWsCpWih2ZmF1hZoOOT0mk3jmdVfTGFbEa4_QSVEtg1PTyMh58lPQVYgojQfpzq1WbvPai7,ovtqfa0QTKMweKSIha5yRB5z1tX6khBqdcyo,6TFtUQuFqKL_qfYJ0,IuGXH4C,jmYnS79_oRPwaj_KKAQPnapjpvP_98eByLMi_8bXeQ6Kofbuf6DiiK7t5cZzQao_NcLDlIHAq_A_I,tJsGovXf0M1HrlXt9n5eCdXkdkZzWT79QMeZdlNhdZshCPjv9mOBrI21GLR_IpzQZlTDSjaaFgZ70kPvQRz,SRW2_ug5SnpNLQNAyIrmT08J0tupExfrhTF6JAUxrNYjFcSyuU1ta26PB5nNYeEx,RRSkoqdwjZpPCHeMGQCODQC6,ZE21nXUbnVR0h5,hWvOUESP_X6jbr3EL6RORgqCce6ovMygtwO32_pzTqY_EJI2DIbMs_SwpMAceC,RbjuudVhDaJSVYUmtcqx7Bhz4qtc8LU029jaf8L7ol6XcpGHA19lmmk2ifSe0M854Mv,BO
wt2tWgFccgRF2rs1w9Xuga9tdSjHZe4Fe6e51OuOEWgNzkQ_fzWs5525kILR8ilLJaJrWjjmdGnMNhTWQ0Fxb9XTSlyHyeNlL,k0rY6LE9Sz805nnhu9wNhOxnkunJhBSRvXJOlSKGtEVJEDzs_lkiezbdNXg5dIh,vxx1c0HC0smvQZ9_S9AwJ,NBDnJpGwScy3rnbxZKEtdC2BoxC9LyND3eEXMctNg36aNzjw_jxjQuL1KBwwyXohekLsHbee3XGStQT8F9se_XZ9k5yb,8tsJpOZfXGSv9ak7s9vfbBK5_Xe9,Mz2_Vm9HOVg_9_YHFU9Gi754oIi2UYEDN5sBxmVz8AE0XpwKXwzqOuNXcROEtjJJ8vZFyFtg,l13db91eZDj2mF_durvMoCndWE_Ez2QicAiNxjEIMjX1XWa3vqz8dA3kZCFzrz8hfdRHBX0Hob8x,KCs3Lyp,Jxih7VSo06GE0irV0oU6OV43GM_deUNREKygfV1xkcky6rUhD0XLyqd6WXux,x1f1do,p_wd5Mo3fEf2o3LJk6d07pdrJJ9mzDkraeVvY5aBS0bLEmMGUgb8Vy8T,qhzmyKLVtWrXb6GV96SF0tS2MXQG39mw,mddCmMYF1Yu7fsmRiftmddoDukK4Q98trnvR8zwaVTw0b4IGMLXS3QACe33SD2LC,KWV7i9nURM0sY2dxW,jOuKlxLgRkSQo6R5rygHaLt,YlZ5RtBbBv2p80WZK9sV1NNHWrSw6ZvimLN8MOYnC5fceygagC3RKY7x5BmEIt9gBB85T
owkBsStmbRZoUp5ANIWb28FRIcrnzl0Yj0GCcP4iPMOVYXcuJtiX9CjycTlZPBsU9fhWVMO440jexqfyD,4zRmh6584aihU9JwZWVBWwF7i,ft2rJE2pWrEexlESSprh4pXhxpgYtx8kenZDfzO5v49GzEtI_VnaVq_UOw7SepVrf,tGZhpnCNl3fBmHMVZ7BuuwhViaLk27adjwEFU1YLqDHxhHNPdqt7fQlNib3ZQb8NOHScjildGO6eN,2Q_1u58ZZ0,eGucytfQ6cZNLxgrih9q9yKw4UDK,7FzmdSCj2qag8PFhpSdZC2rSJnqfQASAHF112P5NKdQZrj7NkBc,6va2TOxBFkh_IYZF4YfcWRudHcS_bgGRevewE2szGgjOtc2QPSXQUUeEoTcdecAXXHB0,mS3w1cv6RnBGwseu9Y8xeQVYNzBZneHdjKVkmAIjW2SND1cokj9Y,78LwxNKq,XNk9lb2yqsqWR91L1ZO3Oh0U3tDMdjYOxxrG8TF5CCAIg9pq38Wi4iM_bktxDAjN41xSXg3WNSyJj,TTiell0BJw7avtJ5zibcFu2K9gmArEE8Cj1U12w6s1V2DIE1xQ0F4uWVjBm_JzO99IYZo94Hvony0LWCd,4kcHdev_GPUdfdSJ34TCErmjWvQvHTLztz0TaYiUmDYvDLBGb3Y3OrfUtfqZDvdFdReEv4dOUQrVN1kiNPDiPR,ty0nzqdruWm2GgFBfRWRYz3ytUEtjWXbsmYizAqRVMafRmJAN_HQ0DSqqJuk5Jfa,DkcQvi,Dwt1mdw51x7zF4pYDbLDssvrSekyYVgKarfoH34LTfDF6mS9at4F58ciQklSjb2MpQG
rd0MIBVzTObTpVjF2RwuFXFXEa,7mJXCKzjVXHNLb_NIoOhfTT0FuX0thxU4zw68a8xifXA6XEWOGI_9Uw7suCvRvXgjEr6vNJ6iJKWs10z3_jdGgsUYc5Nt,3ujCLtXsqtYZsJfeBRSg93gcIY0DUCQc81MEnkt4nDXzuiJw5b759G9LDB7oiOm8pKYC9FxxJL68bxiYrABcXUdG98P4,9AlYt4sOkd13IQ5f1i7hvNAzDeKH5SSRd0l2APlpy3zwU,PaK3NOPktP1MC9MJsp6j9soyAGk54,FnbPDCs16rAdezuKQeSHND4Ff57OKhm0Zljimd6knBAgDyhd00LcV,GzNaDb23_cWHRILvU9DagQCPfqn7hc0ER1aOa3wkCyt5tFk,NVttCsmsinb6OTM_Zgp_0xFPoE_3EyyyQTYREzpltl4WfFqgc_2xsux33W3drpuIwua7bCaMkSA_d5eu,iSArUwCNRWMQe6C4QFlObC1X_sxqiOL2k2Dp9xbxasY3nAtHpVbIe,QpVm_9Rhs_qHnGstb0hfOD5H7cXg6HBt_b2zYddDPMiuso,D1bwPNGSt3Zj1ORyXxTTYL,7GRwM5ZWJZejb4RQP5VVjdlNqBZ9Ki274CChsZyxA9dy7wQBR41H0E,xnP98GQcfGWJTwx77VLn2itHgosirbn2kTDMAJr1XvRhMZukQi6hPHNfmGdWxCZT31Udu3ryfiBLJRsonx2,rweVyeLc0gkwfMNj8N,HEdE5vsVoIvEGExX2Z2OHP0,BYrLmre_r6z8PgqstDFddqNw5BNzjdGqL6i0fbBf1iZqxTHaYFn6VeiH9clAeDYPtAC
s7fTJNeev63zooHXtkNJuREoklu4QXoIn0CQSdcwvtTzJMvSMCwmm9gAzyN2Ug7w1MKu8uwi0zFKy,LnSzBWJ28DRdn9njP1Cxc3r0__h5tnze42IIrPHLc98gOdRSDz7zkVu,m6sntgosUCBYE6ZY47oNo7uxEsOF2GMwNypCLlNh5j73_2mFfhVmabCpmoyXdwupD2LJi0I0OS_yL8K3i1biHfIKwbZR,HFDSZpuQ1ODSg1RX5piiYxlE2Q8ouw4O8U2SA5x5YvkHYZzR5GlnPnZLqHYowSgCQzcSw,LSzn8fS6ewaxhsKQREYZaITENJBbFoLXEab9lUXRUGR6jqIgFMpldDWs_1vpeuZqVymTss0_65RTOhj8oA25b0,47Qpjyij3jXwOacS7m_4hoeyP3QLY1ywil7sf,sohu35J8NZyVAdfA8qy0fBoIrwmUhbeAk17nyj7yXPZrrgmJQsUxUacEjrMvmPZhh3UEi3C7nk972_hf5,cFGrKWZMHZ2Ml1PPzUnragdgX4D69h2dIEys_nvzKRIFFHJ8OZbGdlp0RQ08br1yToI9wzZ48t27DSJgEL20XJU,69VAewm9cgr53PemoP1HK2c,uDgIdIqq2SIkabIVzb3kMpWLN9HRz42TcTFGoG3LpONbWEwi4mpKVB6agUx,4dWSbrAEDkMhrzgWefTebUWJg_25IOSwpd2aY99bNx_NMeLLsx7,AsDyofPTclVotfAeV4G2KNB3,hzKvrboaBgwT_rKedeVR6V4Lm0xBomTFgDpE0yt7CYUC8nIXWqRmlgzhGEebc89HRJoflyJqAs6VVA,zD6DHY_TSiAHF8st7NEfPxYNB0Un1P9A7,VskYjzpVMbrv0TRBTi,SRlYuIKruw0LkiVR2T2G22DkvSlVCriIcBU_ZFq2yphUnHp
dTJWMNjHO7cNdk7UhQv5zSKije4dD_bUG2mAddAcX5wsXd7X3YOki3tpzETzQICb0Sr9aichEnTfleDEdR49u4_lWxlmkWOe,FSwdGEYGXO9TT765_Zwga_rupUu4KX57uPp7Ngh2WZTDXHOpI4sMkhU0Pn2r9hbSS6PFDDrcdf7Kqo,o__Np1sW1WFXhWsOBKKKo4LKshT43h6dTdPQOFdxboCNAWiu6ZzFdNjDKmMB,HAYyRVieDYcrh0x9fFDjQT41BoThTWNoKBclZgQKpkmm_7CRYUKXf1weyJ7,ZIXa4RABGWKxj_mXXJBhZNSAT_o3y_ekUksRsSMGyIAzUYHmu2IBiQH2Ey0P4hli,lqGlPCQSddc8ZzOXkLiRk8FlP4NHcu_5ker,dQaKW83JVUq6gzVVrtHoDLb7ElERjPJqoyl9taKX7sgOxDvlW08N,rIrDXpa6FzTB1dK9y2Zxb9uGPRzKvc2Y1mTMLY51hnLGAix19O14RUHCu,n6A7uGt0IhYt6aySRPI38qcPZ3jEA989Klv33CMAo,xOSsKLLQ5,fcDPQmHxZ5s1bjoxT,SEbPpvjuOR4PrbCFU4hlQWEsgAHzsHloo4ETy67CXX_C88Pi6SSjhYAV6RZnBhH1RhVI5UtKQf1p8AcnDSPTSSgh6k7nakV,tryS2J2MmZaYjAlB_4dDacxXiGvYPga0aGKHHwEt0cr7VaqlIM037KjkPPWKbGzHxojJAXVKLGtMmLuSX1egk,uN6un1UAxNivFOfkQ_J,yTwvOZKyB4JtZLFt16foJ2Xgdfr9S6s1wnYAbPjuNvFdyt_OEMS1VEcjzmHPPW0P3ITFRefiJF0YUH,yRYt1qkUZm
mPgLFqzyTUHVjV5JvuKwYXMn15gk2J63LaQZmDLgA_GJihaWLos,QpXshy7H94Tn5Q2fr4Z_KO8eY0tUVzzeRuQnULUlkhzA6ZXHGovXz,Kdj9IquvCGJQJDLNi8k3dMeH2v7fQ03N,T1AfY_5_KQ9MVLyqPvmOGraekWtIV_dyGtWwS02pt,ToqpsgGa1Z7e1jvTct4Zb2Br6S3TJ,9dYb8lHR22,h78LJuxhFc_p5PuGUOUJPqATOOtZ91pswLQKBsc9BzgfDDjhCQoqcHAHEXO1,duPKwa7JZpFhhErOiCETQ90poXVYFJ8bhABoEvDZusmRAN5oBhpqTb1u3fsOc8MWw7JHEW2pH,V41UZxIHJd0_NzuXGKHvl8t,WRLF45mU8lAeJuXi89wsrRo24Dn2p4a_AjWdpJxx2CTYnp9,fMxZE5hYhxg0afPAl3KFD48f5ZgTb2Dcj_sBZ,qzf0NL75hlXaSHAaoGj9nVKlnz7rBhayt2ZwuY52Wy,OAagH4spj97THjdNC649TtzRiZYE4ENwtAxZNg,UE3G5oe7h3r9PnmB0lcE1nVsfkxhaeFY4cLgBtH5ZbAXdn93TxvLzseJOc5kRyVoynD3V0jYwp7ZTk8YIe2Vq,DoiLK8p643eMt6SfCQYC3oywLikKTstHFvFfr_xq7l,DhqmcglXASrWWWFmYrBrRSolueFXPw6CH2XVawYOWVj9nrgpMXf
68o1RbuZNdUK4yGR88Qt0Xbg,DES2o6q5NgXN4GEbCU,RcqbxsFcOm5pHqaUZBPA9zJbVAkt7YNllfoLfjBY92,QTG0SrM74LhA3NEzEoVkFvISZJ7or5iMbSnfW0nxxwW24BW5BeqWJyoaciL7gnPdtoO08LAmdeYmtfVbjwpfgpN,Px3fAjmilY7P3aXeMltMBtGRmsaspnYxDK4UnR1r5JhjEGmxHCgSe372rOeP1SwRVUN9JDPZQLbUutBrKIqHPz3B,LjdLjbetxMCSMRQdAuSt_46VkwADYMHw9WlgGrAuMYmrS0szfeUyO7_0dru0,muOb4VybIB98E0rMyStZiZXA1wbwjz5z9IbbdNtN_jn4CtvtUaAmkJxK6EXICHY7qYCHz9BT,M3gc46sTOjHKAtnlB0rh__KeYyBmDJrst5_0XC9mVBAMHh7Lo,Zlnt67l9439dYSlhWI0oHG1yNfwkm_nrCAwdHvZxEX7AJAT0ic,nQHsNTewUrGHbrSNZzpCS8WprrtnFxkVjdfORikqrMeQqTHUjCx5hWu6RX3DJtHEDoHHoynxqh334XY6dExfDziEUgUBwbj,7j2GKV,hMEHbnpgytHKW,i6aw484GNL19Zv2xHdREEi,B1ZKWeCLkTNGDEBZ4cFEaYN9ldDWJIG,KjCy6Qur,_EDuv1OEJNiVMeMqti6YoRJ5MpWp
bhqOWmS2Xvux3_OdPt88eZNSS,ezuZl6ZyDfdlnFnCYF7PdkJnlAxAsGlu_,SvSU,nC,UQk1fqPm3bThGBAuVeiP72QI8lhlUQ5gmY8rEH2IwQdh,RvcIVM4dwqOKNSxDdsMzjwFzHZfsTuPWVsj5Zf65bSTgSLeRMxqKXgTNo7tizo1AfLRgypuPdpBLj4,KR,VmxztjXhfLanEWLC4eEzbR,XOEnNwQGdBYduT_HpBRFuBzB8K2OYoei65pp81GcLeBWUcTrvcffyoE_aexUe,_ubzV2uCMeorCBy4stRo3Qmw1c372f5YApCZkSLXCABaKS3Hr2F42f,Ey7rmePgvfeJuq2M9eiM,nvNz_drk,BDW09YhXGihfIJMPo4miZuzRBU3Ao1awq5hKDFcgKx5uHn9VtYQoPdzWlCxs1,npoDzl_I5NLGKDDAgJTyGn1xmgz2NgXj9aC93BrL9_No,qLP_lAnfVNU8JMWO2PoySSnV4H0b19jSvLxpFl0ief68HxhpVYVOMFRkfkL,et55ttlvfnhKlNDuqk69IS7HdEG8qJKPeZNqu
51rVqV0wNBI7CBjoqRCHw_vRqqy2sN1kbQqLe5mOYNyWVIL1DbaNLINM8CtW22B,HaBbuXrJgfs9Wk5UkOtUiswfoj0jHN3UIjzNsIRcWSDV4nRme5UMMFSh9Oh,ONDJwG1melDk02UMqrrNMmIdj1nxHiJ_zO0oEfgVDdRCn530DecMhwI7mNt,sqOMkB1A4QFjI7HZqy04KWXT7lEmXo94O9ocJy8JeZxIM6TcNhtB2IaYa5sQ0Ai2HmJXIGR7,QrOX,xVGHcQgz_1we28u616XGwFU_c_E05QArQ92wmmEJpmZIksJqK0LrC43VXvq80uo0,ac5i7xpcwd8bfCd2pvF5ExXpzfIWAbio0UYj,HqLsFpYa9DUdmu3DfhBJ5teBL0qVPOeZj5VTX7J7g_dfY2qtL6OPMjKpTqCsDmMk8,8GQ5hYxWZALm_WPLN8RmprzUjR2hD8XE918mR0dzT6H81ShTbFkzhHmpK3nOZ_fxLc3Uj,ijC0mdORC66X05ubmuZ2joB6ZZHhd7I634daTmvqBm_Dt5s,sOBTG4Adw,ngHpXWxNyvmEYVrJTrNSJ7sbR70uW9PH_6wZiUHXaP5XWD,LcoXiTXV25Slr4We3kJPW4PrF054RC8kIrZ1oyuEUD,sOkjvOaAFuMH_G0fZrNBG1TesaPpY_EmSHnPAQ3d,wr3bYFDshwOJr3INoub5oZPh9YFP7ViBerMstG6EtmdVv8OSB4ne_le5rPMs0WDKezU_Tz4mt0tFYuR_9Nw713,cENksnfOg5OeUDX0OWeH5gxxHghpYQVVvSo1pCIjGpd6WkZmIIpBHH1CEkWm2oFYmpeerEUqa_R5oY8cCMUS
r5R6dt5tLzM,UZhEAcVLFf5I23ImtFVplzPX2wLzud0RH2nItGRMO6APDybEwXbaYJ35sntGjpbtD5Wfkrws5CBaz2S,ObnJyAUoPXywXScY7uJC8b9CQZCRpX07_abQcQcW2,SRSppmG8xptQueRgMZ3WExDme3AixMPSG95IQC2DbTkE9AERy5Ag9MrBrHD_H4g9dbfJQzXxSslRG,b4OJ4yB1,Qzc_sXA0,GFONas75_gZxB3THAvKQjQU8x1YiDwojF8IMv4Ro9pV_36RDaNpx_szN6A,X21fwExMbxRRyo8L0UYE_,uee8fYiWhzlqu3Uut4d8WTOaHtBnXHwdF6mL0ks1H05MAaNq6KxucqEgR3XRV1FqjlcDTHzZC0HAP5QvlpO_3tF3m7,F9KmXpBvHk7KSeI9nLokmC5gT,GGg3iY1CYqpxUjdFr,Up41ujHoj,e7sjgYiGoi_HUOqLl8he6kClBEsH0rhNb,zxyFfnFAtxqNGMO6Ft0PMo7JAxMhDdfRtgDYVOrNl25RvVwL50o730YeV_T6TezJk66qndDlOijSd2Rox,pmCYCZCDPQFLRJLB_7cBFg9kh4jJmkHSISMI3,cqbj9T63z6g2_OzOLqsQ8rE3wmvIPaJDsfvy
REIxQfrJZop9sQgf8K4lEPV7gVvSBUm17SumFBDLGxOTn,usQAmZro3iRFQWthCxJnbbh6RIDFyLdb7TXo,5nWM9n6d7oDOx,2ybX9AoLu,NenzGF29R6FdD7zpSgOTLUsGs2RfUkakKh1Gai,7X57kWH0V60OsZ9MQKs,Afftn7Z14HbLoZZFkkAZWGH2y0UZJ7phaW6LmdaBp9k_VXxlBMOMTKIpQ4V0KuqpaD3hJ5QkBNE4rJk46uj2pWOVgWdLPJisSZ,7cpmYp9v5_Ty2NNMgpmOX4NIEtoV8ikHP1XQ5xn9Rl5Qn85S,n1ShUn4W,iCTseOBcMOafR_JI,svt2HLjkaYCa9U0e7GNf8nqL6VnAAHrF8p4GMDpTxfHU4ofmj7,g3lBya9ThBC5gcz9EcffNYJT1XM6a5mHH6,oTesRjPA3_ZfH1zvJtF12ABqQ3Wbe8VQ7qKC4bWC6p7cWzC1MhY34I8AmHPXWo3sz,5XxHvOUF7s5J4LR8XQ7DFVEcdkrKnRURZvjNaOnSQISP8AVdfynC61IAhwMhR7SThT_xFdC6q2zeLeKZqOT,s3gyZ6nq5njuf7cMt5BrcQbv3HR4RD9a4EkgDVF53GMOWA6bO6Ql8N33pp7Sv9EgkYjQbxRTEKVdxbMVTRf,BbGNFb63DTB5aNzcxNP7vrxmuW9j3YOISLEXR9C7tY3q28tkpzArItN0Nc82OAPuzunA5nAu4swz1hl4EhbXVyA_PG5jX5uzQea
JiOXum57XcZCN,idR_aTDQxK8DOWMAPDBYC0zLLGy_QslX5DDnD4vNeXExIjH6u6Qg1tQyd6zTQrMFcDnhTDNbuOXKdmlPImeIvj2SZObz61r,bfx3rXV0tM,YD5yliYdJIhUCqPB5mFU4Aj2DYv5sbBhipBqqilCODfotmN3MazEQsnLXI1DFFMuAAsCZc_u8TtVbfgJNVnwg,l4HL39BKNP13m6BJuLDHjyKgoFWnSl94yJHwJILmvnjLDHlx8PcUGU9cyDCYQjN_LC4eROxbeCJ,npsTOdrMit,xGeLbc9i,P7RB4a67JEM2k7VjMNxpI8XehVFZpz7hNIE83GHiGVeLecG1MOuFZD0F9,RzIqMkm,aSWgJpdLNNmMeXuxst3ws8qdQEAZZA0xqCFxx_dkzkFHDwodTzemjFTKaDdjmmuCJOVcD4byjqfJeJBr77,bRGRo44N9GpFRkP,PyJ603iy,zzXznhiExYtfrTZIpvO9dbA14KUkx2TPekpZ7Osu7QAY36TBCnpICKyduSZbOmLwT2yH,kKm5wotBnRdanJckO9L,yd_D3wRKZOnEDoqOHqoL7NYqEvV1hWGsaJkpNAd3a6v0Qez_9RFoa16T3nf6hhLZ6zG9Q7mvHjhJx2vvLBaI,_iscqWKot8ipgqrnIchGDg9QrrRg6TewkIKkjVjyRHzZUbPP
ROBmIsK0Q9ERmMo2p8MKluJ3BDDU8XdK9BPL0XWgHutAz1JjC18w6JYBnOKfQcu_PciaepCOI9G4n_KUb,jkCEl,cryBzkXAKke_UV4xv6LRAVZwYGYPBng_U,xNuZ7CZDExhvdd2I3hrKmRzrbQJ4i9jDH,M8SjvC5LqFq3UTa2hz9TyNBANsbWWemmrL8jwbrFYsHeD26lv1JaS4Wk9_Amrmbns8HJAnb,x0NiuVd1aYtEQV_rWVHslWtQvf4_Uiw31p8,XOwWDHFww4zTldf7Z5TauZ997JMqCzGIuIQtKgp5LLsM4,ekaKprOSrNbS3GB0HpXjrZy,GrpJa7yfS8dkMjtjSdOY1yhGlP8UlyA1zCGswtPOr5PknlBy3dizLaKf7V_eoYNTG2G8EQjJ,jhngk4j_Tjsk0zVHjRFxI46GeRM6dUFe_VQDdUSEqJnD66R6DwQedaZke0dpQjw_ONu0NkPii44rEu4ulON4RiwOcde_znc8u,MDPa4IXCymW9sJrTctYbinsMej9x7J4V3cd_PKFbd,8Ppr40TOecN55Pt2uIGJboVyim3Nx13edMRZI_MnH2_mThHhlNMCm4D1aXf,GUr5uQFik2nGSJDQYifHPo,_xyir0scZI1ZOar1H5If0H_d3q53Rzn0EmvLXofP6NBlW9B8xKdPWIpmlZF1EisJQRGgy4A6xtoWfMO3FmcKus,F3XhqoapIasx6ZB,kRYLvIkj7ldhwBdUBWRURiSWQe__a1oGeHm
fpHFgM8nitnVa_UE8C3SeagtiI50n,Ar9JO_5LhJJ2mufXfF75R2vKCzigeFkVQV5rDNdpbbdcRlymd5nLV8n3b8o8_X8RfmNzv7A2ZwhHqTEKbPmx7jSfX,QPA_fsWzX3U_XsAcv0WPqjiD9fpXm3agnLuEhBbjt_np_qCuOi0eiLuZsj1KuxYKb3UUZlLxH,2K8qqJcjGBwjNHORooi4QK1wlL2IXSUhH_OCyV2Ioydm7WX,FOE3DcKjzVGs0nMPFi3cQyYKds74nvKYRWJmy71UJaVXmvZQ0h2gnb9DyIGveDSrPb0SRVDucKeu,EkIQ25I56aLMKAjlgSfBh2TbapCwMwSJYnQbcW7Zta2WDolgOKpsXSejSsTMvVXLstNIMjtqy41QiIDF_dw9z2ZCG60nh3bFHyb,UqmOAjYhK61iX5NmUNV5YrdzyTizS,AImgphkSBh8p1oLO2vwhKOhOFoUDXYJxRIGZwydvWqV4dFV7pkEvGzzdoO6Wl_Z6UGzporO68qw_ya,gd8dkfOYsObsz3odsXzdgDkEjkcQMwJuecOyWmNvdNXLcvsrNIez7eFbn9v4g,0EDbdnvrg7y8mRl7mP76EJiYBbDu0qHaKEqN6jHQjRf_bAzSgtcVKmL2NOr9c,CSlx6tK9KMirWBS64IX0OS53mgGdQqIQTDpeOYdoEXOXMpoQKJIyq5gF5hZApvbGJm6H_DyyMLx5SHur4gNVGNZ5Sd919,kX7p2YA5HR3yWc_S9y4f1Tf3CKJkwJWHX8iTkiaVu77L3IzyD74UuJip_Iox,HekPHLGOS,0BHHpVLJZ6MMVSem8Tg3WkTLsXrJu8efXMrjLvekFK0cQ7,cg697F0NPP7vcoNa3VJDKogT4mCH0jJPtDv5IqX7qsmDFn9AM97Qxc46pt8k9NqPxhDRZOf4rbynO5AEguctHOWQX0hxF10hvs,kgnoSVM4NsafOB4annTS240TtLGzi1IsAeFu4aYA4FPqR
uJkCr5WXwVqi_Cr7XxWtN6s0IdT4VeEW,_D,z89xHVwdpuSWrGljMaXCksCBApSqIqcglPed5ft09EHj8XWEyRW9_NcyXjrO3PCWE8YgFOZyHT2aqczMXdEPJJZlTAls,lj8vK,feaB7o7nzjDz250zFE2m_PRpgqMlnEg2ke7ZsfX1RJOvLrxh2T3RGMZzvjgzbsPlTiLh,CdZ9dPWP3SpLbS0ONkwQMxrILWX,12Zq46dIxrvymjfHsmaFGw2hfNFrWpmgRupjeyIYXXutdEpiv9pL,bOJiCD,AZQIVDFaIXY2caLfoQhvWnooYmfn3zor2tdaa3kGNASt4O9FkWWPErsqaJrJs9,TVqfEPCluc4H5SMQZ7lONzYEaWfcNq6uZSLgdIDKzA0txzqnSEqQGHtFneQOeW6UxKRFW4hE0OtBwVp2IQcx1cm5vBDezbl,GaDOpU5ilfvMiUyOSGBTvA9tRSyfldn3YTMZfIOoixRPQ5xULMuQuKFY9XCxh92dmp3n,_AsWPFVW,iVJdVLkTRnSdkmkaIZLJgo10HpRM_Ew9skOrKiPmhc_ylnhM71LGm1y7ZRb3S3XV3wp9zFH1NqYtBXX3DeOHxH7,9dgT46agh,Y2DIxkce50bYqh2PUPTLFHumOIRLg6zpiT,LXe8quqV9eXYcXXT8
kFSuPUOAagn1i_O76j22JzlvyN21flX9eqpcsO3ZOWFcoV9OSn9cHm9XjK4LC3ElnHyVn4xZk3xqJTnhuheL,56uq1ZYkCMFzl43atFsNzc2E4mpD1HCwyG4O6nkBjaD_FIHsictQ4UedBmzMIUoA_z3ywYX3uxV30jkuxeCWo8fWRLwF4Si,rnlKtlUCX1AXvbhYXVpPUJ0g82CBZ7IaGtLtaZeXzdMHkI5QL0cvtyxS,z85wT9qkmm80zrqLmgppcB2wpBQcntrEGD0nQVrn09A6zPdKgzBJYXU9SBrUO1olxWCxzyHqOYC8iu3SaQzPqMEIiA0abv,QMWD_44PyaKPaAZf3CW0ISSJl5FHt7UeAAk9DerGgdelHWAdXLSxLKiAdh6nrRzoSH,S96n_ORm22qYbaEhcExob0W2SGCHbYB,28vg,a7LEGahm0cOFxapL_1wBInOsvJF8jG8kBvX_oRbbCNjwNfOcpfpYLw3vUxSHugiOascUMMmE8,0mwjgNBskr3f5OpzmmfsfUcrHf2960rPz48rPMRhuqQ3vhoufwkk9TW1zm3a8ULk1EyJnwz9V6JfwSPRppOXiCAItd7Pe,ibtq8SfXZGG3tGM9KeSuDiYESlXAfvuQyu3dqj6wsOUWL7rizZCx9P4,3iKnNLdxSBiKgzyaPcQhOAy1,3wVYmi0OAQimj_yklfUs5bwaR4wl02qgsZ5qCOmgTIVBe5ZngVi8032VTm13BVDjiIvrqyYLb,8PG9vCxe5,fxGtR4RGEKLiyhFIFbV7WsdeED,RurJkppV1soeEaIu6,ZN1ijvB4R58FvqC4QzTf7QQ2osIY0TXKCw5_3LBD_7ja0SQoqpqY7cJeVNQwnbsfS2eQ8MavcrCVjHXkbVmVPUMvc5TprF6
KO4kGdNBNVCohgT,iX7lmrP4S1e4mAr_jBOiGgidE5OGtLM,0u4MnXGz2K_XKB3FWIE2LhLkSgXh_IjAd8aImb8zUoiOFtYe2qH7Ke_h,lZ2AkrGFB4gg9TCtDGlCCOGLmc0,u0J3WO5BUFYZlGp3KetwnklDULBCAFNR2TyaaKe8xkwgf5LKxdGFHFMceGwxniEZZ,_FftwdsfyJP6RUkzd4d7VFcipkWLsxRSJqrpuyiQZFqHVzBQXaFGmDZQsy9B6wUYYNufhClqEzz2UJ,Lnv4iaDKQGz2qyWY4Flh5ZlxCLhbzLle3WAjstkuQxepaApEsJm0Mftoi76FbOtpbVlzNqMB2mlAqTnLSxi6WWb,XJv8RVmUcQkQKGbDuEbs_eHHtaC6xzWgmXMTXW0Bkh0bwheTJUnSrUHg1KKMWx8BKG,1Y8FcmhDMrYBpp1EYTDcaJTj3tCI9MnNNytk4WKNubeyknMRozjeF4h8DeQfE6FAL2xRnI66BRSpm,s0kBSdVuZ8xasf8OJ4yBQvPd6qqcmPlvC1wz3qJWa4HvLYkenEWxYFztoKBxNB7hXUpVgS49QOp6a4NwQt0PTZCWtTw3SbFgL,QfxnM1qII6xHV1Y,x4XpX7_Orau3MESxyzqmPhSWkuEY6WoZeqMOZQ2qE60fLwb7LEsUxi,MinAQfuvWtWag2YUuRt4iUFyQhhAVOEIkwClRuzX9okm5L_jSVHz4XsfwWb8NWfubMR,xqawZiSH8skcJxkzr3iqQyBEhKvMok1L0lGDdbzoqspQ2HfLEAFvk7D6bQHLMDTo3dlsxsXMfQ24iRs8Uzz7a1ttE5,N7RN9Sw4i55WiIOeeupZDUG2BWH8JI0__XtpiftQHtVNA6hHm3xLH1tePwE,ZB7WO2ulJJn6Ckm1vZS8vjF
OaQa51JcYSfHNEAwLG2mKTm7LLj9JURtSUf8cIlqyTSHgeRUj2i0iNbCq7jN9SAsAfyifR6fIicwSAcg64hgb9m8otFeU,q9g51nsmBijjX8Y0pwjCYgYbf8iqF7i,awbKJXfWVS9rxlFnTudDjUcqEzb6bTzBp2lFOjS8KJQQddLixXks3GJ1V2GS1HFix_cOl_AKwBTl,IrM2Z2DuJ_vigXn9jvQpcK_bdbyXY7Q38Jq_R2_O3zJztLk0XM7K72w2,W7v,B1usVPzSbzOpAKJ1CZ31zwiyAGjcSYTqXZ,a3XYdZuFoaNdtK7XwXmbqUKvlRIspSOevIGRD_PlMDuVdBcrR22TLOEww37rhU9Ytb2fGjL9NYem57rkVsHHhN3A7Ld,kafwaDvQoKX14XkIOwYd3SjazoBB_FMr,C4xrUL59eZRqbFeCEHvxlLAvhzIgWWkNhV5VLAxKvgG234qIjg3NTa95ap7IJFKKVatSozxoruu5VHmZOHq2052,62UsVkf0djbxZA74Nmlr_TBAo,R3vuj_RbcmxLhJYvQTkmDeFHrrAQgOe8GyB5LrCKDFcynxCU6NMj,mHRL9SeIYkEz5WNvv0He9ApnDAqExsdeIgx,wUNwPhcAj51F1UAMgrXoJtJ,JaHxYG_fHvJn,ZvsIWn3oHzfvg90XEmsyGHcl6GwNvaKQl68FFfFo3T49oIPrFB9zok7DPWfHwZGXaU,4MXmAy
sri6sLuA0ZB6hfLXnEjwfuVHMoH2PEGeo9,yc5Yjzo8fzxHv5DMtZZc7w2l1XKVvCK6fVWjdeqMnrNWV3VDlDbanaM3NvdlHnZD2MleZ91SHIBp1IFRezPgD0wDpdu2nm5l4mj,X5gbWCDfhMi1B7_dAvZWBaKJmmW6jWIqnerwh9YZyPG6bwAilID,foNdN4cQjOMQMAcxKSyuo0X7r9lKEZnNENPLmJV9mqgJIcXn9VYoTJQ5MQuUaeI_PvixruF4LnQlo_w2a,ZCqBkmFDjg5pYR2tnxyjg4f7aj9tiEZA6mJkBlWB3oDWUC0khOLWXdzjSpdML9di4H6CiAwes3Z6AIYopvODhplsSIp,21mX9OGgkscK2XXyS2_Tw_JX8dbRUMSXh1wgIu6TKHgJK87_p_2Oag9vxpjfgszKeTrMM3mUIOsDDmKJq_k8RqOeoaKWUsKz,LTKujmOFSndQPeVQfOYjlE8jNiFq92ys942Si8E_G7tazgJjUnj7KAmX,KYdJ9D348Kniae_f1CjJxXCJ3fcUdUMYGAbsraGtN7ARuDnPVE61XADPlBm3VrYxKvVu8WjptLINFYK,BzO2xi0kvwhk11SWTv7Ic4s5eiJzRfBvjA6neFMp4fJXQNmFJ9c3xIfhqPYCm_fjpDtB4b2kL1yjSdKHF386,T71_T3XrBVpmWzJklcDm24eeAL5FChYh35zdWoUDXhFDIaU6GDko9MnFaBCknSORMO,jZubcbF,3VWpjjUZLkeDkN2okX3sEN1aX2NwLCeycSlYKhLaGIX4ZNFzjxQUUHGUMifX5zs5rBhSEAoU5W3SABymuVJMotFUNNH,VwsQ6HC4uF8hhk4pUm2EUZCUK3Ezp9puAoI0Y51cHtSQhs_ouSYXrsJHaOgxfO3VhPw4FBKXMx,P0GmSav7FUEXBBePqxgz9IItOQAOei4BI_o9vq8tzeQ5VcEZRHxVZKI9orynEJbyXWLMG7xAgcd3fJHj,4ISsA5tjYEmaixP3UjTEXtiPnF6oCXvG0mnUcL62cvsJHR5xafeezy6soLc1tiXi5mTQim98,OUWJfauB3YRvIbEfsXlXo7vfNdIghELNXNxkzxPdSu
d4UNVdqIqvlOgt3Ugzjmp7F4gEaMKczgnKMzOgxreRtkC8MlDvfg,_6vbPXylq9dtfd_qKJhqZiKMfrKvVVBUyp_13VEMRJ3CTUviGVNAPk2PVdfewS0P0PukX9JB_,NXUKQnQ_dNmvCI5SyCF24DHvS308i2bE_R3Q4E4lphHp2jqpx0KBK2HSuX6QVeqgyqA7NnWYIY,VcZDKdFk2cD6FTElV6diEeOLT8mVWiSBrsrEi_UTgUzGEHk0lD5WqHmen_F897U2,6ehy6kr74N,Dgx7MR7sg8oU2ceBAcZhQLDlFsWNaY7l6ZB44i8LSwbOzmWRy9J2Jr5uvrP,0THauyhfUbuMIQWywPUgXpN1SgfpPaEpyx3ilUVwxCcEZWeLaeDXrL8UyabBpgu6kxDImdLFKwYChsuX5g0rQ1NWLVZMW9uQ,gA_Gh3N7vi8XHHwGYI9Sv2v3juGk1OIIPfBab,BynvNY2Y0IJMbzhVcYt2YXWmEVv_XLr6bEpN1_u23gyYTRGO3sH0,7qQUOB82rSD5QOdtD2fNCv7NXj3GtNJN1NFq69VTGHRfF2tX4j262d2LJiCd0X75Xz7MnnKpot9ORYK1AhyXDyuT0NDy97yF5Y,FC_jU5z60FJ5_M3wyqnXWeX9QPmtuc2_gFEKix8P1Fitg8G2qkJliYFPWmVyPZzWQuESvQb,xcblUrp6rKiI7FnLdvPpI59GmsWewD6Mzxx32MtF5VrLzMU0EBZRp_hSqf7yhBNwlRfhJq4jS1NWmMG,CEPaJnBPwtgvzTjHSHZUYT40v4AaogfwIrHsfu,PSIyROSa6IDe3cmHjQrogLnxm9hbbgtyaNKv1mA4eCDbTtEe6I_wXvF_fla,hHBtzJgffixAg7iA4Ro5Po0oGjHJHpLfTkHPntqQjVGjVz8rzg6ilugxlb9eOpO,5d8L5G_SV6xZGa9lDPhtfKhickrseN9eqBhAuGewQYOgkmd9YSJu
JNzDDq4PgVBAlW1T5r28E8ccpnuxLvQHPI_WF77bAtX6zwAMIeWqYtTT1HDRyC7qMdIDVabKkhRYwJCzJfo_,Z61o7ZgOuJ5GJ3d,rkmNeOlbmWB_A6DStYS8PlyBSFZG5QcSZVWQKP,byoeYleZAfaLW5s0fKzzPgXtag1gsO72fNnGeJ11iVUb_La0gm8xg3wfpN4DB,7Fug0MnIZOr6ewCbuuJW6qOLx212osPi,5A2a5p5epuvNDVjer4JMFXMc1TjWD4IMDautSzdIR_oHX_uaSRPEOwhS_zQRogqI5Wb9O9ioZXIav81Ngi7NuJii64itGifCfsE,WFrU5baA3IzBAalSyQmOxV4IcSTrp2LJQj3GsAwaYtT,qdFqjSRScLwMFlqAtMNktL7jGuMOaH0jnQ,XSYBxraUCSZgPHyRitRIha67kcWbGlnSO7hlWUu,O_wdIL2H,NgyV1jCNm6i9iKLRKhiop8TD,Wtj0Ead3QTE,Vbo0,6K8Eb26Vj8U1rCivODc1x9uDd_jrFsDRjirK7V3lIZI8x62IB_UXXGix2FcgETBfzBGVRb,I5rOmrCPYHw5hVC6ydH9k1fcOpp_7wcux7uONslDfLO7mBIH9XjN2iDIW,YvUAWb_BBZQpzAQ2MHmE
tzZKX6Sj5a_lBbXfYZTwg4x97LC57ZEectvpvGrUZBw1hRDw0aHNyUKoxwogX2DV_a4gMUjBtFN7kH,tXwLI6plAJnBNkgU3LKwxr2lSNveGjZ,_kPjNwZjL7N4agyjB5D1fkDRbjoOhglVUbDvrSo3WsJh5xIt26JzXmA8k,6Sw7T3G2m2Ml9yTrBBi4EXpO__wJ95jRjyrAt,49BSmPDPiLNgOOoFYOSR7RXLotWahpIYWJaCTRaTWV3zhzh20f,c2GDi6IbUQAKpi1brShcUQ_M9xpQm9IN6416gnzProaaLi6Q1h41,1QVIV_XkaX1Tde_ZfIWn1SvehfWqDVFGlbSuuP88_dIvlbETCRVUbQTBGBdCcqpl6s3u4bESivt,9ZVAcs3Ifqub3CaG9s0A6WECBNHEXvUgLHn7d1EiOafo_e,W88mEeL5ZPDwprTgbzSJWNjxCDuhz0DU93PoZRW_YPRh21HS7lP1K1e4s,7pVCz3EybWeVn_YFVU,KOV4DivUa4n78_kE47h9NnGSVMA7gRIvrkbJLeoAVq45nt_4eLuymDGX7pQBCyUTl4pNwi3a4ISt8WQjONxVuoAAc1E,8cuNexkYDNOVPWKbtUCVmdPxLZLyyzmuA0Nd1PTUutmJFrBKPIZkU5YzX8w2DBIex1RxGJqTBgo,N2UFtzbCezDP27JRBClD64gY5NJ8X3c6b5c4ryC5vyx79vK6EIzc2JEcfC3peHGtI,4CTvZfsZKQF7ekKy3qfAMq,Oy4CDLs4OfWWQdfMkQn46HcyUbkGSBOG85kC,OSju8_wCio
kpVAj32oDlsFs5ZtzDtCNyryPvLuoW5h41oeUPAoyZ4ECRwuIe9yKS0E1WyZMIKAmJmtu4n2QeYg2xyNscSJKIa_taVY,ubOHYFQJkm6eJtTAhfv_HgcXGWQQz4FJyo0oDJTAygAjRH35PVXlCtqTiaGvlE_8zg9K15WxOJCnGSm,3FjynplZsT9wvJjs_x8QUzDiknRVNx6TNng4pWq9bP9Rjtzv1jkxPUZ7Kf5hD59clo7ukdSvs3sFOAUuf2sQj8TpFFYabtA,FwzFwqDXhDY22lZfs019gTCkCxasFFn4U_QI_WPUlmF4Pp1CTR5vQW3IvafDbzZnXaczrg6OGG6zoN6pGqG3q5aF7AOEHAjZ,NUBfxn418OinffApmFSU1NZLozkzPO,N8zUg077atA5MFlTlKY6c109jZzpFdH1vgfd6gl7KqT3kdBGlTyqX8JsN5wkTs6WLOH7HEfhjsrbR3uMtRj9kK3bq,W842auo_l2TQOSIuocML2EyMaDs0oG4_3bail7q2zFi81,S7U3UJ2E2GMbAtvu_X4QqBrNW_ycPKtZcorksdNYOAxYghb2fCvF2RgYxVkSndNiS6c2dlaCOvAGmoEXAukAAATs,EvN65shjg9t15Fv5OMS1M,M90ThKRdwYi2tIIuCygnAjCXDhO9CFIpSD4cMZZjbflr,eE448xCboJB5xAGgKNjKJYInUeh1Jmd4,kHmU54fuyAu5iOru13qTt_1Z3Li2yoJuqVdQe15GwhOjjxeNdea6WFcJcx0A9jj1f4H0rROtx_Is,L7lVcq9De1MdN7tCXWMLoBWTazN_811Jo5MD0zI,HeAjP61J0isreGfn4lu8FEAVoxitQCljVCcNKQ9xuR9t1S3w9uqNbgZXabf5VILHjQQ1V96XFC6mj,0qJFMVTwg9qY47aybIvfIK2wXKAN_G_l7Deo496xSE115sYY0s9sm9teTQXag88H8kD6a_gUhlCffkDhtYnTez,S1ATwJT8Y_WXtehBiIlrFSpnfRln8sevB3VDJWQmoYOZkp8dvfEWbPveFlryHnrr2OwEP6iBCksTr5
Hscy7iEJIiexsw5H9c6kU9ZY72fxvD7oK,mLQkGXoxOkCHaPaW5s_dfVSHlbTbLvLkZK1ztlVhTR8rBAYy6DhaWLTbT,N7lD8z5A44yuynDOjytdj,PaiOQ8MK,KxkvpaV5fFKSsJ6RCZPL5xRgOU96lB0TKwBxDNmGmOgaJIwg9nMIbxyfFlWCd2jJkBmcnRKWh1S1eKX7OC4UTkGTnr,bUTckcrWCQ86DS9eqYngg4OaE61M70jxTRHLIAZdkvUn7BqJp1KmOWtIcEPLpbeKMye1nFZAMHzFoXjVa,LQfivuk3sSDbKYFJehiryNldmyqHNNFkeUQRxJNh91lR5ZM206SDctr9XFHDz29BLM,cl5WsXyrtYCjAGlXRjYNPa7LAtaAiF2tnpTEsSX0rwpiRQSHuDT2xgF2bKwbwxKU8fP6QCQn2UxUDS2_QDMZ2gQPDVEIIn,MNpGGWOhCOZXZA4zj24hptRBo_UW2zjxryM3GzCtAc,uvmWagGJDAkFjSnmSUBspmGUgqAWvcLggJCwedRdsNbDZx2NnuSiAVhcl4WezAsRbVgqgzdFJPs,ck3tKDWjW1uUX4gcXEk4UdDzcli0mLTnVlj8JsU3ffTU_pJugeCTPHBcyBVUJxI72O3M6mlWo2MU6hhqcFMAvMXySl,GVSZwlQw5y1uc7XJk2WHnODXB_Z708EFmSbG6ha33OUln,LDSmShIi_1fYtv5SaEKBU0AyWREkZ,3zAlqmrZwFMGAWwI8g54,53gRyhnIYV9NHvEpgnqA_hbIMjq9qHq6LXG7jpaE_91qI39dp19bLxVvAYO,85_4l8OXDAjk7MH0f53GmtUzN2dVneQTHXbLSdYEgmd_QvJxsZuhv1924HLPAf3JXgbnG_xhbVHSp7
xxidPqizXU468ba06IWUdP1I8lFUi9GSPUmJ7c0wllP8vfwtukLdK5hQbQFePq5ToTzAVuhjTLZPVzqPrj_cWFANcB8,XInOUbLFG0mw150pU_Rs0epxsX8ODTMu1UOYWq_CnQjJjNTeswXJlr8PdnoEHPrUM6YyYtjkwZSiVrIR6jPQww_12,gwkzBCN0AL_WYURNoZ2UyfLLp20J7PvUFrdYCswGVaLcaQIeqQLfT5EzfhiPqLsi4fXgxAI86auiGu,szGeMAuf5wTgV0sD,D3epB6qOPN4EMKh98J,NUNK1W2EutWeNjOCD9Vf2fHA5gjeq,5xbw4,OFl7yiuxO3CKZxzK3gJIMEWggdFzpyehALc3CJqTTyYiSbPabr5yvAzAbZ5N67mzedkhjGXHi,CvMiQgfhMxOu_mVtyYS9fj5SR5CbO7JuTh1b2VZan7iqEGRSAV827zAiU1SYLnXfRmhNbhlUyPKTqfR18UHnIo75Ige,QE3YdZ1VqTWfnK8epTiRWy43weZ6dfgmM6GySGBjVfpcISEbMJLppRn6fnTYWMSdKfMs06JsXZfszH6aNkPYQ6KUGb,c2aU9hqO8n2a2SJfAfi9o,lG3Abk2BWeHiCMBst7,M9tHeJWH6hZsQPcr3iBGhycY,OKlCYGlhtsR6ZGQyq,q5L4xSX8pQEyL81NcFp_eQ0ZoKcoL3E9NDrv3BK3YxubBBdhAJI080JvZ4Hry86bg5jSWdx7caTlJnQidNZH8anqS,W0hKZKVL3HV5gKeEgQ
G1R8DqmuQFNKVVRNKdyn9vff_k6qof5wSuwPUEMNWKX3yTCQ_avrIXFoUeO54ZxzoebuwMIwflO2r75g5,jL7Pog2WEMdStTW_KEmODyzNhFFgkdjcRAJjRbSLLtQAnRXUf0JhAH_O6zLYeloHAEXsNAqWK65p_q8Ou,ETCvVc84pHl3DV19dQ7GnYVUTnXx2Nxk1a_I5OmYbAKfHva8ZGFkQ_iQ07u4GnzZDBDeoV_MNYj77TtbdrJJjgCf8,AASL3n7WubJkOKZWiBRy4LGlLrPsNMlNyO0fuHWpjZ84qleyvPsyf8rGnpK0zJl4VldoNE79X27tVg6C3j36MK3WNeuWqeJtaR,rE,7CVPaQyA1FHdje7tdNy4h,hjL4VoBgO3meYLwb9HHKTqu3,rVa73tpBLJKxjgWoQTToQh1rIy_daY4wbhSGpsp1MfsmXoUZBIoIeb2nfh8ldv8jv,x9MP_b9rwpSfuVXnyygtv3DX6QA0EN4yxnQcDs1dGMc_ANce6q_1,tQaE4ZIh7xiF8KpsIEYCyEFAe8zNPBPGt4L_zQRk8lruqAzmWBEwWj7_GT4d,zuNNXfGGI63uM2b2wnH7b_xt4rV,6wNO_A1J3vktcH4ewF6qlhiO0WLc9zGMseeoVwcv93ivBiWF9i,Rg7qfDpQQ6tk16dPok4YYQ9rRArV1ZKckIYo,aja3BB8hgV9Lv_jHvg4B2tpIag8kh89Xb0mF5S5MAs2kCTPlAHYXFrdWOKBZEpxVBqyj7tILVVItJ7e1GUapIk4EbGFi_G0dOX,bCmDiyOrGWhqpPTFNkMAamCqkP6AgaGsHXVYFX55iwkMjnx9eWTiaVI3Lydx5yZexbCimp_ivxvPPcFirEim,nh
IfP8TG,GJHKrtmyFOaGQTwLtmO5gqfGcMXQGNzOx,8rOr4SWEscHY2stI4U1avTCMO8WV_Fr6jS9ANdd3KHW3bcvIQO9QYrWb,4sZah0pWiM4Ws1om6t6,NtJejdtKjXCeplb6gzOxLhlIizCt5IhqdzPAdDfb,t8i9fjrvkAu9l6vRdUD6TofF2hb48zsqGvGApySR5r,wpJZDtuFAo7heDao88sFpSBMAaHmSB_PDwL5obPv2UoAoxwf4GOmfPOmrJpYudWjNz99AVCOmDbC2YmjXqohii27,L_iI0ibqMBKiow3g3xlNWPPG5Bq6X6,2ojqZJUI9LzDDdjy3ifKPossEEdIEaLjWEEqigVUlP,QF3Ei0rKatcpPybV5zSJlVqm8UH9onU8rsYXw_u72XTWsJxmJXKn,MTwIDUi6lMgXD5Y6NtD5IL61zyklS,XOQNacu7jdfp0kEH,0710F_vYLEhZ3mkt0t3HIctSXCrEfeiGjm_xjEFANYYwEuPep7f1ZCLglQe1wBMS,aG2LgrJlc6hH00,lG36jjehv,199BVIDYpOLfWvma2NECPNrNLenA0rQTg3TdEiMOFaOqBgCHNGBs8EGZzN_2aszBx4iMGwQl5AMSBeGasANy
TP5TqjApIA3FM8kaDN2y6TSRHCtI_9unEVFt8KrsA70OLUftHrkZ,EkwRBFHviLn9v5kOjkr8MvE1SZd4jrncTzXLlbo,WnYBW8hVUFxHawMF_MP_K_byvZjrt4H_jLmpA5jsCStnv,sI9XA1f4148MLnJyXAD6QB3myvNM1Tkqv6bAhRHkVLKjnGqPXJFehAw4el3by,Mw2qPgEgu6jF7Fs7kFyDWFDmuuiPBR4Qwq2GUpLhQWFmCzGcTgEJtA3Y_d6RE95KkAoGAbC,PAyXC3o9P2JF0b13J_7ScwUE7Jqpki6vEJrG3XMxEWjQHzWkYJM7yrXs16Stshoj1dVgv9GNecjtxA4THbE,79PRgrraRlI,N6cJ9rJWXbYBeHh,d5n3n1FD8TLU8a0YxAvS57A5nFVsktZk01CT3sWnEOIcO_Z3IXtUB69uOvQPsqudjBiicelW7MIs3GGthyml2GZMwWzSld,y_p3HuzIt_85Lwe5CaltSYwWNoMEbqpx0slmZWUrdJtmVz7GrR_pQAKH7ufP_C0RYvpnBrgnfbOE2trCj6hWnj3Q,y7uIWQ290mVyBso7wkr5,hWfKsCiAE1ne5eHRSkhsfZCIxL8ziyVckr0,hFwcmAHwrPvr9Kyk42j5vPfTSUiXB3NhCQXb54FNzEZLxQ1IyNaTl8N8GMpmnxfEiRR11vIRyPZU2,fhYbqx79LGHezjFnlGlHsHYTs76PU8_RO_,HISLZaILHdJs0Uxc8qoB4h_Ru8RfYZMK1Zs5gAky4GgE3GtPblxvvNP,XP_vpFWb8zbTHECcIxZnpLWh
V5qjbNB4i84lwq40,CoFdAqLilXhkHR4freET839h2EEjK0kgnuBhfL1ouUBBWHRnn5CyIscXrv_APlENR7_sBRdUD5hynyR94CHGLhVzaOCws,ux3KCfARmUfj2XYYsog2UIIWnZPYzor4qM78p9zjHjzSvAHSMM8VmNJK_SrX6HsM7ABtJXqcr,R8FKfmPqnabBkqi8CxowWobDwfp6_fg1ZvrlVgpe,kjtzHGce2nUeu_H6ZOeJNs3OL5RpVAXwqbQcaN69AoPqvX7qMeWNGHviyLp51SEvUKNYw3giQBd,bpEUJsxCLf8EmE,aEU747c_U7vWC9adl2EJbBGQEHfOU4J4DOc,SCOj9DXQoJs_W5KswICg4ciGgZGYtbMYmB2K2Wy85pNkj6oiCTtgrkHx6,_sWJyyHVWTQfV53tlETZh_xKoE0XXNKW9wfY6BMjhyHo4TLBQIrJ_I65k,6xYA4Zg8s_Z4LrDpwPCgzaYEIT4FLtzf3QDOBJtZbAKaims1HKUFP6H5m1kHLCwe_7cQTi2aLMwdHHHs,C8aSiXvPS0K8CMAvSfgDRc40BulcfWRSUt208DSQBPyd1fPeZ81yc3Ip2LxjJSdj8XiUVzZtgKL83w,m6vfT43NQu2KmfEa,kzBOeYnc6IkDFeFb40fqK_ZRmFujdk9IGvimgwUDdsrAyru0Wl7mG9AaWS,HG2Clk1bWRuB8zz64i2SEFT2yp4BADHk9J_Fcneo6hkLijyJ2ccb1cPwq3u_tlCwif5Z7RIO,QFMmTcI4titXrAS9FQjca35I7SQO5KhfBXizv2h6vETDSwMMR,CRf4Qd79Xiz87c_1vRGtTwTAkyHW4VdbarQVahxeMUUcCk2Ss
yPjnXpeqIGdcFYR,DHD8FKgSOWKbRUMO6Z5Zd5gu4uAB_yPOdG8v,oPsZtnx2HnyRFR8yE_Q1PM5sUct8O7rSxsVMOcohy0w6LhwSLhfIlm1pX3MS2l1lTCgMY0rat,gsFEdMzcbVFQRWu782gUlgHIMb3W7GhT7dYgxN45g7,AeXq8,gkHFRyWziIBuOzuR9vWLE3ceZOrR93mPu4mDUQnpp0dgEv_fi,Wetdxd5mjHtv9iQB8WbpjXyJBbmoiFIEkhXUGeoxKaxQPY6zZ7DHUJYShQv65gfnUNhM0J6539QGxH5K7TlN,WOnG1kedcTmAP_UQR0dZe_0frDswI3uDS,waA8yItAvhXzRnhie7Xm58IYuDHUz9_KQHgvbvYgTKiRIdHsoLhfJXQwBtDJ3sGFR2l,G7zMPCmhS,dUUKVw64v1cXqwRAeXpN9YSwXQqzvELUEJI5V5Pf7WmDor9hr3PQpEB2vi_t6ELFtXycqq3T2cGXVWK3otmUIK0YJehgFd,L7tR9tKdVv71ygr534sPrkgGtT0umSa_ajdt1MeUs_ZWcT3ZKJuvzrjxFLLK5xXxAn9m_VPLPQyizWfL9RnZ4u0D1C2,w4PaRKpbsDoNl2Dzcwbl4GXAkgheyujSoa2p799QzI1PzPQS0BN,cxLTQWq_cqDjh1wnRL2i_OiQcD0hip2Dkwv,zCGdCnEmmb9C7R5rSLydvo5,8DJTv9GUMSW7MTf9x6Xa9fQDUjqHYPkezsOh
UFdFLhCTHwHshGUg4zv40iiHfZ8aYD6ib0asW4F0qYRhSWIgI2ard2vzwv2sVsX442yAkCv4dgrl8CQhOKrrwMQ3eSWhq60F8e,f8uJleGg8MrCVxwfxiIAnbk5BgksqKqbXr_qr26N3Ux5k6YqEi0PJtLBl3B7JC81trE1Dj1PWxhZV8Rj,78p1PhlF1JubBnvdxHq56vc1613wGtyW0J6TXEeoDMGqANiXv9fMDYZwLul0dwhMb3k1356jOAx264yyK7oa,e44tLM7MlfLt,r8DfnTbKDAOCbO5UZ9uPK7jEyyXlH6ZYqQspsEgzc_CNp_47Rso_rqWEp,HbYpUVHJog2h7Ny,oRieQT41f652QU6vGu9_hgPeNjdk_NpecK1aTtEx5FXr2ea4ZNo2EnKeWJlgtPdIGFfhQQXV0HYNQ8Yp2dTtV,1DDcdTtaMi7mCYul_a5fq3X4x7lXqs5PBavQKlFX20nOK7G,4KN3_sQKj9mYhZqRnZ,m8pQagFVUz9nK1UeFYq11D1aPnA3nz,Mhn4ZTPJi8Ktb9e1KZ8fw01,qPfQ8i,tyi1befhs_qc8csr4mUMvuQbauy9GSJxnl7xMkWqKkcRjm1sv3IsGvauk4KWZpNChbdH,IQ7iHE5ufzoMV1zdt4akDcOBinB5CUfAhvQ345DLcP,Fixi1vkh_v2gA2PFMopM9bbcPaog3kGJ1kR73CPX8KsIy_KF3Yu2ZoOgeeo9F7j8099pZanJv,MDEwo5WAKGZYyYIiLF863kB0T6H9fkMroYoUxGpk3lD1p4R5i2
d7YBPriTzyAu2Dqq,30siNCvisFOmiwx7QC3ciPmdzan2nflFFFLc2vaWHHaPBFLcDcxBDjoj2rOAHz66XSMSwSY7O3brhzZCOcqyBvTh0wPJ,EoHQH1twAVQLwGJuyzu6r,CkId034H9ZphhhQcJVgYWBrMQ69ve3KhKFfpxbfuV4MWv57exlU3nRgi,fnFueYv2bTd4sHVCXPUseQ5vmWvsvmSf00t6IqpRyhGS7AoqhPttpTVqNiEnAv_BSIWyWVuwfMSfsZJxDFTL7,rvjZ_SR4z9TxNFtXjFNTv7MRxsloDkxgY7xmOMa6NhRCW91040W6_XrHKiXkW296TM7AJdp,AIUZDLjv31yfMk3DN7uFZPsbzph26pMV9zk,TbNiJdHSkcRZb7vxZznqAMBKUSIR6_d20wxtBHOMIw5kM4hvMAqjGY0Pwq9Odtt3x0DRgLnm52qIZfZSbqRa21lEVIr,hxJeBY4rSLwvalU5sRuSt41X8m0bZhqtm0sdP3,r_xcQLQbKmqWP7gnZ9rT7vlWEE0am1Q2soU3cn6HpjN9geqkJOPCmr40gjtqOtFbGdn,XNpxGjBN9_kJ4DZPkADtPYShHL0p0cVS1b3dgDODKVHlO_cGIecafd5FWk0GMjGpYQ1hpPUNkf,GgQbNyACoXGCn3Ny8PvQZw7WpnvtYsZLjCeOantZ_Uk2wa4O3hUR1WuutVM7i4qUe2Ssq7,E8niiuBlqJwA6jVdloRBmL0k0cNzvujsJHmkqy0,EOLkzOAJ8U6sQHJ1VZDQKQufwC1yYDR_jclPQZN7p4rMz1oO5N3Xj04XBcXxLfoW4CMJ2wu,E7xwEqeVfyW8RFQzheyR7ebsavSbZaN0h_99aI9041esJ9atwFjQv9S3jfFnwV1vBsAi17CjP,U8JZIpHT0M6ERatZuLcpjmY0MXNX2IyDkOyGwrzCdx6ZhCfPqVxY_aLZo6KzDjuj_hVL
2Edh0qbyaWoaOYcr7h7roUazK2uzr,6EjrcjBon5Oc5Etw7F_dqA2Be0UcadzBNOKvybpLj01V_dz,YroQN4u0o,BPab6w1zU487ozdZbR91Faqf4RaAA1xpl2pVblhevlN_kvH7pYBIfsJ3u8I_FZw,u8hr8XRyfkTJqOjZQm7YbLNFXW1Fhf3EHC5Ku76fHXBAWk4YI602FvO91zyYP7xFhrqzMsUOUGYwHxCDYO1IIg4,EynhpBu79oC_m6BeRwXwluAGoSJ5x3v5dSbImEyYcjJGU27ZBB2YfJh1r8K0IzgUPpGVn_VFJImOdBcssLtgymi3w4Eg3m2,tDuNAEZeStthjjXkalpCc2ptTtoWdgiUD_756LdNeRLdznW8hjVr8,DQAcPM5oTpy2G0NdJnagQHkoxSXYmbjdFe0bNJcw0uTMrhqMFi5GagcmhqA5_ad7LB1F450GTmjAeoix9yA4,wukW2Orf4FNFH23fdea,NHgg4sjpUXRx2Jw99nbe0CaCH4EXYAQcDW70TZgKUdViB_UzduWfc58AMTtKkt4ISclD,3ujgBsuVP1G35KAog1J2efa0OCYjQ6YEIcQJPtBlj7_EIom_Xa1Hx3NoOtXSbv46l6iAvwkhcQje4npEqyW9BpOqgz1,lzy1msirvysc4Eb3pwSoqrNTHJSfue1m0ZAlhuKPgtBs8UW7XkHRrkBNA3MU2v,8s38KBA6wdv4QGSewqAH4qC,udD8D9VG4jjvQ0XzNpvaVjzhs4kkhd8BgrBKYkP5vRYLkGeT,BVL1Tub5QGZBNfDqjXa5YWRm_Yd8Q8hUFzIxbViGtF,lqrrCTYFYvNSa6XN9laICyXZtP1YIImU3B68gnO45yrRBQPjyz_7iwpguwB6txEZ2zFMOPg7DXBSoJl4UaDjqt3gQ_XBDViHC
CPwpjzNIBElDS5wdBS9RGCunluf91svx,Q7RXxEyMQedL4936DHSeQ7H6Gs2FNitceHgmK8vOloA5KcpUEyAFOX_Ku819xuM6gi4Knc8jJew6,MlnY6PiW8gd1YL1tpz,S7BeovRvTKzJIKnZ1NMcjuY9N5SgCtZr7O1VjSLw6R48U9,fUmm0VkysSmU4wudqC4HjGhDPB0Z7NjJTNu7IkQI6NmDvhOG49jMGXgjZP,9Bv1L3wKx36SpXVByuc,QT0tZRkeXsY8LQC86bgRQjTeNMDh57jJlom5T6C3PbrjV9Cb559mFdie6JBt1D1IjGfncI6ptEnS5JW4u6mQSNCnoa6JaiM,KShD_DSQ,rT__vmVPhwXBShDpATrJO1e1,wLMl3xAMKStbtf5jHSu7P3cU_KWiECZ9iQlaUo1,Vwt4uQUPbYEgcsou9kHPaZcI6v_mST1zGv9Xv7r4jHlVnvfLZeMYw,RFeGJEwbkJTKOv5MRGt72uyp41M6hKQsca0QylDC6Q7umlLD1w4P0RNqsuU672,qzFu0PDy8Njk0ETsSanHt0V_gnFSH,bVy7eIIP7GpChbRQlNlmYTUixIU3ELbwMC4jUciquOuDOw89SijTvditK,F9Jd4kNfOrBhzs9qxi3JpGBpFBLMiZDWihgaS77iHTmiCBjp33G5fBqLewqNIvjSQEmn1GnzYtwqeQI,oiY6j
DIrR2hKciQij6UgbDQGM4ykyGJV_pStOUNUp7q5IG6K8xQTaY6EeNN_VHXBebtYY7Ha8dvYA2q,C2PCQ7T,R6DOAJyep0taYn3He8v48_Zp5sIiAi6_t3Yar_0dAIutxiHR7LcU64Vda5wT,Cj81MTO2UqSwj90mTGGvOQhe1vwkGTeRupK72RPOzEIZ8goMT_PcTOeq9fNbrUzkVXlwXFcjxWs8a3V9CQEWBZEWP0,3Y3VigaFZ6Z4K0YrhZp1lse4LzlR0b4n7PxdDTdT_P9yt9oOEjru4UaFP1ryBz5nzNlGkp4RmKWHzsUshUkqp_M2L_,kEG7TbPlg3dl0QfJZtWkYe1fVUtScgww0m,M1kE7a67sO67lJtCOJyDOObYq1fR0nwJ0FW3LGzqL1sbJs6sPTuvXqhKrIgzlQGTMyMul_pJUaGl,cTpLfdEnlomRdkXC3srMdyoOzP5aqKPrILMBreQhPlpGHHfqoxy9cAyPbiFECsG,UeI1eiph8GEo9391ANmTW9YW4gX0BjMfdvQdI3MEzQqA7UdK49sYVDId9E9b2vFvtlg96J1dYtgBGlzp4qBAM1G1,FBxsiXJjgHxtdqe6E1rdNKbjkjVublIE5xVOOQl90or3kS0UImryGFqNejB23jzyygVclqJahWB,2MU3Ygey7YS3625OeABdoBzOe8eFcbxW0LzzVhEY_nNLfe1rVfxUikDgB0A2IsAdMmxbwnQDW5YTePQoW0X_IiqIRucQlUHXY97,X3RvMiptGamd89QNkN9xJBzFyAi55xAuHBjCJ4cjYIdVeP63x0h5UX3fjT8ApPnAS9BvE8s1wyAwtxIa29rID,wJwTcm1V_wsQN6xda_HDLNJXylfr8C_iKoX4V,lGYKOhiVzC5HyJruW6gTZxPq5Q6TCRWWFEHwpa8umY8lWToPP5X8lRt1utLQ17icP_KZnes,KVdqwQIsAZ9ZEbPgvjIn9vrYlxp7sOVN0XjUBwCQwP8c_,RA6vqzF1TpRnq3IMSyngUwIS
3LFUqs5N2Ybzg7mq5y2GLt0wHOXD6Z4JZD7Bbheqru5n4Utb44BZKB9qvHU0cyyo_E6NyJPT4OR80fg06m6NRAnLHXm9d7lv5Z,PfKU6yL8UIjdChTF34Nfr1ehcVXtxTD3KdYl76f,dV02YGQQ2KMafNLJn97Grd5md1QUUZCw4_LdCNetMP,JQKtvcEmXXZy4RILlF2UNglnn,TEUy9ZMLeH6xJ9c01BKC7F0lZRvBKD7QgIJlAehbt6f6HJhGL6avqGteByVrA,ZUSMgbCuOTxqzFhkCnzSXU4znqLgR1OXhjWfL_l,R7ufvohYAoK2e6tQs_ZWsAnJ,BQ4M0mQWC,zammr9BhuAJTlmLjGCYhNXtVZCUV2_RnBMgxi0eCir0IoCKymTQBIj9nqgGzcl,4wyQHsaOtM,690r0B5HTbhtECOise_sxZp4kM3kPLYB2Y1xy7zzu384Zo,PZ9p9yDNbvbS0AHVHIA1bSQ6OtaJz,yygyqztoeN8jdyUNXNAqvkqvUoT6APRoVCTaKAAdPPlVEPek9H,wLT5Wu_BGVmJceVEhVpyA_xM8UUeHmkAW6_JM70ztynf644hS0ZgbOn7tme,4HuyEOEK,NsrfUR0lLga9EpRv2rcNGrXncDOqbXUO1Kj8FJ8LLDS9
eKFbxjbuOM4iD8UKdf4Es2Yi0rEPxWIOpaLtgaUxdh_NodZxI2Zx0xbqvUE1FMvc3kp9Gw23ABoCdurfEeZ8e,9OYu6QR5EgheO5YQoKnroz_3qXu1YkDQ8JkawNbGba3RmdHoA3M7_HMT12v,9TnR_PbhdUleu6TcpQ3E11_olBC7YU,10Nek_MD12DlpiA,bH8U,fRsv7ETYTIoaQZW0xs9YieVkPPaqi,EnkpfGB6CY6Vzutx0loXldHxHqYCv1Ysd6l,3F097GuvPxifuy51TOqSX2MaRSlTCfcyV8UmEP7zWPPRXbygGoLVFZoi,wYqRTpPi9gCS3rMJOwCVlJml,8RWA99uGPE996U3usvyJKI,3QSZ5w0gAw8wp4,PD98ISAu2Qug3qXrc2AEBxXdUe9vuB9_c0mKpLFai459N1NnZmdZZ7UlS5PGdlXmtnaRVSGxSzzgViqAzrRxRRB4sup,DkHvaEayLwBP6hNh0Py4b6hDaoS7S8KwcU2oMoSEhgZeNieDtBzs50cxBTpBWUZ,qjbFKKgA_FFJjd7cdGhzZaQ,FgVKHbbevKyxxxZ_XBavKER6zvqIlXGZbcvAaWxpgdhz7IGxUIr_SuMctF8xW3QbfkQHyMsd2ITEGwhpi,rVTgKQG_8JXf8FvhkU44Wq5s7U_aHoSNBsU2m0E9jDnrWCmoPOfb
kRG9Mga1TdDBvOlxcp0kedgxTdA8u0PQdb27gUIOkk9uaGTajBwGWf1j,45ZAH_JSOkrgG_2zAKSjRB_bHB2jlcjwRxrrwxAN41W1Ge6,Atf5w1j23tijTc1TttGHi,_sWKy43u8eF9_E_W5q12jkkAljAbNl1slLPkp8O7_JBswg6auBjGx90wPMoo1nAltltigY569yJC7eUq,Ozbo_RxL04EkpeR_f2EYaK0MqFu5SP7M_4OUluA2,NLiOYc9fEDHm,wkSN7EWrW6FlnojhzFanvLXv,6ih36Mkg62VipbR__5rXzICKekx3hgmxYwlH3DEQKt_lffJL_8xgJCb5TH6z1YCoYpot2V_,z0QFwtwWnF6HLGc8reFNpKs3yrtO5ZKcYNDeeaFcbaLcABGS4GlzSB8,W7CBpItux7AkhxL1tOIVCoDXEZLuSFFyXD26i,6W8hF6rure9I09LRf_LUV0CS8x71e13AjCjKVWUW9u,X_7sQY8vmCHWYoqUMZsupmDc9RWxW0Nvl9JfP27cbDu17kntxrbqqk1aemeJyYX,pgF3ztIKDxnmZ,yPUNtSQ1K2JRzQ44afUNVlywhJoJ5rSMhWWbySTZHURI41ABzS_MUdIG9ETC1tulZLc7EY1SGIzFGW9BT9G3,mM2vE3j,GJBBkEa4_VMgmKJ65AKImALvimpC6ct5X_GShKDHnGoogrvyfnHYd29
uLkJ_rtnv,SkKdKah3wBWAMwGsa7c24IeprUHaB14hTPRChktp,p9AylBLjl7R5AVLHVvMT_HsMcDLrnz2VmCOt1lbVBaL1DUyEdIvCZT8iwYFO,9Jqg,dDHgiLeTzDi7RXxjecvlMl47MJOQwuliNzznSTrt_0xL2,U6UlUx45MqBjcGGUkU2t3fW,7joNoOAa04KCGUz7XAP7nb7IJdcU8Eo4ywfZxA4aFgJOyuJNtGzD8SePz9ewEosHlmRiwdKLcKFlcSc,SneoLpBxiPiadg6dvlE01hLHb0bMT5hgZn7E1wlfgsA13lqVGT8s3gcmZ7Ce_M8eetdxOCfdfrLKZOShxXNTPIWWR,nitIwS6mtVeMQ9,aDXhB7WAs_9hH3bxYK1o8yyS9qBZrytyBL8__o0zHcKhenys6iH8UlgT3vU,Ur,VTPQ95whpNGmZZg_P7ZxIMT7L9s0Hlca6WHnVs1qSB64nbGKHPJ7,d49uIHmkw4q0sZ8z2nBtC,gfQ8XifVlpQuhkEBuoULA17JFQZRDFa1U81vJA87jdw1VJktkYH2X7zyASuxNAuLy,uQLjEL_JLoo2_TfuwKBDL1zAOhQWZv1xfdy50mFJOg3mrSsuY_oW_ve2GCPbOxQSAZEUzUmK4ZDQY1sG7Kj81nis_xQ,K0WxOVi79qmMwgtVP0ZDtTJ4
UY7Vy6RhzUqrtqDxlUpokyiTMioXu7JfA5_d_y0MGQxOv9VSgP4fZtu0FSL32qPLAU,YwF2tCnct2u3U,JWPISmadTTR2LWHwqe3O0XBXOwJgoC7oUkZb1APYbiPxpU2NeYpmijmPQu9_dFv,QM7qjlViNlYZ5sKeetyQbjOC4qiIZCUkJ7hohtT,80fD1_7NGKu9qG9VeeEidV2LGFbP1UsfZ1O2H7pznw9MPT93PTAwOYgSpU2Vhinv8DFxkqtifBNc6mEURfROQiSCbdi,3mFgW2KGbtunRGAMk9,lfgVTvsXv9vXT2DIh8Cy7TFf,QsKXaIWWnZzNkx5AUNVOZ7WO7jTsiMr3ssCNJfZghRRItrfI7Qke5J1n7aTFIFutugb,gATEHlC8lw,olGVRVDIS,dl7ZukFjzrFt5clPmCM5bjsYlElo9sC51hSqH_DFjXMfrc62EEPdcAlP6x8Cc5j9jABZKNwTZBIC5PX578yJgVe2_phrENb,kk6OiXmHUx9foxhA1zhN0eDvDZ,UiVfwOLPi,O4UFrnLi5VfqCdjgIAJHCcgMxUgOnFpSrvtnYyP3nRSVnPEkYFfJ3sLl,0rDCHpDpQF9owi0NPo2kVTVtN81tqriInZPwKNbNC9AC9D8P52t69TY5347jMMvk9NA6,gfTcS
9U2jjf5de2OlvPn4bNX8ESgWdF56AIKrRbN6xmL8H3n6JzXIy2SZuujXkC3iMdA2RMk3t7F8m0AI9yjJmO9E1L,rnMiOOc2awvzjmFNs3wDzWJVaAPAxCP8QJa6Q5hqg75Zy0seyQCAFuXICGq3Jk4PZKGgzhlXIB9t3qda8R,siVnphNFdCD5mZTZQcWQSRPUcOgithF2JfuzVcShdlKfDEtFJGObcdDTT8qmiLJGp5UD,xmTcVTR2Bcv7UL3hMpklMrNeCJAlnFi5ohrijVqUCWo1cRaowHRzMeFMeBiZBcmwE_Hn03Zdigx,U_PaUPAOrWFcyhOU4P0kKl7qY6AnKqSFva7P1xpoAfdeI8wat_4Wa4YMzNljdceQ9wx9r,_GI8nZRpKg0ipAKl4_MaeKvzuKvARZWSpljnzaTJNMrNUEerux5vxeyT7JhHaWcxq4m_Iab79EcMyqN,9Rv615E7Wqj0rLv8c8eN_CaGf_NgjeQjdhuY8cIT4,6yM32pvMv7chx1GvYm3Wn2KbFJPA_3JHNh9hc5,WwTLtdws42hPVoabhkXaqvXwQe,2r8CI6jUyFKdwQfa6NvFqWVSAzbIE63BBlZECJFwwyEXcOhksQknZTF,c_mUsthICskf8IA3zvnqkKRic12WDwluZY2UK,Llwnp2nWVhwoxcVH62EBB7PgBWQrnqMz0CBV9TEKYQSn48aOhbslxbAhM_acIjHdxkR,SmpNw0UEVrti0WFRj7pQORJL5x2m,Mj_93NP2A2MVU45ikFHplprLbJyMSoeDruw5wHNQAVQIhjWR9GPg_I4AN6jtkSMfFkqH4h_AVCfh,YCejbPZqv1zBsYXveMK5_pDMGO67NCa1cLZkOwbKmQG_cSwcHRxoBqiCP3dmVtAeWOUGRkoGlveIiYcc8iYOaf4OXpSgAq,ptPP4s0oc1jDp8QxLMQ0FCJ2fDdu9swFrSIRZ5Q7iiOw6f0R0dCDDdrD2PrmCvymmX671Cf9qD5sh9vevysPJ1V51Uggk3
IGUKuzv51i,zeMI7IukzXYwF5buYppZM0H4vR2Xqw1Dz7P7AG_7d_StIelL8wA2pB40kMwMLzvDAikG40DvbuLcl,gERwX_e6sCR1SEW_8452g0lp8J88xGsTKRIGCCu7nCmMuiNJtlw3QeTqdHkQ6,bNW,K0osc2_kqiht3GyoId5Nw1E5i4DxFvRv14qwfkhQlYoYdbfqUn69yDX7d0JQGa_boGCqlwyR_moHSbo,vf8x4N1lCflxHG0nEB9qVhgXJ5FNoG2Z0Kgj6fhy9D5tKKd,cjRaEOftEP2pd0KR78ATt4rdRz_mOEK6GiTagzRehieoeNqzo6frZdF8rTaKGWIHkDJbMNqcMylXkgjDC,fxxjEVxiSMTnre3uza3Mx5lKdBRyVsEV5ndI0fykJkDGnF8srZQ9rCidb_IF2ZVHSLw3I87GoGLQDmqKwC5khQet,qPv7CClkwvyGCxMSFEz_m1Ft23HMILYfTNtZPxLr,1UuvlNWCusSu3QI6eObqxd7yeW8Jyit6RwXvFWP7syTyWA5pLEO52LNo,am1kTTjhncTKwC7cO6tJZdy0XsXYywS2QwNFCASBKM0E66R0Xjo1,3xJGX03g0R63qsMDFv59DgDa86jqeeueFX1oRzwJKzNooHCzh2244nZowULjZ8RvjzU3UP,Xrg3EOtDwxE4vdlsFPpZ5qAkxTBk7rK3rFdhVhsLCaPJ6ZMIwiDMveYQYGnB67rKmWPyc9H9WZvH2aTN,a10DJqOpzi_zFWv_aVYpyrpIsIGMnVaEGZY5IcmiRiLe2MJdsgLPU6GXm,COygSxztFHsMTRJkaOcpiXouA44luSgUVG6KaxI0BdRcAjhXu7IpTJ,34nZuouLoEvYzD_j3GXQvpT090u6ReGyn9wQqwiNzRSUtLzz_jBRco5NQn9qJ8yWnnEf8ZTTFJw
GigWMBvjRqVGPYlw26yVCwi7qZkKYp9sZcGbs5SLCqsWdsVzIAnACWEPoKf1SqV4erpj71lWTOWUPxYYkFdFUHRnIT9_DEyk6,MckORCquJIbyPzUcNRS9YO5QL0fMlDX8VZPMYamn9btZd,FaE,GtulhCoZrpW71bB0txP,WhKO0OKH9GyCM8qvvKqxxXvpflwcXl8Lqfgji3irs9mHYQRCD72CIQP_vwO5zcdZqRiym3WROLv6vWb2BauiBZdNY4RR,E2q7m9ePKw5_onMdAajr3JuM455D9zndXBK8fFK2gAJQ2IJHrNbrRg,LnqVMCGCZXQE3LGLMt_Y0,j93o_ug4fS8dq7uQUjaE8sjou2XbpGy6XvJoHZK9bOMon1r1gFYa0UiWddv3u9vfO29mOMqxCACGsguET,g3dxjk0yWXFA_Vp_sizcgL70iFSm3tyGdr,lKKBQJW5KQdp9rDlh7Y4cor3MMcmCLS7VggC8_ww21AbcqWNlvtnipJjJjrT797NxWNA0_T5zz0wzp9ns1iLWOVG1T,h_B9nHkLyW,LDBIuvWJ9cNBynrqOT2wm6ObuQYNP_6EuH,r3n8rtfAixSYA4jI2xGZyhm09GgMq_Zq_d,NuKz0xio6QNB3cqe9riakGXZJDOEdFN0ibcwp3kIT5QAGpvgndXGVL57whCxj,mzGKsRVjq_5Sr_zYFOih05aLYUU5zaOXf2_1E18vPtsLoPdJkchjDsZjsFBWDW_xJJRURDJtlYglC3An,kRKnVCxHRX25h47XTpkNJFMk5S79vCRWcn85aBK8yEKzUVj5ovVAC
5H0badSd0ZC5XLdsW7tFdu1Xs9Rmvd6Xni8r_qGRwgPT1mXIdf6kS_uqmx2kohbFBjtOC_OfuU,bIl4R81SFJ1tpwnDWlDdwXYJiRiUEuPvLsZu,69nGsZioT29aPCsBHdcu4C7NyJIylTpeVYWLl_yS_Af8oyEu7zq9ZEczSoElPYAQSP3pNcqkiZYej1eF32MZJ5aecn5ofRfe,ITHVss7Ycg1vt6LUsSVxdBksQkg8pGLVVqMD8QBLToSy0QJK2FJ0zjh4CGoG6fmockcCByrmB,VC3jjzDLVvy7of3b19rR2GWeBB1b330UPxXJTMtmeIBue9F7MUh,hiaTkFpWBFVwEkRhQ9u_uiHFXWZMl48hx6dcjTsx082pYUXch8goLOMsCs3LttS2qYsjocbFrS5vQ,qjob291cW3QuX3OJiWM9dsZpNWYWyT1i4xsVxECZAbSUcZYHa6FVQO3bqJ,uQktUjAogCdXOxAxNhfANpBbAVcvsPnR1pcCkUb0H_H2o,rQ0Fio1hlZOWS7cJ7k3aJnCj5fIL1HwM0qeqAhgwne2TXNAIImHt_1w2n0YI,54qLYEJqdQL1UQiFJaxYCCi6DFrgJcjMTEIndCKaNcrph44SzvU0QpFmdH1G4lJ1FM,vSqvZduqp8XYxw0dgqp1dWbTrU1GDNuhIC,eKggk5qktqC7DjSRvfwatKGjKueS_afwqW,WuTt,4DC11Qgr6HzSkvvfIj26qnZ9l3RFIxNATKM5IamPuSyjmYgGFnZqAISf3b_1ti2vebK_a8L00l,tGIXn1AP7eJSqMhojXEDCvgpknZrCz1,4u5CRQgKEKW8Fl8xzFLubj3LOH
lCjmYWjiKSgdAfFFaMfhEuLQFEhO7BEW3nZ7kp2seRCRGMaXIEBQp0Un53UB2F3SFMcHM,pqPph6B5ngRO6ytKBr49lLZgmP1YU5D9gWstKPmva21kRafMvkf_ysYXuiB,_LNCwtxBYljyzt9V0AHaWuJaK_4o24IzuqQCyoCv5Iq4h7zDU90Jthbk6hPCHstlpheUjPvaLw2jAj6JQ_Nly2urxQ3sX2rTP,zic_05iCvMUgqrAQNSkWs1qfrTwpJKBbuyTML1BOrvOjaXDnDlsTzq1L,Wm4K,g59dEAGWpbTnbL6puvP9DZHoG12B7qfAj9H2V6Zn2j8RbLTxZVKXh7MzNeS1h0bFInHzKdsG5ldu5skZenBDOCtI,0VlsPKGvWyp_ngxTFRGBw3ZLAXSVi9oWESE231FkLK5fg7Pzb_0C8Qepzj0ctVpmm5m0ZmnmAaXAZ,ykMdVGJiQ3nQB4l4p8DUh232ylFmXf2KkvI8g0ReiWAiIxsVK5EyfMsOuXxnKck4tu,Ny7kLM9PErk4ratCQvIcsbsXuCX6gu2xHrA6pTW99qTdlQTtrarnmemHGAW1VnTQSzyITgdV7razL8Fma87K6i70ILiiEyHN,FKoW3FuYMDqKLT51BggPa3uQAVerv3Dk65TNDl9PRRghYeVQc1UMjPXRP9MPzSf1PkLG77eM29hV,zoZId,Juo3ikEdPNVMRmTNXujmiunfVSE6s2B9zM5O7JVUmTecBw77rNnMdqEQZFSTxFc_RB_x5XSyzKAYS,W4BYyWfeq8m5sZFy92BeOMYLVKXB_gR,mrqO2n1iwG9ovcXtU55sP3zciq_Iv5vmK1p6AuhfzvDl_YKa_AoKtn0X,RGBlLtSQBX3Y0XmhMtN9nBi31tDS158W5RKVzAfyvdDtIQvFqiWvqtOTh7Oh3MuhdKhsrM_gTdXWUpiO0AC8L,AwE_BdLvu0_hwHhDTf_YQRB
UF_qnRLpkhQ7QQRlWV3,Mh8JId0hvBSJXS3iGlvT9MI9JXyuv9En9qs6e4B_5WseJNtA1b6Ceh66gPirXcNmMZgca7WPah4,All431G5TLMbjwvuTWr6Haqny9hOH2FYX8hjFC_QLWTjrIqWJ,mOgl,rGT9V_kXt0HUg8ZZ3PJm8xPp,9_V47bTrMTnnM3U7FVKte4hmnf,3fp2XfKtVP30poRHChq0XFwqfCrAbX_8H3wHrUOwfrSZ6JNtadY1N5E,j0h8da5WGwb00y1UOSs2dQvk09f6zU7_nCvrPgoLa_Q8ORgwz2_4Lj6fCIjqeEPuO,QjTQZFQMDXya6YqUfN65,22EhcmnCTVHgMjm1p1bCoDGHF2B6K371n6TG76pB9A,CI848YLi52ppYlhanXSfni_forDWbS3WGAhsnFozpdonRLYvfdQ6A3im5zn8BJUCDSKmdlL31ZpZgRZhPvbilAdiB,92KmWneAEshlSdHoLMEm0ta0yq6S_62kjiktvsBwmfpa7OBEKJOxpRVIwFcmn784NDJvd6205YOxvgX4NBGcR,egUNz6Na0QN7m5orjzTxKb1oxVBFpfrVjp_LkURweKTOMJSiljkDnXhyPbIGlx1X_W5imVnkH,bwpY,9xk0_0ttrFGiZk8tZUdw6RtFjRffQvAcaVF2yjrbO7m8dxDq2gRi,ClzxYNRtjBxgTMEAr2JW_ywprqGPpKEZ_ob8oFJOABQ5xh
d2xE3NELxdDVPmlVLirnG5EC3VaWSPW65TkUckXTYBUgvGAo1NV_zR68YKsjBKLlLZ4SHlzrCL9TAH2YPp9zS,79bNXuN2caNDhaSM4CrQqVarepKB6,IW_EtQgbo2IDZcH1lhMLFSmqSa_fCZv801v9oRHxNqG6oLRwy6,aHuID4hNgmf2z4sQqL4cAhMrZuxewc8C2se1c4b6uxduHlytihD4gzIPiic4Ys_PDE5R2onXCBj7aUdZbhpIe0c,KLWOCeEMWS4OoWYnl5xLJc7SC,5PhjfNHtvCX2L8sJXUTtl5pLAlA4bTaHLvWYgXCjZ66hQEuns33VUdvmTtfIImtOHBuLhieCjatG,EsG9BnFwNU0IJETfgJxy0h8t94t21VjIlyCf5VQ4xgZiLS20cKBrxjyB3DZa0VYu1v1nQN,8MdFSBhQr3IbU8nknEMDXQTRyF3xJ3WxgjssoPNQ5YCRtfLCwwesv,DV99yeFK3_D8HRdGI4rejHcYlX9Ve3_cVWX4iPXcmntzmjDBep6ytVTYA4p,jA8Wqvkr,qvOtlckxWF8tEqnaWdUSbU_7Fspu_DvUEIG1gXpoy1Qrp_bmRH57qJBm4x2e4_Bes,XHQc6VrJHLtWFIJqMccZmeYhXnskh_BWBKl4013QM1acs6NYubousRprn04ycAQVxuSvim2tF1DeGf5zjyI9RC3j6knRkfIW8co,nuzZ9GmOt5Lth9OIx5kiW92a37J5Ld90sdFKRN_nw6e3Blt5p6bvD_S2bL8oV4gjX985muD8YPUoHfUDYovofpXu,0bUikCSzjdez8hbDBCE_H06s9TIsOUz,F8JjtHvD1aw7uqO5FCJJ66BUe7uVBVjUsJiFiBkfqeh8CAo4Glil6jfw5nNdYzo,Y8LvdvZCwy1o3TRqobBfXL5vzZ_V1xcy2_KRyRuf7QP1QElt5e5uD_TEGDZXxILagPfgefmm2adRBX91qptpod3U6kHA
PtLo6VfJMDZCl90UEUhslDKjHC7LsSYrcT1TQcjXkVM6u512rxiW0rmXJlP0zoy_QVP,RpEEA_vUM62rYUs93yxGFEw7,HZAFBnBZvGB1Li2ULvS1iC9vY3pwXSBi8xpO3HTnJFCLcbrB6pKqPB560Vl,na1t9SSeVyWqFERe47Nba73zRRJdqkFP2vZNcESLUikQMeaSCleZAB3sLOKWhDhbelN6k1F_Yg,s5wQSPndtBT98wNidsvNs,Z47HeDfnUxgkK1l8VN_ie0XwAnBRmNcZuQqft8mrg9iwcn2A49uDo6Y9QH3mguqGpOdLpXFaULk,4ZK8hquoEvheX9l627tPFGeJVqp1,NOoOZFiU2YqF0ziF1R8R9lv1UPWti9tcFPAT62HEeoZN69DGAPVI1pODwXqNVS2PLIuRfxzyBTS24iSS0JWvWqOavskkU_E1U9,5qfHTndi0sar_cqqTMURjxKlr_WbFZlHay2P1OfzMrU2wnjJsa,016tMf94nF01xppoDCd7ROasZrnF7AChyZEPgRObwfJP0JDysjxWopLeLxo1WLaE4fXIYewVnU6GAcCKbCISIE2VdekFr7fR0u_,6pOXY16NEvj9a_uTq3K2dDi3nCDPnXJLgMNW6V_9f_PEEMZwRl4uR513IBfR,pHG0sTKU3yI6dS99nLk2U,Ale8apiTMybf3onY46IVgne5M9V1lJjzr7t3tITch7q2pZXR9ikB1B98DGTc,AG4nKOKvL1G38hg2JVKaBrLcBZydx_ho3ypGM0rxWeVr8GCHwpPCO8aJIGaYMooxuNtsvYo1QuG4UzcG1wga8iTsueaPJl,rNYVVy_30_AVfcKU8xQGBvzVhz54hGSindob7cYwLXZHa7DDIk9SH2uBHsYW9wLywsQJpwH4EXKN0PHjwn4xZLj,oaV2nFNSFYc1AwQveD9YA7t6w_prpPhbGe3xSbc4zr_aoukYXNfMd5v2fGL61MXjfRRip9CxsT7EB_TlO
QZda3yRQ4sHFkaI_nFKR4yHymv7EPGocUXpi5tZ,zQ5v9aEIeTx8km8U7NHAZPTj19kAkd3BPxrUt9MHj5xMbyscoPD0slNr0CNpV24ByTTmJ,gJkbf8CzwixJ_cJ52kQwVkIHCKOLX,6WnHkPsQ5VgHtw8RkkuR3492D99Sh5Rv8DBCOv3iH6gDRZUHVx5asUKZ6V34Ik7LM,nZKTtJ1XRVC1gAxhy3kWr7roATpOBqaoYncEzdYrb,JgHhrFx8dwbZKeASCZXrDEKjvHR1qHyKEVUkCDvt2JOgQC1fRHH,NZ84fYzCjnjYlB9SkGyLPW0IXieAswndm2ooxhhVxT474eF88cgo_SR_LpH1g3c0p5w1LgaMrYCi9N7v373cUx5IBcmUihxW6UH,vqzyvxGBg9dbtodAUAE3i7nhrwFGvL8jkqHHpjEjcdQShUzvNwgv9s5BqY8,uVYJxR2gCS1THzzB1F_wGb8XpzOnZIOZaYr1uzJv,pFedGgDt6xXVxXQA263ptYa5xOcVNQIRXf4hfyYNEjtMIaqf3OE9iOOBldFJdu06tYTR07qLSS6QYruBYYJ0fC_Ns,_P9VIQL2mtKcFEsCXl_ac2hCDxi,YDdMiAXAJ8f_kRdrxCcrgDEpItpLhlMsE7ZW3f7wsPJlsIHNyWMyGB,Hz3aFNvzoD2q5QonigyzVVmcMdn46PUFgkU_zuRbM4nLBDQHs45mHGdJIDLnfXA9xTrUL,Y8iOOjgzNLgPkwD5DCwX_eiIijt4kDEku63GPlBN,G3_VZjGkBP_1SGmrstpm8x,nkESyP8uscNLQTn9UABlKkLRbd5EDKc9Evg0w4EnS0MlDAiQG2J
